Temperatura_[°C],Humedad_relativa_[%],Precipitación_[mm],Velocidad_viento_[km/h],Riesgo
6.273,63.0,0.0,20.780453,Moderado
6.273,64.0,0.0,20.380579,Moderado
7.023,60.0,0.0,22.530937,Alto
8.023,55.0,0.0,27.193705,Alto
8.672999,53.0,0.0,26.400545,Alto
9.523,49.0,0.0,28.082308,Alto
10.123,46.0,0.0,28.808998,Alto
10.373,46.0,0.0,26.341572,Alto
10.723,46.0,0.0,23.623243,Alto
11.723,44.0,0.0,24.087738,Alto
12.523,39.0,0.0,25.277023,Alto
13.223,37.0,0.0,23.110205,Alto
13.373,40.0,0.0,22.226902,Alto
13.473,39.0,0.0,21.749483,Alto
13.073,43.0,0.0,19.652176,Alto
12.573,44.0,0.0,13.53236,Moderado
11.323,51.0,0.0,5.8048253,Moderado
9.873,58.0,0.0,7.5685663,Moderado
9.422999,61.0,0.0,10.00256,Moderado
8.973,62.0,0.0,10.948973,Moderado
8.823,51.0,0.0,14.689588,Moderado
8.373,59.0,0.0,18.532135,Moderado
7.6730003,64.0,0.0,19.602652,Moderado
7.623,76.0,0.0,13.324863,Moderado
7.4230003,82.0,0.0,9.504273,Bajo
7.273,86.0,0.0,7.5685663,Bajo
7.823,84.0,0.0,5.2416787,Bajo
8.273,83.0,0.2,7.289444,Bajo
9.073,81.0,0.9,6.8777895,Bajo
10.373,72.0,0.1,8.0899935,Bajo
13.223,55.0,0.0,26.758923,Alto
13.922999,47.0,0.0,35.931534,Muy alto
14.172999,46.0,0.0,35.364388,Muy alto
14.373,46.0,0.2,34.597477,Alto
15.123,39.0,0.1,35.143818,Muy alto
14.523,41.0,0.0,36.06474,Muy alto
13.073,40.0,0.0,34.217045,Muy alto
12.422999,41.0,0.0,29.88,Alto
11.573,44.0,0.0,27.038372,Alto
11.073,46.0,0.0,22.101183,Alto
10.773,47.0,0.0,14.372974,Moderado
9.723,51.0,0.0,11.480557,Moderado
8.723,56.0,0.0,12.768586,Moderado
8.373,60.0,0.0,15.986593,Moderado
8.273,60.0,0.0,17.727943,Moderado
8.123,59.0,0.0,20.447239,Moderado
7.4230003,60.0,0.0,17.10284,Moderado
7.323,63.0,0.0,15.696165,Moderado
7.1730003,64.0,0.0,15.192682,Moderado
7.373,62.0,0.0,16.199999,Moderado
8.573,57.0,0.0,19.09358,Moderado
10.273,50.0,0.0,25.984919,Alto
12.073,46.0,0.0,27.887802,Alto
13.073,44.0,0.0,34.04808,Muy alto
13.922999,42.0,0.0,37.868507,Muy alto
14.422999,41.0,0.0,39.268063,Muy alto
14.773,41.0,0.0,36.79756,Muy alto
15.273,40.0,0.0,36.64404,Muy alto
14.873,39.0,0.0,34.45484,Muy alto
14.922999,40.0,0.0,33.014175,Muy alto
14.873,40.0,0.0,29.168886,Alto
14.523,41.0,0.0,28.512817,Alto
13.623,45.0,0.0,25.600533,Alto
13.223,46.0,0.0,23.277834,Alto
12.623,46.0,0.0,22.493519,Alto
11.922999,50.0,0.0,19.85556,Alto
11.623,51.0,0.0,19.008545,Moderado
11.373,54.0,0.1,20.696087,Alto
11.023,57.0,0.1,21.897945,Alto
10.523,62.0,0.5,21.203358,Moderado
10.573,61.0,0.4,24.464113,Moderado
9.623,70.0,0.0,23.749088,Alto
8.773,69.0,0.0,18.0,Moderado
8.173,62.0,0.0,20.188908,Moderado
8.023,67.0,0.0,21.933426,Moderado
8.773,62.0,0.0,24.94413,Alto
10.273,56.0,0.0,26.544964,Alto
11.073,50.0,0.0,27.852928,Alto
11.422999,48.0,0.0,29.533169,Alto
12.073,43.0,0.1,31.06239,Muy alto
12.223,43.0,0.2,30.602118,Alto
12.073,44.0,0.3,30.344814,Alto
11.573,43.0,0.2,33.541878,Alto
12.172999,39.0,0.0,35.016357,Muy alto
11.573,39.0,0.0,33.790176,Muy alto
10.723,39.0,0.0,31.52005,Muy alto
10.273,38.0,0.0,29.427662,Alto
9.573,39.0,0.0,26.661882,Alto
8.473,42.0,0.0,23.499481,Alto
7.4729996,49.0,0.0,20.275385,Alto
6.6730003,57.0,0.0,20.140705,Moderado
6.2229996,62.0,0.0,22.077717,Alto
6.123,64.0,0.0,23.34455,Alto
5.9729996,64.0,0.0,24.86868,Alto
6.023,62.0,0.1,25.96496,Alto
6.023,64.0,0.0,25.620771,Alto
6.073,66.0,0.0,26.64,Alto
6.323,66.0,0.0,27.691935,Alto
7.023,65.0,0.0,27.210379,Alto
7.9729996,63.0,0.2,32.846916,Alto
9.373,56.0,0.1,30.190672,Alto
10.223,51.0,0.1,33.528355,Muy alto
10.873,48.0,0.0,33.857227,Muy alto
11.723,44.0,0.0,33.574707,Muy alto
11.823,44.0,0.0,34.38895,Muy alto
11.323,49.0,0.1,32.55363,Muy alto
11.672999,44.0,0.0,33.75756,Muy alto
11.473,46.0,0.0,33.092598,Muy alto
11.523,46.0,0.0,30.244286,Alto
11.023,50.0,0.0,30.0767,Alto
11.223,46.0,0.0,28.766228,Alto
10.373,50.0,0.0,25.849905,Alto
9.523,56.0,0.0,21.313093,Alto
8.672999,62.0,0.0,18.057508,Moderado
8.422999,64.0,0.0,17.25373,Moderado
8.273,67.0,0.0,15.617529,Moderado
7.873,70.0,0.0,14.182355,Moderado
7.2229996,74.0,0.0,11.246759,Moderado
6.273,75.0,0.0,8.905908,Bajo
5.773,77.0,0.0,10.137692,Bajo
5.523,79.0,0.0,10.495713,Bajo
5.623,78.0,0.0,9.19939,Bajo
6.9729996,70.0,0.0,10.630672,Moderado
8.422999,63.0,0.0,13.1041975,Moderado
10.273,56.0,0.0,11.841756,Moderado
11.473,48.0,0.0,13.797913,Moderado
12.473,48.0,0.1,13.679999,Moderado
13.573,45.0,0.1,22.104116,Alto
12.672999,54.0,0.2,20.364674,Moderado
12.672999,55.0,0.1,20.188908,Moderado
12.073,61.0,0.5,17.643673,Moderado
11.473,64.0,0.4,15.856356,Moderado
11.323,71.0,1.2,16.343367,Bajo
11.523,73.0,0.5,13.979871,Bajo
12.073,74.0,0.3,15.137133,Bajo
12.473,71.0,0.1,21.638964,Moderado
12.373,70.0,0.0,27.238941,Alto
11.873,73.0,0.0,25.11758,Alto
11.373,75.0,0.0,22.881958,Moderado
11.073,78.0,0.0,20.056877,Moderado
10.623,79.0,0.0,18.331741,Moderado
10.023,81.0,0.0,17.418196,Moderado
9.323,80.0,0.0,15.937878,Moderado
9.023,72.0,0.0,16.87398,Moderado
8.672999,69.0,0.0,16.418526,Moderado
8.672999,69.0,0.0,15.034041,Moderado
9.172999,68.0,0.0,12.72283,Moderado
9.973,68.0,0.0,12.313894,Moderado
10.123,73.0,0.2,8.891343,Bajo
10.473,78.0,0.5,11.212135,Bajo
11.773,71.0,0.2,14.773164,Bajo
13.723,57.0,0.1,21.313093,Alto
14.223,55.0,0.0,29.574827,Alto
14.922999,53.0,0.0,32.06426,Alto
16.173,48.0,0.0,32.048088,Muy alto
16.473001,47.0,0.1,32.917862,Muy alto
16.023,50.0,0.2,31.104082,Alto
16.023,47.0,0.0,30.817343,Alto
14.273,52.0,0.0,33.221584,Muy alto
12.922999,55.0,0.0,33.35784,Muy alto
12.623,53.0,0.0,34.06521,Muy alto
11.473,57.0,0.0,31.262014,Alto
10.473,63.0,0.0,30.070238,Alto
9.422999,73.0,0.3,26.674032,Moderado
8.723,73.0,0.3,20.991426,Moderado
8.023,77.0,0.1,16.575644,Moderado
7.373,81.0,0.0,14.021525,Moderado
7.323,74.0,0.0,15.281989,Moderado
6.873,64.0,0.0,18.504139,Moderado
6.323,62.0,0.0,16.08761,Moderado
7.123,61.0,0.0,19.406637,Moderado
8.323,54.0,0.0,28.36471,Alto
9.473,44.0,0.0,34.32105,Muy alto
10.172999,43.0,0.0,38.175278,Muy alto
10.373,50.0,0.4,36.50052,Alto
10.573,54.0,0.7,35.069984,Alto
11.323,48.0,0.1,36.832767,Muy alto
11.773,44.0,0.0,37.066017,Muy alto
11.623,39.0,0.0,36.860905,Muy alto
10.473,45.0,0.0,34.746994,Muy alto
9.273,51.0,0.2,33.31508,Alto
8.773,53.0,0.0,30.05515,Alto
8.123,54.0,0.0,28.162956,Alto
7.773,52.0,0.0,27.021591,Alto
6.123,60.0,0.0,27.72,Alto
5.4230003,62.0,0.0,25.241108,Alto
5.023,64.0,0.0,24.933735,Alto
4.4729996,67.0,0.0,25.050413,Alto
4.1730003,68.0,0.0,23.97989,Alto
3.923,68.0,0.0,21.218632,Moderado
3.723,73.0,0.0,18.532133,Moderado
3.873,71.0,0.0,17.873556,Moderado
4.123,74.0,0.0,19.469976,Moderado
4.4230003,76.0,0.0,21.028437,Moderado
5.6730003,70.0,0.0,28.04305,Alto
6.773,64.0,0.0,34.292717,Alto
8.273,55.0,0.0,37.503983,Muy alto
9.172999,51.0,0.0,39.64906,Muy alto
10.023,47.0,0.0,42.12154,Muy alto
10.573,48.0,0.0,42.015255,Muy alto
11.223,49.0,0.1,43.952446,Muy alto
10.373,55.0,0.1,43.6551,Muy alto
11.422999,51.0,0.2,45.66469,Muy alto
11.073,54.0,0.1,45.725666,Muy alto
11.223,53.0,0.0,43.118923,Muy alto
11.073,53.0,0.0,43.17149,Muy alto
10.023,57.0,0.0,41.71342,Muy alto
9.223,58.0,0.0,38.344646,Muy alto
8.573,63.0,0.0,38.526726,Muy alto
8.023,65.0,0.1,37.600616,Muy alto
7.9729996,60.0,0.0,36.61573,Muy alto
7.623,63.0,0.1,33.851486,Alto
7.123,68.0,0.7,34.882866,Alto
6.873,71.0,0.2,32.854805,Alto
6.9729996,65.0,0.0,30.85307,Alto
6.873,69.0,0.1,29.59235,Alto
6.9230003,71.0,0.2,28.58545,Moderado
7.073,69.0,0.1,28.1169,Alto
7.7229996,64.0,0.0,29.301876,Alto
7.873,64.0,0.3,33.626774,Alto
10.073,55.0,0.2,30.699368,Alto
10.573,52.0,0.1,34.417206,Muy alto
10.172999,57.0,0.7,37.19342,Alto
10.723,58.0,0.5,35.97299,Alto
11.273,51.0,0.2,33.481937,Alto
10.623,48.0,0.4,33.40055,Alto
11.323,40.0,0.0,36.115017,Muy alto
10.773,40.0,0.2,36.115017,Alto
10.523,39.0,0.1,36.764088,Muy alto
9.422999,42.0,0.1,36.088093,Muy alto
8.672999,46.0,0.0,34.651752,Muy alto
7.773,48.0,0.0,33.121956,Muy alto
6.373,54.0,0.0,32.04202,Alto
5.523,57.0,0.0,30.735231,Alto
5.1730003,60.0,0.0,29.237675,Alto
4.873,64.0,0.0,30.36403,Alto
4.6730003,67.0,0.0,31.427404,Alto
4.573,69.0,0.0,30.955812,Alto
5.023,72.0,0.0,28.817993,Alto
5.123,70.0,0.0,30.147717,Alto
5.2229996,70.0,0.0,30.430117,Alto
5.4729996,69.0,0.0,30.718357,Alto
6.2229996,66.0,0.0,36.93291,Muy alto
6.773,63.0,0.1,40.78182,Muy alto
8.323,56.0,0.0,37.97104,Muy alto
8.723,56.0,0.1,38.687855,Muy alto
9.672999,53.0,0.0,37.612675,Muy alto
9.873,51.0,0.0,38.2973,Muy alto
10.172999,53.0,0.1,38.268524,Muy alto
10.573,53.0,0.1,36.44722,Muy alto
10.873,51.0,0.0,38.921646,Muy alto
10.672999,54.0,0.0,35.728977,Muy alto
10.873,53.0,0.0,34.247337,Muy alto
10.573,53.0,0.0,33.510952,Muy alto
10.323,52.0,0.0,32.09052,Alto
9.922999,51.0,0.0,29.598919,Alto
9.223,52.0,0.0,27.722336,Alto
8.373,57.0,0.0,23.893261,Alto
7.773,59.0,0.0,21.434364,Alto
7.323,62.0,0.0,19.734436,Moderado
6.6730003,66.0,0.0,18.899143,Moderado
6.073,70.0,0.0,17.873554,Moderado
5.273,76.0,0.0,14.917212,Moderado
4.7229996,80.0,0.0,12.074766,Moderado
4.373,84.0,0.0,10.315115,Bajo
4.623,84.0,0.0,10.086427,Bajo
5.9729996,78.0,0.0,11.384198,Moderado
8.073,65.0,0.0,15.141414,Moderado
9.973,51.0,0.0,22.007162,Alto
11.373,45.0,0.0,22.553936,Alto
12.773,42.0,0.0,22.668568,Alto
13.922999,41.0,0.0,23.584808,Alto
14.623,39.0,0.0,23.795427,Alto
15.172999,38.0,0.0,23.087763,Alto
16.023,36.0,0.0,22.180206,Alto
16.323,38.0,0.0,21.194187,Alto
16.223,39.0,0.0,21.603,Alto
15.973,40.0,0.0,21.933426,Alto
15.672999,39.0,0.0,20.730501,Alto
14.922999,41.0,0.0,17.309973,Moderado
14.323,45.0,0.0,12.397806,Moderado
13.273,49.0,0.0,9.449572,Moderado
12.523,55.0,0.0,9.339208,Moderado
12.373,57.0,0.0,7.754637,Moderado
12.023,59.0,0.0,7.072878,Bajo
11.373,61.0,0.0,5.815978,Bajo
10.573,64.0,0.0,3.8773184,Bajo
10.073,66.0,0.0,2.16,Bajo
9.273,69.0,0.0,3.7585104,Bajo
8.723,72.0,0.0,2.4149535,Bajo
9.223,71.0,0.0,1.8,Bajo
10.922999,65.0,0.0,0.35999998,Bajo
12.623,64.0,0.0,6.9153743,Bajo
14.473,61.0,0.0,13.684735,Moderado
15.273,58.0,0.0,17.10284,Moderado
15.873,54.0,0.0,21.120682,Alto
16.773,50.0,0.0,24.967497,Alto
16.823,49.0,0.0,26.795223,Alto
17.523,49.0,0.0,28.84721,Alto
16.473001,52.0,0.0,29.627365,Alto
15.073,57.0,0.0,27.598173,Alto
15.422999,54.0,0.0,27.852928,Alto
14.823,55.0,0.0,27.534704,Alto
13.723,56.0,0.0,26.282463,Alto
12.623,65.0,0.1,29.427662,Alto
10.323,69.0,0.0,28.100763,Alto
7.373,59.0,0.0,30.659237,Alto
5.9230003,60.0,0.0,29.69727,Alto
5.4230003,62.0,0.0,28.082308,Alto
5.273,63.0,0.0,28.08923,Alto
4.523,67.0,0.0,29.16889,Alto
4.373,67.0,0.0,28.856194,Alto
4.123,69.0,0.0,28.1169,Alto
4.123,70.0,0.0,28.082308,Alto
4.823,67.0,0.0,32.169178,Alto
5.823,62.0,0.0,32.527744,Alto
6.6730003,59.0,0.0,32.846916,Alto
7.873,50.0,0.0,35.39186,Muy alto
7.9230003,55.0,0.0,33.672993,Muy alto
8.373,52.0,0.0,35.452232,Muy alto
8.723,55.0,0.1,34.828953,Muy alto
8.623,60.0,0.3,35.281837,Alto
9.123,57.0,0.2,39.609814,Alto
9.172999,58.0,0.1,36.80637,Muy alto
9.373,58.0,0.1,38.65602,Muy alto
9.223,61.0,0.1,36.0072,Muy alto
9.023,61.0,0.0,34.589985,Muy alto
8.223,65.0,0.0,34.07091,Alto
7.273,67.0,0.1,35.281837,Alto
6.4729996,73.0,0.1,32.654995,Alto
6.2229996,74.0,0.1,33.190357,Alto
6.073,73.0,0.1,32.058193,Alto
5.873,77.0,0.2,31.52005,Moderado
6.123,73.0,0.0,32.587456,Alto
5.823,74.0,0.2,31.550869,Moderado
5.823,76.0,0.2,30.222849,Moderado
6.023,76.0,0.1,29.01743,Alto
6.2229996,72.0,0.0,31.259945,Alto
6.773,64.0,0.0,35.63818,Muy alto
7.2229996,62.0,0.0,37.550602,Muy alto
8.073,58.0,0.0,37.16553,Muy alto
8.473,57.0,0.0,36.764088,Muy alto
9.823,50.0,0.0,38.921646,Muy alto
10.172999,47.0,0.0,41.815826,Muy alto
9.422999,53.0,0.1,39.70459,Muy alto
9.223,56.0,0.2,38.803257,Alto
10.523,47.0,0.0,45.05181,Muy alto
9.373,56.0,0.0,43.893436,Muy alto
9.172999,59.0,0.1,39.160656,Muy alto
9.223,55.0,0.0,40.03938,Muy alto
8.373,60.0,0.1,41.798775,Muy alto
8.523,55.0,0.0,40.155735,Muy alto
8.323,59.0,0.0,36.57855,Muy alto
7.7229996,61.0,0.0,37.137627,Muy alto
7.573,64.0,0.0,35.11061,Muy alto
7.4729996,67.0,0.0,34.763775,Alto
7.323,69.0,0.0,31.487143,Alto
6.9729996,72.0,0.1,34.45484,Alto
7.623,71.0,0.1,41.0621,Muy alto
7.7229996,70.0,0.0,40.732533,Muy alto
7.873,67.0,0.1,41.085762,Muy alto
7.773,70.0,0.3,37.67637,Alto
8.073,71.0,0.3,37.029285,Alto
8.823,65.0,0.0,38.96158,Muy alto
10.672999,58.0,0.0,44.33265,Muy alto
11.422999,57.0,0.0,45.9448,Muy alto
11.623,56.0,0.0,46.862267,Muy alto
10.973,65.0,0.3,44.61967,Muy alto
10.073,69.0,0.9,41.305977,Alto
9.672999,71.0,0.8,39.575443,Alto
9.323,74.0,1.0,35.110615,Alto
9.422999,73.0,1.1,34.03476,Alto
10.573,69.0,0.4,33.01418,Alto
10.223,71.0,0.6,30.10685,Moderado
9.422999,79.0,1.9,23.664352,Moderado
9.073,84.0,2.1,19.770523,Moderado
9.123,83.0,1.4,18.584509,Bajo
9.373,81.0,0.2,21.382906,Moderado
9.623,81.0,0.2,21.94524,Moderado
9.973,80.0,0.0,22.545315,Moderado
10.073,82.0,0.0,25.872456,Alto
9.672999,81.0,0.0,27.859905,Alto
8.823,75.0,0.0,26.980793,Alto
8.323,79.0,0.0,21.659916,Moderado
8.323,84.0,0.0,19.083395,Moderado
8.473,81.0,0.0,21.479664,Moderado
9.422999,78.0,0.0,23.47741,Moderado
10.823,71.0,0.0,28.296091,Alto
12.323,58.0,0.1,25.460934,Alto
13.172999,54.0,0.0,30.551254,Alto
13.823,50.0,0.1,34.131718,Muy alto
14.323,50.0,0.2,37.952263,Alto
14.473,50.0,0.2,42.73702,Muy alto
13.672999,52.0,0.2,42.505924,Muy alto
12.223,62.0,1.0,41.48912,Alto
12.473,49.0,0.3,40.691147,Muy alto
11.422999,47.0,0.0,41.705654,Muy alto
10.073,53.0,0.1,37.801712,Muy alto
9.172999,55.0,0.1,34.207577,Muy alto
7.9230003,54.0,0.0,32.91983,Muy alto
6.1730003,57.0,0.0,33.933697,Muy alto
5.1730003,60.0,0.0,30.676142,Alto
4.7229996,60.0,0.0,27.36947,Alto
4.4230003,62.0,0.0,25.006397,Alto
4.1730003,64.0,0.0,24.36591,Alto
3.773,66.0,0.0,23.400002,Alto
3.723,69.0,0.0,20.275385,Moderado
3.473,71.0,0.0,19.809813,Moderado
3.273,73.0,0.0,18.720001,Moderado
3.523,72.0,0.0,20.991426,Moderado
4.623,63.0,0.0,26.072052,Alto
5.7229996,56.0,0.0,30.312773,Alto
6.7229996,52.0,0.0,29.723444,Alto
7.4729996,53.0,0.3,31.875755,Alto
8.173,50.0,0.2,31.193535,Alto
9.273,47.0,0.2,33.3559,Alto
9.523,45.0,0.4,33.70377,Alto
9.473,47.0,0.4,34.17157,Alto
10.023,44.0,0.3,35.78697,Alto
9.922999,44.0,0.3,34.936695,Alto
9.573,45.0,0.3,33.841915,Alto
9.123,47.0,0.2,31.32207,Alto
8.573,49.0,0.1,29.522196,Alto
7.7229996,51.0,0.0,27.757376,Alto
6.7229996,58.0,0.0,28.1169,Alto
5.9230003,62.0,0.0,25.325686,Alto
5.4230003,66.0,0.0,22.805367,Moderado
5.073,70.0,0.0,21.862406,Moderado
4.6730003,74.0,0.0,21.659916,Moderado
4.573,76.0,0.0,21.603,Moderado
4.6730003,74.0,0.0,19.813087,Moderado
4.7229996,77.0,0.0,20.774214,Moderado
4.7229996,79.0,0.0,19.826164,Moderado
5.023,78.0,0.0,20.570463,Moderado
5.9729996,72.0,0.0,24.696104,Alto
6.6730003,70.0,0.1,27.475807,Alto
8.373,62.0,0.3,31.122828,Alto
8.823,60.0,0.9,31.981293,Alto
9.672999,60.0,0.2,32.651028,Alto
10.823,55.0,0.3,34.574997,Alto
11.172999,55.0,0.5,35.603615,Alto
11.273,55.0,0.3,36.386723,Alto
9.922999,65.0,0.9,42.120003,Alto
11.422999,57.0,0.1,38.82162,Muy alto
10.773,58.0,0.6,38.37843,Alto
10.172999,58.0,0.4,35.27449,Alto
9.623,53.0,0.0,34.114628,Muy alto
8.973,52.0,0.0,30.36403,Alto
8.223,56.0,0.0,29.01743,Alto
7.073,61.0,0.0,25.932495,Alto
6.523,60.0,0.0,26.019806,Alto
5.873,61.0,0.0,24.798223,Alto
5.273,63.0,0.0,24.098497,Alto
4.623,67.0,0.0,22.314194,Moderado
4.6730003,71.0,0.0,21.99538,Moderado
4.6730003,66.0,0.0,24.1388,Alto
4.4230003,66.0,0.0,23.491207,Alto
4.323,66.0,0.0,22.79684,Moderado
4.823,62.0,0.0,24.717085,Alto
5.573,57.0,0.0,27.595823,Alto
6.9230003,53.0,0.0,27.059933,Alto
7.4729996,50.0,0.3,28.808998,Alto
8.123,51.0,0.3,28.449112,Alto
8.873,47.0,0.1,28.8,Alto
9.273,44.0,0.1,29.16889,Alto
9.623,44.0,0.1,28.460497,Alto
9.922999,42.0,0.1,26.28986,Alto
9.922999,43.0,0.2,25.325686,Moderado
9.672999,43.0,0.1,24.336637,Alto
9.123,44.0,0.0,24.087738,Alto
8.273,46.0,0.0,22.461807,Alto
7.273,48.0,0.0,21.791153,Alto
6.023,55.0,0.0,19.813087,Moderado
4.873,62.0,0.0,16.215992,Moderado
4.1730003,65.0,0.0,14.512064,Moderado
3.423,69.0,0.0,14.759999,Moderado
2.823,74.0,0.0,14.494192,Moderado
2.273,77.0,0.0,14.145756,Moderado
1.873,79.0,0.0,14.759999,Moderado
1.673,79.0,0.0,14.408997,Moderado
1.673,79.0,0.0,14.759999,Moderado
2.073,77.0,0.0,15.745627,Moderado
3.373,69.0,0.0,20.957443,Moderado
4.6730003,59.0,0.0,24.522316,Alto
5.9230003,54.0,0.0,26.121714,Alto
6.7229996,53.0,0.1,25.630886,Alto
7.523,49.0,0.2,26.554728,Moderado
8.323,42.0,0.1,28.357857,Alto
8.623,41.0,0.1,30.551254,Muy alto
8.922999,39.0,0.0,30.962091,Muy alto
9.123,36.0,0.0,32.385994,Muy alto
8.973,36.0,0.0,31.716797,Muy alto
8.723,36.0,0.0,30.589407,Muy alto
8.073,37.0,0.0,29.144442,Alto
7.373,39.0,0.0,27.381308,Alto
6.4230003,43.0,0.0,25.40743,Alto
4.9729996,48.0,0.0,23.688984,Alto
3.923,54.0,0.0,20.008356,Moderado
3.223,61.0,0.0,17.673029,Moderado
2.573,67.0,0.0,17.114204,Moderado
2.023,74.0,0.0,19.137648,Moderado
1.823,76.0,0.0,19.9954,Moderado
1.423,74.0,0.0,18.161278,Moderado
1.123,76.0,0.0,18.0,Moderado
1.023,80.0,0.0,18.25026,Moderado
1.523,79.0,0.0,19.64558,Moderado
2.923,70.0,0.0,22.668568,Moderado
4.4230003,60.0,0.0,26.341572,Alto
5.9230003,51.0,0.0,28.227306,Alto
6.9729996,47.0,0.0,27.908709,Alto
8.023,44.0,0.0,28.266306,Alto
8.922999,39.0,0.0,28.71437,Alto
9.523,37.0,0.0,28.467329,Alto
10.422999,35.0,0.0,27.402597,Alto
10.973,34.0,0.0,25.099514,Alto
11.273,35.0,0.0,22.963936,Alto
11.172999,37.0,0.0,21.188072,Alto
10.773,38.0,0.0,19.416653,Alto
10.073,41.0,0.0,17.727943,Moderado
9.123,42.0,0.0,15.725037,Moderado
8.023,44.0,0.0,15.175612,Moderado
6.273,53.0,0.0,9.83268,Moderado
4.823,63.0,0.0,7.072878,Bajo
3.573,71.0,0.0,6.130579,Bajo
2.623,77.0,0.0,6.162207,Bajo
1.923,81.0,0.0,5.3999996,Bajo
1.123,87.0,0.0,4.379589,Bajo
0.723,89.0,0.0,3.6,Bajo
0.273,92.0,0.0,2.968636,Bajo
0.473,91.0,0.0,2.5455842,Bajo
2.623,83.0,0.0,1.9386592,Bajo
5.4729996,65.0,0.0,2.7416782,Bajo
7.273,60.0,0.0,0.8049845,Bajo
8.373,53.0,0.0,2.16,Bajo
9.273,48.0,0.0,4.73506,Bajo
9.922999,45.0,0.0,6.9899354,Moderado
10.473,43.0,0.0,8.707238,Moderado
11.073,44.0,0.0,9.0645685,Moderado
11.672999,42.0,0.0,9.360001,Moderado
12.073,41.0,0.0,10.144082,Moderado
12.123,40.0,0.0,10.144082,Moderado
12.123,42.0,0.0,10.1887,Moderado
11.973,42.0,0.0,10.233123,Moderado
11.623,43.0,0.0,9.686609,Moderado
10.672999,50.0,0.0,5.8603754,Moderado
9.223,61.0,0.0,3.219938,Bajo
8.223,67.0,0.0,4.3498964,Bajo
6.873,71.0,0.0,6.3690495,Bajo
5.823,71.0,0.0,8.161764,Bajo
5.373,80.0,0.0,7.386582,Bajo
5.4729996,88.0,0.0,9.504273,Bajo
5.7229996,87.0,0.0,9.178235,Bajo
5.623,84.0,0.0,10.636766,Bajo
5.4230003,85.0,0.2,10.948973,Bajo
5.323,85.0,0.3,10.383987,Bajo
5.523,84.0,0.4,9.585739,Bajo
6.373,81.0,0.4,5.495161,Bajo
7.323,76.0,0.4,1.484318,Bajo
8.323,71.0,0.2,6.28713,Bajo
8.973,65.0,0.1,9.983106,Moderado
10.422999,57.0,0.0,13.661038,Moderado
11.672999,48.0,0.0,16.645864,Moderado
13.123,42.0,0.0,18.86139,Alto
13.172999,42.0,0.0,20.447239,Alto
13.123,42.0,0.0,21.734581,Alto
12.523,42.0,0.0,21.261345,Alto
11.623,45.0,0.0,20.63023,Alto
10.473,49.0,0.0,19.652176,Alto
9.273,51.0,0.0,18.25026,Moderado
7.6730003,57.0,0.0,16.167967,Moderado
6.4230003,62.0,0.0,15.546833,Moderado
5.373,66.0,0.0,14.764389,Moderado
4.623,68.0,0.0,14.404499,Moderado
4.023,73.0,0.0,13.698934,Moderado
3.823,79.0,0.0,13.698934,Moderado
3.523,78.0,0.0,13.004921,Moderado
3.123,79.0,0.0,11.966953,Moderado
3.323,80.0,0.0,11.570515,Bajo
5.123,72.0,0.0,14.113653,Moderado
7.2229996,61.0,0.0,19.242327,Moderado
8.623,49.0,0.0,20.447239,Alto
9.473,45.0,0.0,22.057161,Alto
10.672999,41.0,0.0,24.312662,Alto
11.573,39.0,0.0,26.407907,Alto
12.073,38.0,0.0,28.657898,Alto
12.573,38.0,0.0,29.62518,Alto
12.823,39.0,0.0,30.121912,Muy alto
12.573,40.0,0.0,29.354902,Alto
12.573,39.0,0.0,28.412645,Alto
12.323,41.0,0.0,26.564486,Alto
11.422999,44.0,0.0,25.772078,Alto
10.323,49.0,0.0,24.149532,Alto
9.422999,51.0,0.0,21.749481,Alto
7.9729996,59.0,0.0,18.345877,Moderado
6.823,67.0,0.0,14.917212,Moderado
5.823,73.0,0.0,11.928989,Moderado
5.2229996,76.0,0.0,10.105681,Bajo
4.623,79.0,0.0,8.647496,Bajo
4.273,81.0,0.0,10.105681,Bajo
3.573,84.0,0.0,8.28,Bajo
3.023,88.0,0.0,7.5685663,Bajo
3.323,87.0,0.0,7.2359104,Bajo
5.823,76.0,0.0,9.47012,Bajo
8.123,65.0,0.0,12.6462,Moderado
9.973,58.0,0.0,11.440979,Moderado
11.223,50.0,0.0,8.699793,Moderado
11.922999,47.0,0.0,9.114471,Moderado
12.123,45.0,0.0,11.874544,Moderado
13.123,41.0,0.0,14.799459,Moderado
13.823,39.0,0.0,16.981165,Moderado
14.273,38.0,0.0,17.709658,Alto
14.373,37.0,0.0,18.057508,Alto
14.023,40.0,0.0,19.592731,Alto
13.672999,39.0,0.0,18.057508,Alto
13.223,39.0,0.0,15.646544,Moderado
12.573,42.0,0.0,11.177405,Moderado
11.623,44.0,0.0,10.08,Moderado
10.223,52.0,0.0,7.072878,Moderado
9.172999,59.0,0.0,6.830519,Bajo
8.623,69.0,0.2,10.829959,Bajo
7.773,80.0,0.6,11.5199995,Bajo
7.323,82.0,0.2,7.729527,Bajo
6.823,82.0,0.0,8.587338,Bajo
6.2229996,83.0,0.0,9.19939,Bajo
5.7229996,86.0,0.1,9.227524,Bajo
6.2229996,89.0,0.4,9.659814,Bajo
7.323,85.0,0.0,14.578888,Moderado
8.623,75.0,0.0,19.770523,Moderado
9.172999,70.0,0.0,21.2522,Moderado
10.672999,57.0,0.0,21.26744,Alto
11.823,49.0,0.0,19.917469,Alto
12.123,46.0,0.0,18.532133,Moderado
11.973,45.0,0.0,18.129137,Moderado
10.422999,56.0,0.4,16.56,Moderado
10.172999,63.0,0.7,12.181625,Bajo
9.573,69.0,0.8,10.233123,Bajo
9.823,70.0,0.4,10.948973,Bajo
9.523,74.0,0.4,13.276144,Bajo
9.422999,75.0,0.3,12.7279215,Bajo
9.172999,76.0,0.2,12.475961,Bajo
9.273,84.0,0.5,8.854829,Bajo
9.023,87.0,0.2,9.449572,Bajo
9.073,83.0,0.1,15.192682,Moderado
8.723,70.0,0.0,25.683926,Alto
7.523,66.0,0.0,27.397867,Alto
6.573,68.0,0.0,22.7057,Moderado
6.1730003,74.0,0.0,16.575644,Moderado
5.9230003,76.0,0.0,15.517629,Moderado
5.9729996,74.0,0.0,16.23596,Moderado
6.273,72.0,0.0,16.700275,Moderado
7.2229996,66.0,0.0,20.969805,Moderado
8.023,58.0,0.0,25.699057,Alto
9.473,50.0,0.0,31.731092,Alto
10.073,49.0,0.0,31.68818,Alto
11.323,45.0,0.0,31.682047,Muy alto
11.473,45.0,0.1,32.76791,Muy alto
11.473,46.0,0.3,32.91983,Alto
11.273,45.0,0.2,33.617138,Alto
11.373,41.0,0.0,33.190357,Muy alto
11.273,39.0,0.0,31.427404,Muy alto
10.672999,41.0,0.0,30.0767,Alto
10.172999,43.0,0.0,28.766228,Alto
9.523,45.0,0.0,26.576681,Alto
8.672999,49.0,0.0,25.006397,Alto
7.6730003,53.0,0.0,20.633371,Alto
6.573,58.0,0.0,17.643673,Moderado
5.9230003,62.0,0.0,16.23596,Moderado
5.273,65.0,0.0,14.264361,Moderado
4.523,70.0,0.0,11.966953,Moderado
3.773,75.0,0.0,9.83268,Bajo
3.223,79.0,0.0,10.365251,Bajo
3.073,83.0,0.0,9.693296,Bajo
3.023,83.0,0.0,9.659814,Bajo
3.523,80.0,0.0,9.19939,Bajo
5.373,75.0,0.0,10.805998,Moderado
7.273,65.0,0.0,20.150354,Moderado
8.023,63.0,0.1,18.720001,Moderado
8.922999,58.0,0.3,19.855558,Moderado
9.223,59.0,0.4,21.273533,Moderado
10.223,56.0,0.4,20.858265,Moderado
11.723,51.0,0.2,21.868332,Moderado
11.873,50.0,0.2,24.144167,Moderado
12.172999,45.0,0.0,26.932714,Alto
11.823,45.0,0.4,29.899511,Alto
11.373,43.0,0.0,29.533169,Alto
11.023,41.0,0.0,28.30983,Alto
10.223,44.0,0.0,27.193705,Alto
9.172999,50.0,0.0,25.277023,Alto
8.422999,52.0,0.0,23.795427,Alto
7.4729996,55.0,0.0,19.134262,Moderado
7.123,60.0,0.0,15.496736,Moderado
6.823,66.0,0.0,13.797913,Moderado
6.4729996,74.0,0.0,14.578888,Moderado
6.2229996,78.0,0.0,14.707222,Moderado
5.9230003,79.0,0.0,14.386494,Moderado
6.4230003,81.0,0.1,14.973577,Moderado
6.573,79.0,0.1,15.629971,Moderado
6.873,81.0,0.1,15.459054,Moderado
7.623,80.0,0.1,16.299694,Moderado
8.723,75.0,0.0,21.261345,Moderado
10.473,65.0,0.1,24.379204,Alto
11.273,64.0,0.0,25.630886,Alto
12.023,61.0,0.0,24.216522,Alto
13.323,57.0,0.0,26.882141,Alto
13.323,61.0,0.2,25.812277,Moderado
14.223,58.0,0.0,25.099514,Alto
15.023,53.0,0.0,26.168804,Alto
15.823,51.0,0.0,27.36947,Alto
15.723,50.0,0.0,27.551172,Alto
14.623,53.0,0.0,23.576563,Alto
13.672999,58.0,0.0,20.163212,Moderado
12.973,64.0,0.0,17.811815,Moderado
12.672999,71.0,0.1,13.089354,Moderado
11.973,77.0,0.1,14.05845,Moderado
11.373,83.0,0.0,14.021525,Moderado
11.223,82.0,0.0,17.377226,Moderado
11.273,80.0,0.0,19.376562,Moderado
11.373,79.0,0.0,20.073025,Moderado
11.422999,75.0,0.0,18.775303,Moderado
11.473,74.0,0.0,18.58451,Moderado
11.523,72.0,0.0,18.532135,Moderado
11.473,72.0,0.0,17.782686,Moderado
11.723,73.0,0.1,19.171478,Moderado
11.973,74.0,0.3,20.08916,Moderado
13.172999,69.0,0.3,20.65848,Moderado
13.323,70.0,0.5,18.11841,Moderado
13.172999,73.0,1.0,16.595179,Bajo
13.123,76.0,1.5,18.416384,Moderado
13.323,75.0,1.0,16.981165,Bajo
13.922999,73.0,0.4,17.64,Moderado
14.273,72.0,0.4,19.13426,Moderado
14.922999,71.0,0.6,17.418196,Moderado
15.123,73.0,0.9,18.35647,Moderado
14.523,73.0,0.8,18.171976,Moderado
13.823,78.0,0.9,15.192682,Bajo
13.273,81.0,0.9,12.287555,Bajo
13.073,81.0,0.8,12.413477,Bajo
12.873,78.0,0.5,16.08761,Bajo
12.573,77.0,0.4,17.373497,Bajo
12.123,76.0,0.2,18.218275,Moderado
11.773,75.0,0.1,21.096123,Moderado
11.323,70.0,0.0,25.537172,Alto
10.573,68.0,0.0,26.474077,Alto
9.623,70.0,0.0,23.667091,Alto
8.922999,74.0,0.0,21.325253,Moderado
8.922999,75.0,0.0,22.702845,Moderado
9.573,71.0,0.0,25.630886,Alto
10.323,66.0,0.0,27.343414,Alto
11.023,58.0,0.0,27.0024,Alto
12.023,51.0,0.0,27.009598,Alto
11.823,52.0,0.0,27.729347,Alto
11.773,52.0,0.5,25.922499,Moderado
13.023,43.0,0.0,27.117346,Alto
12.623,41.0,0.0,27.193705,Alto
12.773,43.0,0.0,29.168886,Alto
12.823,43.0,0.0,28.291512,Alto
12.922999,42.0,0.0,28.820242,Alto
12.273,46.0,0.0,28.33957,Alto
11.523,52.0,0.0,28.01531,Alto
11.023,55.0,0.0,30.267845,Alto
10.323,60.0,0.0,25.762016,Alto
9.523,65.0,0.1,24.26998,Alto
9.223,65.0,0.0,23.277834,Alto
8.873,66.0,0.0,23.185787,Alto
8.523,69.0,0.0,20.46941,Moderado
8.573,68.0,0.0,20.63023,Moderado
8.273,70.0,0.0,21.659916,Moderado
7.9729996,74.0,0.0,20.150354,Moderado
7.373,78.0,0.0,18.671474,Moderado
7.2229996,76.0,0.0,19.721298,Moderado
7.523,72.0,0.0,22.086521,Moderado
8.573,59.0,0.0,23.688984,Alto
10.023,49.0,0.0,24.387177,Alto
10.573,47.0,0.0,24.29133,Alto
11.422999,42.0,0.0,23.499481,Alto
11.573,39.0,0.0,24.933735,Alto
11.273,41.0,0.0,26.302181,Alto
11.573,42.0,0.0,25.60053,Alto
12.223,40.0,0.0,24.122683,Alto
12.523,41.0,0.0,24.482647,Alto
13.422999,39.0,0.0,23.042812,Alto
13.723,35.0,0.0,22.751316,Alto
13.172999,36.0,0.0,21.605999,Alto
12.473,39.0,0.0,20.898611,Alto
11.473,45.0,0.0,16.039202,Moderado
10.623,50.0,0.0,11.043261,Moderado
9.422999,56.0,0.0,8.161764,Moderado
8.422999,64.0,0.0,8.669949,Moderado
8.073,69.0,0.0,9.422101,Moderado
8.123,71.0,0.0,10.296251,Moderado
8.422999,73.0,0.0,13.584932,Moderado
8.672999,68.0,0.0,18.193361,Moderado
8.473,71.0,0.0,16.923828,Moderado
8.823,72.0,0.0,15.778518,Moderado
9.773,68.0,0.0,16.263872,Moderado
10.922999,62.0,0.0,20.65848,Moderado
11.672999,54.0,0.0,19.296133,Moderado
12.922999,48.0,0.0,21.129885,Alto
13.873,44.0,0.0,21.841648,Alto
14.223,43.0,0.0,22.380884,Alto
15.073,41.0,0.0,21.129883,Alto
15.672999,39.0,0.0,21.629978,Alto
16.073,39.0,0.0,20.966715,Alto
16.023,42.0,0.0,20.858265,Alto
16.273,43.0,0.0,19.191748,Alto
16.723001,42.0,0.0,18.35647,Alto
16.923,40.0,0.0,18.057508,Alto
16.373001,43.0,0.0,13.797913,Moderado
15.773,46.0,0.0,9.504272,Moderado
14.073,53.0,0.0,6.9153743,Moderado
12.723,60.0,0.0,5.991594,Bajo
12.023,64.0,0.0,4.1046314,Bajo
11.073,69.0,0.0,3.8773184,Bajo
10.422999,73.0,0.0,2.5959969,Bajo
9.473,75.0,0.0,1.8,Bajo
8.973,76.0,0.0,1.08,Bajo
8.773,78.0,0.0,2.3051248,Bajo
9.023,79.0,0.0,1.835647,Bajo
9.623,80.0,0.0,2.3051248,Bajo
11.023,75.0,0.0,3.6179552,Bajo
13.623,62.0,0.0,7.754637,Moderado
14.723,46.0,0.0,14.113652,Moderado
15.473,42.0,0.0,16.179987,Moderado
17.023,39.0,0.0,15.463246,Moderado
17.873001,39.0,0.0,15.192682,Moderado
18.323,37.0,0.0,15.39184,Moderado
19.223001,34.0,0.0,18.94024,Alto
19.523,32.0,0.0,17.414476,Alto
19.723001,31.0,0.0,14.973576,Moderado
19.773,31.0,0.0,13.397612,Moderado
19.273,34.0,0.0,13.324863,Moderado
18.423,36.0,0.0,9.72,Moderado
17.573,39.0,0.0,5.95906,Moderado
15.873,48.0,0.0,4.452954,Bajo
14.723,52.0,0.0,5.1544156,Bajo
14.123,55.0,0.0,3.96,Bajo
13.023,59.0,0.0,3.8939953,Bajo
11.873,63.0,0.0,4.2136917,Bajo
10.273,71.0,0.0,7.771331,Bajo
9.723,79.0,0.0,11.631956,Moderado
8.672999,89.0,0.0,12.303366,Bajo
8.422999,90.0,0.0,13.237039,Moderado
9.323,83.0,0.0,15.827721,Moderado
10.773,75.0,0.0,16.343367,Moderado
12.023,73.0,0.0,17.015474,Moderado
13.573,71.0,0.0,18.35647,Moderado
13.623,75.0,0.0,15.629971,Moderado
12.672999,85.0,0.0,11.440979,Bajo
13.773,82.0,1.3,6.28713,Bajo
14.422999,82.0,0.9,4.3349743,Bajo
14.973,79.0,0.0,5.0142193,Bajo
15.073,81.0,0.9,3.396233,Bajo
15.723,78.0,0.4,4.379589,Bajo
16.873001,73.0,0.0,1.8,Bajo
17.323,71.0,0.0,3.396233,Bajo
17.273,71.0,0.0,1.8,Bajo
15.523,86.0,0.1,8.587338,Bajo
13.823,95.0,0.7,8.373386,Bajo
12.873,96.0,0.2,6.924738,Bajo
12.172999,97.0,0.0,5.4119864,Bajo
11.773,99.0,0.0,6.924738,Bajo
11.573,99.0,0.0,7.6367526,Bajo
10.672999,99.0,0.0,8.350138,Bajo
10.473,99.0,0.0,11.252519,Bajo
9.973,100.0,0.0,13.138765,Bajo
9.723,100.0,0.1,14.685176,Bajo
9.773,100.0,0.0,14.764389,Bajo
9.973,100.0,0.0,15.137133,Moderado
10.123,98.0,0.0,17.81909,Moderado
10.672999,95.0,0.0,19.829433,Moderado
11.773,87.0,0.0,20.570463,Moderado
12.473,84.0,0.0,20.240196,Moderado
13.323,80.0,0.0,18.888851,Moderado
14.323,77.0,0.0,18.64369,Moderado
15.273,73.0,0.0,15.778518,Moderado
15.523,72.0,0.0,9.178235,Bajo
16.423,67.0,0.8,1.2979984,Bajo
16.123001,70.0,0.3,7.7043357,Bajo
14.422999,81.0,1.8,19.319628,Moderado
13.323,74.0,0.2,23.83896,Moderado
13.073,78.0,0.0,21.53089,Moderado
11.422999,78.0,0.0,20.730501,Moderado
10.573,81.0,0.0,18.899143,Moderado
10.823,82.0,0.0,18.345877,Moderado
10.922999,83.0,0.0,15.629972,Moderado
10.873,77.0,0.0,24.087738,Moderado
10.422999,87.0,0.6,17.015474,Bajo
10.172999,81.0,1.0,21.096123,Moderado
9.723,79.0,0.6,21.120682,Moderado
9.172999,74.0,0.5,18.556595,Moderado
9.523,68.0,0.1,19.33639,Moderado
9.523,63.0,0.0,22.59699,Alto
9.172999,60.0,0.0,22.884789,Alto
9.422999,56.0,0.0,25.537172,Alto
10.223,48.0,0.0,25.49908,Alto
10.223,44.0,0.0,27.859905,Alto
11.672999,38.0,0.0,30.376833,Muy alto
12.073,36.0,0.0,30.05515,Muy alto
12.323,38.0,0.0,27.666182,Alto
12.273,39.0,0.0,27.169865,Alto
11.922999,40.0,0.0,26.302181,Alto
11.473,42.0,0.0,25.140787,Alto
11.073,42.0,0.0,24.312662,Alto
10.373,45.0,0.0,22.73707,Alto
9.523,46.0,0.0,20.393293,Alto
8.723,54.0,0.0,14.264361,Moderado
8.373,63.0,0.0,11.570515,Moderado
8.773,69.0,0.0,11.384199,Moderado
9.023,72.0,0.0,11.592895,Moderado
9.023,77.0,0.0,11.298495,Moderado
8.973,79.0,0.0,11.983188,Moderado
9.123,79.0,0.0,11.298495,Moderado
9.123,84.0,0.1,10.966713,Bajo
9.373,86.0,0.0,11.27553,Bajo
9.823,85.0,0.0,12.397806,Moderado
10.273,84.0,0.0,14.84318,Moderado
11.123,82.0,0.0,14.039999,Moderado
11.523,80.0,0.0,15.256526,Moderado
12.323,77.0,0.0,19.211996,Moderado
12.922999,75.0,0.0,22.45315,Moderado
14.523,68.0,0.0,27.77838,Alto
15.273,65.0,0.0,30.018473,Alto
15.172999,57.0,0.0,33.40055,Muy alto
15.422999,43.0,0.0,34.94968,Muy alto
14.123,46.0,0.0,35.39186,Muy alto
13.123,51.0,0.0,33.202072,Muy alto
11.823,57.0,0.0,32.37999,Alto
10.873,61.0,0.0,29.5551,Alto
10.473,62.0,0.0,28.1169,Alto
9.672999,68.0,0.0,29.522196,Alto
9.023,72.0,0.0,28.442278,Alto
8.623,72.0,0.0,27.729347,Alto
8.273,71.0,0.0,29.934166,Alto
7.873,70.0,0.0,28.100763,Alto
7.4729996,69.0,0.0,25.922499,Alto
7.123,71.0,0.0,26.302181,Alto
6.873,72.0,0.0,25.919998,Alto
7.023,71.0,0.0,27.36947,Alto
7.773,67.0,0.0,27.757376,Alto
8.973,61.0,0.0,29.381382,Alto
10.723,50.0,0.0,31.722921,Alto
11.773,45.0,0.0,31.427404,Muy alto
12.922999,41.0,0.0,31.782108,Muy alto
13.973,37.0,0.0,31.667723,Muy alto
14.422999,37.0,0.0,30.811037,Muy alto
15.223,35.0,0.0,28.449112,Alto
16.173,34.0,0.0,26.319422,Alto
16.573,34.0,0.0,25.099514,Alto
16.473001,35.0,0.0,24.717085,Alto
16.223,35.0,0.0,23.749088,Alto
15.672999,36.0,0.0,21.41319,Alto
14.723,38.0,0.0,18.86139,Alto
14.123,42.0,0.0,14.33234,Moderado
12.672999,48.0,0.0,10.30883,Moderado
10.973,57.0,0.0,8.089993,Moderado
10.023,60.0,0.0,6.4096174,Bajo
9.422999,61.0,0.0,5.8603754,Bajo
9.023,65.0,0.0,6.28713,Bajo
8.422999,76.0,0.2,8.707238,Bajo
8.123,75.0,0.0,1.8,Bajo
7.7229996,81.0,0.4,3.9763298,Bajo
7.7229996,80.0,0.7,6.0347,Bajo
7.9230003,80.0,0.7,9.885262,Bajo
8.773,76.0,0.3,15.696165,Bajo
11.223,60.0,0.3,27.09822,Moderado
11.823,51.0,0.0,32.43398,Muy alto
12.223,50.0,0.0,29.024128,Alto
11.373,56.0,0.5,30.633865,Alto
11.473,55.0,0.4,36.367126,Alto
11.823,48.0,0.0,40.54118,Muy alto
10.973,51.0,0.0,42.525738,Muy alto
10.123,50.0,0.0,39.562347,Muy alto
10.273,45.0,0.0,39.162308,Muy alto
9.623,44.0,0.0,35.864742,Muy alto
8.723,47.0,0.0,33.033802,Muy alto
7.823,51.0,0.0,30.735231,Alto
7.073,58.0,0.0,29.070974,Alto
5.9230003,65.0,0.0,27.038372,Alto
5.2229996,69.0,0.0,26.282465,Alto
4.823,70.0,0.0,25.20257,Alto
4.573,70.0,0.0,24.842607,Alto
4.273,70.0,0.0,25.570139,Alto
3.823,74.0,0.0,24.850431,Alto
3.623,75.0,0.0,24.522316,Moderado
3.573,75.0,0.0,25.223133,Alto
3.723,72.0,0.0,24.850431,Alto
4.573,67.0,0.0,26.64,Alto
5.773,60.0,0.0,27.757376,Alto
7.023,56.0,0.0,29.339449,Alto
7.623,52.0,0.1,30.926489,Alto
8.323,52.0,0.1,31.353085,Alto
9.172999,50.0,0.2,31.259941,Alto
9.523,48.0,0.3,32.587456,Alto
9.873,48.0,0.4,33.3792,Alto
10.123,48.0,0.3,34.17157,Alto
10.172999,46.0,0.2,33.697998,Alto
9.922999,46.0,0.0,33.96233,Muy alto
9.523,46.0,0.0,33.092598,Muy alto
8.773,47.0,0.0,31.765793,Muy alto
7.873,51.0,0.0,29.882166,Alto
6.873,55.0,0.0,28.58545,Alto
5.873,60.0,0.0,25.772078,Alto
5.323,64.0,0.0,24.798225,Alto
5.073,67.0,0.0,23.933907,Alto
4.873,67.0,0.0,22.725668,Moderado
4.773,67.0,0.0,20.880001,Moderado
4.4230003,71.0,0.0,17.873556,Moderado
4.373,73.0,0.0,16.179985,Moderado
4.523,78.0,0.0,13.441071,Moderado
4.9230003,83.0,0.0,13.37825,Moderado
5.4230003,81.0,0.1,17.782688,Moderado
5.4230003,82.0,0.5,16.923828,Bajo
5.2229996,84.0,0.7,18.59845,Bajo
5.773,81.0,0.7,18.335276,Bajo
6.073,78.0,0.7,20.421871,Moderado
7.1730003,76.0,0.6,20.61766,Moderado
8.422999,74.0,0.3,22.427162,Moderado
9.773,74.0,0.2,29.44307,Moderado
9.922999,78.0,0.0,21.068459,Moderado
10.523,81.0,0.0,23.263912,Moderado
11.323,79.0,0.3,31.421213,Moderado
11.422999,74.0,0.1,34.606842,Alto
10.373,73.0,0.1,37.123665,Muy alto
9.773,73.0,0.0,35.68542,Alto
9.172999,72.0,0.0,38.329437,Muy alto
7.773,65.0,0.0,35.281837,Muy alto
6.773,70.0,0.0,33.549606,Alto
6.073,72.0,0.0,34.966362,Alto
5.573,71.0,0.0,37.883907,Muy alto
5.2229996,73.0,0.0,38.221085,Muy alto
5.373,70.0,0.0,36.47388,Muy alto
5.2229996,73.0,0.0,37.16553,Muy alto
5.123,73.0,0.0,37.550602,Muy alto
5.273,73.0,0.0,37.815426,Muy alto
5.9230003,70.0,0.0,38.96158,Muy alto
6.573,68.0,0.0,42.3792,Muy alto
7.2229996,70.0,0.2,45.05756,Muy alto
8.073,64.0,0.0,48.786304,Muy alto
9.023,63.0,0.0,48.885822,Muy alto
9.823,60.0,0.0,49.951862,Extremo
10.523,59.0,0.0,50.907867,Extremo
10.422999,62.0,0.1,51.13521,Extremo
10.373,61.0,0.1,52.441505,Extremo
9.723,64.0,0.1,49.89605,Muy alto
9.573,65.0,0.1,48.117603,Muy alto
9.323,64.0,0.0,46.40091,Muy alto
8.873,66.0,0.0,44.39546,Muy alto
8.023,68.0,0.0,43.09487,Muy alto
7.6730003,68.0,0.0,40.908737,Muy alto
6.7229996,72.0,0.0,38.535137,Muy alto
6.4230003,74.0,0.0,36.72706,Muy alto
6.2229996,76.0,0.0,37.441727,Muy alto
5.9729996,76.0,0.0,37.44,Muy alto
5.823,76.0,0.0,36.016193,Alto
5.9230003,76.0,0.0,33.908863,Alto
5.9729996,75.0,0.0,33.24498,Alto
5.9729996,75.0,0.0,33.1376,Alto
5.9230003,73.0,0.0,31.698402,Alto
6.323,74.0,0.0,33.121956,Alto
7.1730003,69.0,0.0,36.06474,Muy alto
8.023,63.0,0.0,39.014767,Muy alto
9.323,57.0,0.0,41.393738,Muy alto
10.273,56.0,0.0,37.777702,Muy alto
11.023,54.0,0.0,37.47114,Muy alto
11.773,50.0,0.0,37.54543,Muy alto
12.422999,46.0,0.0,37.798286,Muy alto
12.672999,47.0,0.0,39.9097,Muy alto
12.373,42.0,0.0,40.75798,Muy alto
11.623,42.0,0.0,38.80159,Muy alto
11.073,41.0,0.0,35.127216,Muy alto
10.523,43.0,0.0,32.957207,Muy alto
9.823,51.0,0.0,30.124065,Alto
9.172999,54.0,0.0,27.181787,Alto
7.9230003,58.0,0.0,22.148045,Alto
6.9729996,66.0,0.0,17.643673,Moderado
6.273,75.0,0.0,14.917212,Moderado
5.873,80.0,0.0,13.849477,Moderado
5.7229996,83.0,0.0,14.386494,Moderado
5.4729996,84.0,0.0,17.174677,Moderado
5.6730003,85.0,0.0,16.299694,Moderado
5.773,84.0,0.0,14.081477,Moderado
5.823,84.0,0.0,11.019764,Bajo
6.7229996,81.0,0.0,7.145796,Bajo
8.123,73.0,0.0,7.9932966,Bajo
9.573,66.0,0.0,10.495713,Moderado
10.223,58.0,0.0,14.917212,Moderado
10.973,56.0,0.0,17.782688,Moderado
10.922999,57.0,0.3,22.782625,Moderado
10.823,56.0,0.2,21.479664,Moderado
10.172999,61.0,0.4,20.633371,Moderado
10.523,70.0,0.5,27.059933,Moderado
10.073,78.0,1.1,22.473343,Moderado
10.422999,82.0,1.5,15.978484,Bajo
11.123,81.0,0.3,10.24578,Bajo
11.172999,84.0,0.3,12.074766,Bajo
11.223,89.0,0.6,11.983188,Bajo
11.922999,63.0,0.1,22.90743,Alto
10.373,61.0,0.0,32.409996,Alto
8.623,69.0,0.0,37.84283,Muy alto
7.2229996,71.0,0.1,40.78182,Muy alto
6.573,71.0,0.0,39.014767,Muy alto
6.4230003,70.0,0.0,38.687855,Muy alto
6.523,74.0,0.0,37.254345,Muy alto
6.323,75.0,0.0,36.47388,Alto
6.273,76.0,0.0,34.94968,Alto
6.4729996,75.0,0.0,33.190357,Alto
7.323,73.0,0.0,32.527744,Alto
8.223,68.0,0.0,36.361782,Muy alto
9.623,62.0,0.0,30.274265,Alto
9.672999,65.0,0.1,27.645092,Alto
10.473,57.0,0.0,29.795301,Alto
10.723,56.0,0.0,28.348713,Alto
10.273,60.0,0.1,30.77737,Alto
10.623,59.0,0.2,33.53415,Alto
10.123,65.0,0.5,36.982006,Alto
10.172999,67.0,0.6,36.145504,Alto
10.373,65.0,0.2,41.33734,Alto
10.823,62.0,0.1,38.773186,Muy alto
10.523,69.0,0.1,38.526726,Muy alto
9.773,75.0,0.4,31.222609,Moderado
9.672999,72.0,0.1,35.413826,Alto
8.773,72.0,0.1,32.489876,Alto
8.173,74.0,0.0,31.421213,Alto
7.7229996,76.0,0.1,32.142982,Alto
7.323,74.0,0.0,32.058193,Alto
6.9729996,73.0,0.0,30.78368,Alto
6.9729996,72.0,0.0,28.174456,Alto
6.4729996,72.0,0.0,28.66694,Alto
6.073,71.0,0.0,28.856194,Alto
5.773,71.0,0.0,30.05515,Alto
6.123,68.0,0.0,31.394394,Alto
6.573,66.0,0.0,34.217045,Alto
7.623,62.0,0.1,41.76155,Muy alto
8.273,59.0,0.0,45.005756,Muy alto
8.623,61.0,0.1,45.372852,Muy alto
8.922999,63.0,0.2,46.912018,Muy alto
9.973,60.0,0.2,45.680298,Muy alto
10.573,54.0,0.0,47.373863,Muy alto
11.023,53.0,0.0,52.319035,Extremo
10.523,56.0,0.0,48.462475,Muy alto
10.422999,53.0,0.0,49.33182,Extremo
10.073,51.0,0.0,47.771606,Extremo
9.172999,52.0,0.0,42.609463,Muy alto
8.173,57.0,0.0,39.67847,Muy alto
7.273,66.0,0.0,38.403748,Muy alto
5.9230003,71.0,0.0,34.201893,Alto
5.573,77.0,0.0,30.293522,Alto
5.623,80.0,0.0,32.283787,Alto
5.523,80.0,0.0,31.487139,Alto
5.623,82.0,0.0,29.070974,Alto
6.123,83.0,0.0,32.789658,Alto
6.6730003,84.0,0.0,34.2303,Alto
6.7229996,79.0,0.0,37.916393,Muy alto
6.4230003,58.0,0.0,38.023907,Muy alto
6.623,60.0,0.0,38.332817,Muy alto
7.323,58.0,0.0,38.723015,Muy alto
8.023,58.0,0.0,41.213318,Muy alto
8.922999,50.0,0.0,40.877045,Muy alto
9.823,47.0,0.0,41.787918,Muy alto
10.273,45.0,0.0,42.785507,Muy alto
11.023,38.0,0.0,43.118923,Muy alto
10.873,38.0,0.0,44.813854,Muy alto
11.123,39.0,0.0,43.99076,Muy alto
11.023,39.0,0.0,43.189495,Muy alto
10.422999,42.0,0.0,40.998924,Muy alto
10.323,46.0,0.0,36.896046,Muy alto
9.623,49.0,0.0,35.27449,Muy alto
8.873,50.0,0.0,33.46645,Muy alto
7.873,59.0,0.0,27.021591,Alto
6.773,70.0,0.1,21.38897,Moderado
6.073,78.0,0.4,15.379206,Bajo
5.823,86.0,1.0,7.754637,Bajo
5.7229996,90.0,0.9,1.2979984,Bajo
5.823,90.0,0.3,2.5455842,Bajo
6.023,93.0,0.0,12.0694,Bajo
7.4729996,92.0,0.0,21.67487,Moderado
9.273,81.0,0.0,36.028786,Alto
9.473,76.0,0.0,42.126152,Muy alto
9.473,74.0,0.0,42.48,Muy alto
10.073,69.0,0.0,42.021423,Muy alto
11.273,57.0,0.0,42.9729,Muy alto
11.023,51.0,0.0,41.742928,Muy alto
11.473,46.0,0.0,38.848316,Muy alto
11.723,43.0,0.0,36.43655,Muy alto
11.973,41.0,0.0,35.455887,Muy alto
12.023,39.0,0.0,34.137413,Muy alto
11.973,38.0,0.0,34.131718,Muy alto
11.873,37.0,0.0,30.911821,Muy alto
11.422999,38.0,0.0,27.231804,Alto
10.823,40.0,0.0,23.469128,Alto
10.123,42.0,0.0,19.734436,Alto
9.323,45.0,0.0,15.986595,Moderado
8.623,48.0,0.0,14.05845,Moderado
8.073,52.0,0.0,11.119281,Moderado
6.323,63.0,0.8,10.703569,Bajo
4.623,78.0,2.0,10.105681,Bajo
4.323,83.0,2.1,11.298495,Bajo
4.523,88.0,2.1,10.086427,Bajo
4.223,91.0,2.6,12.864649,Bajo
4.373,93.0,0.6,13.246826,Bajo
3.823,91.0,0.0,14.168641,Moderado
3.673,90.0,0.0,10.787993,Bajo
3.973,88.0,0.0,6.4799995,Bajo
4.523,88.0,0.0,4.0249224,Bajo
6.073,91.0,0.0,6.130579,Bajo
6.9729996,89.0,0.0,5.95906,Bajo
9.123,90.0,0.0,7.5942073,Bajo
11.573,86.0,0.0,9.9571085,Bajo
13.672999,76.0,0.0,17.555305,Moderado
15.073,70.0,0.0,19.523155,Moderado
15.123,74.0,0.4,12.88981,Bajo
14.073,83.0,1.3,21.599998,Moderado
13.623,87.0,2.1,21.794127,Moderado
13.473,88.0,2.6,17.339897,Bajo
13.723,89.0,0.9,13.5515,Bajo
14.223,85.0,0.3,15.484185,Bajo
14.323,85.0,0.1,12.287555,Moderado
14.373,84.0,0.7,13.493999,Bajo
14.172999,77.0,1.0,29.655787,Moderado
12.973,74.0,0.0,30.158459,Alto
11.823,68.0,0.0,28.835976,Alto
9.973,63.0,0.0,25.982424,Alto
9.723,66.0,0.0,21.605999,Moderado
9.073,68.0,0.0,21.605999,Moderado
8.323,69.0,0.0,19.296133,Moderado
7.873,68.0,0.0,19.493261,Moderado
8.223,64.0,0.0,19.602652,Moderado
9.223,59.0,0.0,24.967499,Alto
10.623,55.0,0.0,24.122683,Alto
11.473,51.0,0.0,23.759998,Alto
12.073,50.0,0.0,22.392462,Alto
13.073,45.0,0.0,21.67487,Alto
13.922999,43.0,0.0,20.966715,Alto
14.973,39.0,0.0,20.65848,Alto
16.373001,32.0,0.0,20.61766,Alto
16.923,33.0,0.0,21.413193,Alto
16.023,35.0,0.0,23.277834,Alto
15.273,39.0,0.0,20.883102,Alto
14.973,41.0,0.0,17.10284,Moderado
14.523,45.0,0.0,15.530151,Moderado
14.123,48.0,0.0,10.195057,Moderado
13.073,56.0,0.1,6.1305785,Bajo
12.223,62.0,0.0,4.2136917,Bajo
11.473,68.0,0.0,4.0249224,Bajo
10.773,72.0,0.0,5.0528407,Bajo
10.823,71.0,0.0,3.6,Bajo
10.023,79.0,0.2,2.8116899,Bajo
9.672999,82.0,0.3,6.130579,Bajo
9.473,75.0,0.5,11.457958,Bajo
8.773,76.0,0.0,11.304229,Moderado
9.123,76.0,0.0,11.923557,Moderado
10.422999,68.0,0.0,14.118243,Moderado
12.623,53.0,0.0,18.03237,Moderado
13.873,45.0,0.0,18.057508,Moderado
15.273,40.0,0.0,18.448023,Alto
16.323,37.0,0.0,19.803272,Alto
16.923,36.0,0.0,19.852295,Alto
17.623001,34.0,0.0,18.806337,Alto
17.973001,32.0,0.0,23.143827,Alto
17.723001,35.0,0.0,22.26477,Alto
18.073,37.0,0.0,18.289274,Alto
18.173,37.0,0.0,18.057508,Alto
17.373001,40.0,0.0,17.414474,Alto
16.423,43.0,0.0,15.683774,Moderado
15.922999,45.0,0.0,14.291592,Moderado
14.823,50.0,0.0,10.883676,Moderado
14.273,53.0,0.0,7.145796,Moderado
13.623,58.0,0.0,4.6102495,Bajo
12.773,64.0,0.0,2.8799999,Bajo
11.973,69.0,0.0,3.396233,Bajo
10.473,77.0,0.0,4.32,Bajo
9.422999,83.0,0.0,4.829907,Bajo
8.473,89.0,0.0,5.0142193,Bajo
7.873,91.0,0.0,5.3517847,Bajo
9.672999,77.0,0.0,6.379216,Bajo
12.023,59.0,0.0,10.08,Moderado
13.623,51.0,0.0,11.440978,Moderado
15.172999,50.0,0.0,8.473393,Moderado
16.873001,48.0,0.0,8.647496,Moderado
18.373001,47.0,0.0,9.659814,Moderado
19.823,46.0,0.0,10.787993,Moderado
20.223001,46.0,0.0,11.457958,Moderado
20.423,48.0,0.0,13.979872,Moderado
20.573,47.0,0.0,13.891522,Moderado
20.023,47.0,0.0,14.336861,Moderado
19.423,49.0,0.0,16.09969,Moderado
17.673,59.0,1.4,12.979984,Bajo
17.023,62.0,0.1,14.081478,Moderado
16.973001,58.0,0.0,14.618837,Moderado
15.373,64.0,0.0,9.779817,Moderado
13.873,71.0,0.0,4.3349743,Bajo
12.922999,76.0,0.0,3.6179552,Bajo
12.223,81.0,0.0,1.835647,Bajo
11.523,83.0,0.0,3.5455887,Bajo
10.273,84.0,0.0,3.671294,Bajo
10.373,84.0,0.0,4.0249224,Bajo
10.473,83.0,0.0,5.634891,Bajo
12.723,74.0,0.0,12.783802,Moderado
13.723,49.0,0.0,29.122198,Alto
11.823,57.0,0.0,28.639803,Alto
14.123,51.0,0.0,25.455843,Alto
14.422999,50.0,0.0,30.657122,Alto
14.973,47.0,0.0,32.736256,Muy alto
13.073,53.0,0.0,35.038563,Muy alto
12.223,53.0,0.0,38.96158,Muy alto
12.922999,49.0,0.0,40.5907,Muy alto
14.323,41.0,0.0,38.175278,Muy alto
14.273,42.0,0.0,36.691753,Muy alto
13.873,44.0,0.0,33.973778,Muy alto
12.823,46.0,0.0,32.839024,Muy alto
12.323,43.0,0.0,30.413076,Alto
11.473,50.0,0.0,30.222849,Alto
9.773,54.0,0.0,28.948118,Alto
8.473,60.0,0.0,25.922499,Alto
7.623,63.0,0.0,24.387177,Alto
7.1730003,66.0,0.0,21.434364,Moderado
6.9230003,70.0,0.0,19.134262,Moderado
6.6730003,74.0,0.0,17.643673,Moderado
6.4729996,80.0,0.0,15.5843,Moderado
6.123,83.0,0.0,13.363711,Moderado
5.823,86.0,0.0,11.901798,Bajo
5.873,87.0,0.0,11.525623,Bajo
7.523,79.0,0.0,13.324863,Moderado
9.623,70.0,0.0,17.654688,Moderado
11.573,61.0,0.0,19.386591,Moderado
12.922999,54.0,0.0,19.353138,Moderado
13.873,50.0,0.0,18.720001,Moderado
14.373,48.0,0.0,18.532133,Moderado
15.123,46.0,0.0,18.720001,Alto
16.023,44.0,0.0,19.64228,Alto
16.523,42.0,0.0,19.161337,Alto
16.523,44.0,0.0,19.161337,Alto
16.623001,43.0,0.0,17.399586,Moderado
16.673,42.0,0.0,16.92383,Moderado
15.823,46.0,0.0,17.654688,Moderado
14.873,49.0,0.0,17.309973,Moderado
14.023,51.0,0.0,13.797913,Moderado
12.172999,60.0,0.0,10.538843,Moderado
10.473,70.0,0.0,9.028754,Bajo
9.623,75.0,0.0,8.28,Bajo
8.773,80.0,0.0,6.12,Bajo
7.873,85.0,0.0,5.634891,Bajo
6.9230003,90.0,0.0,6.193674,Bajo
6.9729996,87.0,0.0,6.439876,Bajo
6.9230003,86.0,0.0,6.379216,Bajo
6.773,88.0,0.0,6.379216,Bajo
8.573,80.0,0.0,7.5942073,Bajo
10.922999,69.0,0.0,11.212135,Moderado
12.422999,60.0,0.0,17.298738,Moderado
13.723,54.0,0.0,19.211996,Moderado
14.123,51.0,0.0,21.398056,Alto
14.672999,47.0,0.0,22.380884,Alto
14.773,46.0,0.0,24.216522,Alto
15.172999,44.0,0.0,25.49908,Alto
15.323,44.0,0.0,27.210379,Alto
14.123,47.0,0.0,26.525429,Alto
13.672999,49.0,0.0,25.171696,Alto
14.323,47.0,0.0,24.590923,Alto
13.623,50.0,0.0,24.448214,Alto
12.672999,54.0,0.0,22.881956,Alto
11.323,58.0,0.0,21.605999,Alto
10.172999,64.0,0.0,17.698677,Moderado
9.172999,70.0,0.0,16.575644,Moderado
8.323,77.0,0.0,13.684735,Moderado
7.573,82.0,0.0,11.609651,Bajo
7.273,84.0,0.0,10.594036,Bajo
7.073,86.0,0.0,10.137692,Bajo
6.9729996,85.0,0.0,9.107359,Bajo
7.1730003,86.0,0.0,8.225035,Bajo
7.4729996,87.0,0.0,8.891344,Bajo
8.573,83.0,0.0,9.504273,Bajo
9.773,78.0,0.0,10.1887,Bajo
10.873,71.0,0.0,15.484185,Moderado
11.672999,70.0,0.2,18.03237,Moderado
12.172999,71.0,0.3,19.694992,Moderado
12.723,68.0,0.0,23.277834,Alto
13.473,66.0,0.0,22.366402,Alto
13.422999,67.0,0.0,19.296135,Moderado
14.623,61.0,0.0,29.96662,Alto
14.523,63.0,0.0,28.829233,Alto
14.823,63.0,0.0,27.943514,Alto
14.323,67.0,0.0,26.339111,Alto
13.573,73.0,0.0,22.702845,Moderado
13.023,75.0,0.0,22.26768,Moderado
12.422999,76.0,0.1,25.959969,Alto
11.823,83.0,0.2,23.683512,Moderado
11.573,85.0,0.5,24.280659,Moderado
11.073,82.0,0.6,26.999998,Moderado
10.823,81.0,0.0,25.862436,Alto
10.723,80.0,0.0,24.36325,Moderado
11.023,81.0,0.0,22.79684,Moderado
11.323,81.0,0.0,24.162947,Moderado
11.023,79.0,0.0,22.702845,Moderado
10.723,80.0,0.0,21.734581,Moderado
11.123,78.0,0.0,20.945072,Moderado
12.223,72.0,0.0,22.38378,Moderado
13.623,63.0,0.0,25.809765,Alto
14.323,59.0,0.0,27.811018,Alto
14.623,57.0,0.0,28.348713,Alto
14.922999,54.0,0.1,32.32992,Alto
14.723,40.0,0.0,35.945957,Muy alto
14.623,39.0,0.0,34.651752,Muy alto
15.273,40.0,0.0,36.57501,Muy alto
15.073,40.0,0.0,37.938602,Muy alto
13.273,48.0,0.0,37.14286,Muy alto
11.922999,50.0,0.0,36.04677,Muy alto
10.873,50.0,0.0,34.428497,Muy alto
9.623,51.0,0.0,34.471764,Muy alto
8.623,50.0,0.0,32.91983,Muy alto
7.323,54.0,0.0,32.791634,Alto
6.4729996,62.0,0.0,30.599998,Alto
6.073,64.0,0.0,29.522196,Alto
5.623,67.0,0.0,28.449112,Alto
5.323,68.0,0.0,26.67889,Alto
5.2229996,70.0,0.0,25.570139,Alto
4.9729996,70.0,0.0,24.144165,Alto
4.623,70.0,0.0,22.751316,Moderado
4.573,73.0,0.0,20.774214,Moderado
5.4230003,72.0,0.0,19.386591,Moderado
6.9729996,64.0,0.0,25.570139,Alto
7.6730003,60.0,0.1,25.562534,Alto
8.873,54.0,0.0,27.086262,Alto
9.823,51.0,0.0,28.357857,Alto
10.373,46.0,0.0,29.381382,Alto
10.723,43.0,0.0,30.453527,Alto
10.973,45.0,0.0,30.993471,Alto
11.123,50.0,0.0,29.88217,Alto
11.273,49.0,0.0,29.522196,Alto
11.422999,49.0,0.1,30.77105,Alto
11.073,55.0,0.1,31.129074,Alto
10.672999,59.0,0.1,29.59235,Alto
10.422999,61.0,0.0,26.183659,Alto
10.422999,62.0,0.0,25.537172,Alto
10.172999,65.0,0.0,25.872454,Alto
9.973,66.0,0.0,25.40743,Alto
9.773,68.0,0.0,24.144167,Alto
9.623,71.0,0.0,23.540806,Alto
9.523,71.0,0.0,23.871555,Alto
9.023,73.0,0.0,23.132626,Moderado
8.922999,75.0,0.0,21.659916,Moderado
8.922999,73.0,0.0,21.868332,Moderado
9.123,70.0,0.0,21.746502,Moderado
9.672999,67.0,0.0,23.241617,Alto
10.172999,68.0,0.0,29.035288,Alto
11.123,63.0,0.1,28.038431,Alto
11.373,62.0,0.0,26.339111,Alto
12.273,58.0,0.0,29.714724,Alto
12.573,59.0,0.1,28.745949,Alto
13.073,59.0,0.1,31.688177,Alto
12.523,64.0,0.3,30.821552,Alto
13.373,60.0,0.0,31.89608,Alto
13.823,57.0,0.0,32.096577,Alto
13.823,54.0,0.0,32.385994,Alto
12.823,58.0,0.0,31.072817,Alto
11.172999,71.0,0.7,26.882141,Moderado
10.523,74.0,0.5,24.066206,Moderado
10.623,72.0,0.4,22.7057,Moderado
10.172999,74.0,0.2,24.33664,Moderado
9.773,77.0,0.2,26.795223,Moderado
9.523,79.0,0.3,26.405453,Moderado
9.323,82.0,0.1,24.606731,Moderado
9.172999,83.0,0.1,23.540806,Moderado
9.573,82.0,0.2,23.871555,Moderado
9.223,80.0,0.3,24.251284,Moderado
8.323,74.0,0.0,21.791153,Moderado
7.7229996,73.0,0.0,23.97989,Moderado
7.9230003,70.0,0.0,25.20257,Alto
8.473,62.0,0.0,27.551172,Alto
9.672999,51.0,0.0,29.784426,Alto
10.373,46.0,0.0,31.012281,Alto
10.973,43.0,0.0,31.559088,Muy alto
11.422999,41.0,0.0,32.619255,Muy alto
11.723,39.0,0.0,33.74796,Muy alto
11.823,39.0,0.0,34.245445,Muy alto
11.973,38.0,0.0,37.212578,Muy alto
11.973,39.0,0.0,36.322556,Muy alto
11.672999,40.0,0.0,34.925564,Muy alto
11.223,43.0,0.0,33.1845,Muy alto
10.523,45.0,0.0,31.956972,Muy alto
9.573,49.0,0.0,30.222849,Alto
8.723,52.0,0.0,28.817993,Alto
7.623,57.0,0.0,24.251284,Alto
6.9729996,62.0,0.0,21.611998,Moderado
6.373,68.0,0.0,20.774214,Moderado
5.9729996,72.0,0.0,20.617662,Moderado
5.823,74.0,0.0,20.082708,Moderado
5.4729996,74.0,0.0,19.483284,Moderado
5.373,75.0,0.0,17.533146,Moderado
5.273,74.0,0.0,16.92383,Moderado
4.823,75.0,0.0,15.807239,Moderado
5.7229996,72.0,0.0,16.746773,Moderado
7.6730003,65.0,0.0,18.671474,Moderado
9.473,52.0,0.0,24.881702,Alto
10.922999,46.0,0.0,24.149532,Alto
12.223,42.0,0.0,23.491207,Alto
13.473,40.0,0.0,22.314194,Alto
14.873,39.0,0.0,23.469128,Alto
15.623,40.0,0.0,26.072052,Alto
17.323,38.0,0.0,28.48326,Alto
17.273,42.0,0.0,29.795301,Alto
17.373001,45.0,0.0,28.84047,Alto
17.173,49.0,0.0,29.354902,Alto
16.423,54.0,0.0,31.079071,Alto
15.223,59.0,0.0,32.10667,Alto
14.323,65.0,0.0,33.497414,Alto
13.422999,69.0,0.0,31.293089,Alto
12.573,72.0,0.1,28.694056,Alto
11.723,77.0,0.0,24.490585,Alto
11.473,79.0,0.0,22.206486,Moderado
11.723,77.0,0.0,20.948164,Moderado
11.823,76.0,0.0,19.93048,Moderado
11.922999,75.0,0.0,20.60823,Moderado
11.773,76.0,0.0,19.191748,Moderado
11.723,77.0,0.0,19.0392,Moderado
12.073,75.0,0.0,18.331741,Moderado
12.773,72.0,0.0,19.0392,Moderado
14.123,65.0,0.0,20.696085,Moderado
15.223,62.0,0.0,22.007162,Alto
16.923,58.0,0.0,27.44513,Alto
17.773,56.0,0.0,26.932714,Alto
18.473001,54.0,0.0,29.070974,Alto
19.323,50.0,0.0,30.855171,Alto
18.923,50.0,0.0,29.888672,Alto
19.573,48.0,0.0,31.259945,Muy alto
19.273,49.0,0.0,30.811037,Alto
18.923,51.0,0.0,29.478264,Alto
18.823,52.0,0.0,27.952787,Alto
17.873001,56.0,0.0,26.009842,Alto
17.173,51.0,0.0,24.850431,Alto
15.373,58.0,0.0,23.411074,Alto
14.073,64.0,0.0,17.64,Moderado
12.672999,71.0,0.0,12.758432,Moderado
11.873,76.0,0.0,9.565437,Bajo
11.323,79.0,0.0,8.759178,Bajo
10.373,77.0,0.0,10.948973,Moderado
10.023,80.0,0.0,9.885262,Bajo
9.723,82.0,0.0,11.792404,Moderado
9.172999,84.0,0.0,12.224107,Moderado
10.073,77.0,0.0,14.241629,Moderado
12.223,65.0,0.0,19.914217,Moderado
13.473,54.0,0.0,19.881649,Moderado
15.672999,43.0,0.0,22.81957,Alto
17.423,34.0,0.0,20.163212,Alto
18.523,33.0,0.0,21.26744,Alto
18.623001,37.0,0.0,20.523155,Alto
18.273,42.0,0.0,20.418695,Alto
16.023,60.0,0.1,16.676977,Moderado
14.023,76.0,2.0,12.144331,Bajo
13.623,82.0,1.8,8.287822,Bajo
13.523,84.0,1.1,6.379216,Bajo
13.273,88.0,1.4,3.6,Bajo
13.523,89.0,0.0,2.1897945,Bajo
13.873,92.0,0.0,3.7585104,Bajo
13.973,92.0,0.0,6.162207,Bajo
13.823,92.0,0.0,8.287822,Bajo
13.623,92.0,0.0,9.779817,Bajo
13.422999,92.0,0.0,11.013882,Bajo
12.573,90.0,0.0,11.212135,Bajo
11.672999,93.0,0.0,11.165805,Bajo
10.922999,92.0,0.0,10.08,Bajo
10.323,92.0,0.0,9.3669195,Bajo
9.873,91.0,0.0,8.647496,Bajo
10.672999,87.0,0.0,9.0645685,Bajo
12.422999,79.0,0.0,11.177405,Moderado
13.773,73.0,0.0,10.144082,Moderado
15.023,68.0,0.0,7.2,Bajo
16.473001,61.0,0.0,5.4119864,Bajo
17.573,55.0,0.0,6.763786,Moderado
18.823,50.0,0.0,6.193674,Moderado
20.223001,43.0,0.0,5.154415,Moderado
20.623001,42.0,0.0,4.68,Moderado
20.673,41.0,0.0,9.19939,Moderado
18.723001,53.0,0.0,15.782622,Moderado
16.423,63.0,0.0,21.470612,Moderado
15.773,64.0,0.0,21.758419,Alto
14.623,72.0,0.0,20.972897,Moderado
13.073,76.0,0.0,17.148247,Moderado
11.623,84.0,0.0,13.70839,Moderado
10.873,88.0,0.0,11.525623,Bajo
10.473,89.0,0.0,10.182337,Bajo
10.323,89.0,0.0,9.3669195,Bajo
10.172999,90.0,0.0,8.707238,Bajo
10.223,94.0,0.0,9.36,Bajo
10.073,95.0,0.0,9.007196,Bajo
10.023,96.0,0.0,8.473393,Bajo
10.123,96.0,0.0,7.42159,Bajo
10.273,95.0,0.0,7.754637,Bajo
10.773,91.0,0.1,8.287822,Bajo
10.473,95.0,1.3,7.2805495,Bajo
11.023,92.0,2.3,8.287822,Bajo
11.823,88.0,1.5,6.489992,Bajo
13.023,83.0,0.4,6.2145634,Bajo
13.922999,73.0,0.0,7.628263,Bajo
14.473,65.0,0.0,13.891522,Moderado
14.672999,68.0,0.0,15.807239,Moderado
15.172999,61.0,0.0,20.163212,Moderado
15.623,59.0,0.0,23.219301,Alto
14.773,60.0,0.2,26.079508,Moderado
13.773,60.0,0.0,27.607563,Alto
12.672999,55.0,0.0,26.042212,Alto
10.723,63.0,0.0,27.952787,Alto
9.273,67.0,0.0,25.050413,Alto
8.523,68.0,0.0,23.023119,Alto
7.823,69.0,0.0,20.633371,Moderado
7.073,75.0,0.0,18.014393,Moderado
6.373,80.0,0.0,16.700275,Moderado
5.873,80.0,0.0,15.876775,Moderado
5.573,81.0,0.0,15.84409,Moderado
5.323,81.0,0.0,15.124284,Moderado
4.823,81.0,0.0,13.363711,Moderado
5.373,77.0,0.0,13.441071,Moderado
7.123,70.0,0.0,16.954432,Moderado
8.672999,64.0,0.0,18.129137,Moderado
10.172999,55.0,0.0,19.296133,Moderado
11.422999,49.0,0.0,19.770523,Alto
12.373,43.0,0.0,20.418695,Alto
13.073,40.0,0.0,19.959719,Alto
13.623,39.0,0.0,19.803272,Alto
13.823,39.0,0.0,19.652176,Alto
13.172999,44.0,0.0,18.94024,Alto
13.723,42.0,0.0,16.700275,Moderado
14.172999,41.0,0.0,15.978486,Moderado
14.172999,39.0,0.0,15.509274,Moderado
13.623,40.0,0.0,13.237039,Moderado
12.723,45.0,0.0,7.653705,Moderado
10.672999,55.0,0.0,4.73506,Bajo
9.223,62.0,0.0,5.2416787,Bajo
9.373,60.0,0.0,8.350138,Moderado
9.373,64.0,0.0,9.0,Moderado
9.223,62.0,0.0,8.557102,Moderado
8.573,71.0,0.0,10.009036,Moderado
8.273,84.0,0.2,13.37825,Bajo
8.623,84.0,0.1,16.923828,Moderado
9.123,90.0,0.1,15.124284,Moderado
9.873,89.0,0.0,16.641972,Moderado
10.323,87.0,0.0,18.584509,Moderado
10.873,83.0,0.1,17.283749,Moderado
11.573,80.0,0.0,15.856354,Moderado
12.573,74.0,0.0,18.678415,Moderado
13.273,73.0,0.2,18.03237,Moderado
13.723,74.0,0.1,15.778516,Moderado
14.273,71.0,0.0,16.595179,Moderado
15.523,67.0,0.0,20.12461,Moderado
14.773,71.0,0.0,18.864824,Moderado
14.523,74.0,0.1,12.984975,Moderado
15.073,76.0,0.2,9.779817,Bajo
12.823,74.0,1.5,27.757376,Moderado
11.973,76.0,0.6,11.726277,Bajo
11.873,81.0,0.0,18.532133,Moderado
10.422999,63.0,0.0,13.5515,Moderado
8.723,75.0,0.0,7.5170207,Bajo
8.273,86.0,0.0,10.787993,Bajo
7.6730003,80.0,0.0,13.1041975,Moderado
7.123,82.0,0.0,11.770403,Moderado
6.573,86.0,0.0,10.144082,Bajo
6.123,85.0,0.0,9.19939,Bajo
5.823,84.0,0.0,9.085988,Bajo
5.623,85.0,0.0,9.504272,Bajo
6.523,78.0,0.0,11.681987,Moderado
8.173,69.0,0.0,18.892282,Moderado
9.123,61.0,0.0,26.564486,Alto
9.723,59.0,0.0,27.70831,Alto
10.223,57.0,0.0,28.820242,Alto
10.373,56.0,0.1,28.58545,Alto
10.473,57.0,0.1,27.691935,Alto
10.873,55.0,0.2,26.901417,Moderado
10.672999,51.0,0.4,27.698952,Alto
10.922999,46.0,0.2,27.952787,Alto
10.623,46.0,0.0,29.660152,Alto
10.573,44.0,0.0,29.239891,Alto
9.973,46.0,0.0,27.193705,Alto
9.073,50.0,0.0,25.068514,Alto
8.123,54.0,0.0,18.0,Moderado
7.023,61.0,0.0,9.178235,Moderado
6.523,65.0,0.0,7.42159,Bajo
6.523,68.0,0.2,11.440979,Bajo
6.573,77.0,0.6,14.84318,Bajo
7.323,68.0,0.0,15.893093,Moderado
8.373,59.0,0.7,21.26744,Moderado
8.672999,56.0,0.1,20.268991,Moderado
8.922999,55.0,0.0,20.073025,Moderado
8.823,66.0,0.0,23.424908,Alto
9.273,66.0,0.0,22.915916,Alto
10.073,65.0,0.0,29.460672,Alto
11.723,53.0,0.0,26.493652,Alto
11.973,52.0,0.0,28.954834,Alto
12.123,54.0,0.0,30.261421,Alto
12.073,58.0,0.2,28.97944,Alto
11.623,58.0,0.4,28.112288,Moderado
11.922999,46.0,0.0,28.30983,Alto
11.823,47.0,0.0,30.293522,Alto
11.873,43.0,0.0,28.47643,Alto
11.373,41.0,0.1,29.239891,Alto
10.973,40.0,0.1,26.932714,Alto
10.323,43.0,0.0,25.346148,Alto
9.422999,46.0,0.0,25.277023,Alto
8.573,48.0,0.0,21.41319,Alto
7.273,53.0,0.0,20.380579,Alto
6.273,59.0,0.0,18.86139,Moderado
5.623,65.0,0.0,20.46941,Moderado
5.123,70.0,0.0,21.413193,Moderado
5.023,72.0,0.0,22.539564,Moderado
5.4230003,71.0,0.0,23.210928,Moderado
5.4230003,68.0,0.0,24.066206,Alto
5.323,69.0,0.0,23.83624,Alto
5.573,69.0,0.0,25.282152,Alto
6.123,69.0,0.0,26.999998,Alto
7.073,64.0,0.0,31.883888,Alto
8.473,56.0,0.0,32.791634,Alto
9.373,52.0,0.0,34.2,Muy alto
9.973,50.0,0.0,35.296524,Muy alto
10.623,48.0,0.0,36.088093,Muy alto
11.023,48.0,0.0,36.115017,Muy alto
11.573,48.0,0.0,34.679794,Muy alto
11.623,48.0,0.0,35.945957,Muy alto
11.323,49.0,0.0,35.463196,Muy alto
10.922999,51.0,0.0,34.711544,Muy alto
10.223,55.0,0.0,33.672993,Muy alto
9.573,58.0,0.0,32.138947,Alto
8.723,62.0,0.0,30.652895,Alto
7.623,65.0,0.0,28.808998,Alto
6.573,72.0,0.0,25.582806,Alto
6.1730003,74.0,0.0,24.546085,Alto
6.023,72.0,0.0,23.857979,Moderado
5.873,73.0,0.0,22.505037,Moderado
5.7229996,75.0,0.0,20.833395,Moderado
5.523,76.0,0.0,20.898611,Moderado
5.523,75.0,0.0,19.386591,Moderado
5.823,77.0,0.0,18.11841,Moderado
5.873,80.0,0.1,14.458382,Moderado
6.1730003,84.0,0.0,11.983188,Bajo
7.7229996,80.0,0.0,14.81259,Moderado
8.922999,70.0,0.0,23.023119,Moderado
9.922999,69.0,0.0,25.153671,Alto
10.922999,66.0,0.0,26.405453,Alto
12.273,61.0,0.0,30.096085,Alto
12.523,61.0,0.0,32.078403,Alto
13.172999,60.0,0.0,33.39473,Alto
13.273,59.0,0.0,31.093666,Alto
13.523,59.0,0.0,30.703587,Alto
13.023,66.0,0.1,28.71437,Alto
13.473,63.0,0.0,23.623243,Alto
13.323,62.0,0.0,25.872454,Alto
11.723,78.0,0.5,20.073025,Moderado
10.723,85.0,1.7,16.78156,Bajo
10.523,85.0,1.0,16.87398,Bajo
10.723,84.0,0.7,22.206486,Moderado
11.023,85.0,0.4,24.33664,Moderado
11.723,82.0,0.0,25.992397,Alto
11.573,79.0,0.0,26.33911,Alto
11.422999,67.0,0.0,28.623962,Alto
10.823,68.0,0.0,31.667723,Alto
10.223,69.0,0.0,29.986076,Alto
10.023,70.0,0.0,29.268686,Alto
10.073,67.0,0.0,30.978832,Alto
10.773,64.0,0.0,33.87062,Alto
12.273,59.0,0.0,37.44692,Muy alto
12.973,54.0,0.0,39.37353,Muy alto
13.922999,51.0,0.0,39.32083,Muy alto
14.473,50.0,0.0,38.546906,Muy alto
15.023,48.0,0.0,40.03938,Muy alto
15.373,47.0,0.0,38.687855,Muy alto
16.573,43.0,0.0,40.23312,Muy alto
16.123001,46.0,0.0,36.615734,Muy alto
15.473,47.0,0.0,35.543507,Muy alto
14.823,48.0,0.0,36.04677,Muy alto
13.723,51.0,0.0,34.38895,Muy alto
12.823,55.0,0.0,32.43398,Alto
12.523,56.0,0.0,29.888672,Alto
11.422999,65.0,0.0,28.266306,Alto
10.922999,64.0,0.0,27.181787,Alto
10.422999,62.0,0.0,29.723444,Alto
9.973,64.0,0.0,28.948118,Alto
9.922999,65.0,0.0,30.009838,Alto
9.823,67.0,0.0,24.923338,Alto
9.523,70.0,0.0,24.535524,Alto
9.473,72.0,0.0,22.89611,Moderado
9.623,72.0,0.0,23.34455,Moderado
10.123,71.0,0.0,22.884789,Moderado
10.773,67.0,0.0,25.071096,Alto
12.273,61.0,0.0,24.72495,Alto
12.373,62.0,0.0,26.717722,Alto
12.773,62.0,0.1,25.862436,Alto
13.422999,59.0,0.2,26.693459,Moderado
13.873,55.0,0.1,27.952787,Alto
14.523,51.0,0.1,27.402597,Alto
14.023,53.0,0.2,25.721743,Moderado
14.123,52.0,0.1,23.441502,Alto
14.273,54.0,0.1,21.791153,Alto
13.323,58.0,0.3,20.188908,Moderado
12.073,66.0,0.3,17.294992,Moderado
10.973,74.0,0.4,13.324863,Bajo
10.523,78.0,0.3,10.08,Bajo
9.922999,82.0,0.3,9.3876505,Bajo
9.172999,86.0,0.1,7.5942082,Bajo
8.723,86.0,0.0,8.209263,Bajo
8.073,88.0,0.0,8.049845,Bajo
7.4729996,91.0,0.0,7.5170207,Bajo
7.1730003,87.0,0.0,9.9571085,Bajo
7.123,88.0,0.0,12.261158,Bajo
7.2229996,86.0,0.0,16.215992,Moderado
6.773,84.0,0.0,18.03237,Moderado
6.873,77.0,0.0,19.201874,Moderado
7.773,66.0,0.0,21.986542,Moderado
9.123,64.0,0.0,25.6233,Alto
10.573,55.0,0.0,27.645092,Alto
11.373,47.0,0.0,29.655787,Alto
11.273,44.0,0.0,30.574575,Alto
11.973,42.0,0.0,32.43398,Muy alto
12.373,41.0,0.0,31.129074,Muy alto
13.172999,41.0,0.0,33.40055,Muy alto
12.773,44.0,0.0,33.092598,Muy alto
12.523,48.0,0.0,31.559088,Muy alto
12.123,52.0,0.0,30.124065,Alto
11.223,51.0,0.0,28.948118,Alto
10.172999,55.0,0.0,26.987997,Alto
9.023,57.0,0.0,26.700743,Alto
8.073,59.0,0.0,22.7057,Alto
7.7229996,61.0,0.0,19.416653,Moderado
7.573,65.0,0.0,17.581125,Moderado
7.123,72.0,0.0,17.193533,Moderado
7.073,70.0,0.0,19.93048,Moderado
7.123,73.0,0.0,19.483284,Moderado
7.073,74.0,0.0,18.692286,Moderado
7.323,72.0,0.0,17.418196,Moderado
7.273,76.0,0.0,17.551615,Moderado
7.573,77.0,0.0,18.043148,Moderado
8.922999,74.0,0.0,24.023088,Moderado
10.422999,64.0,0.0,29.834423,Alto
11.273,61.0,0.0,31.079071,Alto
11.922999,58.0,0.0,29.337238,Alto
12.672999,59.0,0.0,27.155552,Alto
12.323,61.0,0.0,27.534704,Alto
12.672999,59.0,0.0,28.766228,Alto
12.823,59.0,0.0,27.820337,Alto
13.422999,56.0,0.0,28.594517,Alto
13.373,57.0,0.0,25.620771,Alto
12.973,60.0,0.1,26.183659,Alto
12.422999,66.0,0.1,22.7057,Alto
11.973,71.0,0.0,23.068108,Moderado
11.223,75.0,0.1,23.667091,Moderado
10.573,78.0,0.1,22.476227,Moderado
10.422999,77.0,0.1,23.993399,Moderado
9.973,81.0,0.2,22.077717,Moderado
9.973,79.0,0.1,20.94507,Moderado
10.123,80.0,0.0,22.90743,Moderado
10.573,75.0,0.0,26.576681,Alto
10.422999,76.0,0.0,25.925,Alto
10.273,77.0,0.0,23.4,Moderado
10.223,78.0,0.0,21.794127,Moderado
10.323,79.0,0.0,22.077717,Moderado
10.823,76.0,0.0,23.510508,Moderado
12.623,64.0,0.0,25.20257,Alto
13.523,61.0,0.0,30.563978,Alto
14.523,57.0,0.0,31.912327,Alto
14.723,57.0,0.0,32.37999,Alto
15.223,55.0,0.0,33.672993,Muy alto
15.773,53.0,0.0,34.627434,Muy alto
15.823,53.0,0.0,32.24161,Muy alto
15.773,54.0,0.0,30.735231,Alto
15.922999,55.0,0.0,29.301878,Alto
15.623,56.0,0.0,25.959969,Alto
15.172999,58.0,0.0,23.084955,Alto
14.672999,60.0,0.0,18.888851,Moderado
14.172999,61.0,0.0,19.523155,Moderado
13.473,65.0,0.0,17.518356,Moderado
13.023,68.0,0.0,14.84318,Moderado
12.672999,69.0,0.0,13.708391,Moderado
12.373,69.0,0.0,13.363711,Moderado
11.823,70.0,0.0,12.904882,Moderado
11.473,74.0,0.0,11.592894,Moderado
10.823,83.0,0.5,10.805998,Bajo
10.373,87.0,0.0,9.021574,Bajo
9.922999,88.0,0.0,6.151683,Bajo
9.573,88.0,0.0,4.2136917,Bajo
11.123,80.0,0.0,4.829907,Bajo
12.823,71.0,0.0,6.489992,Bajo
14.422999,62.0,0.0,10.009036,Moderado
15.623,57.0,0.0,13.237038,Moderado
16.373001,53.0,0.0,16.323528,Moderado
16.073,54.0,0.0,20.969807,Alto
16.073,55.0,0.0,23.532547,Alto
16.423,56.0,0.0,22.226902,Alto
17.673,54.0,0.0,26.987997,Alto
18.573,52.0,0.0,24.522316,Alto
17.723001,50.0,0.0,26.341572,Alto
16.023,55.0,0.0,22.963936,Alto
14.723,60.0,0.0,19.296133,Moderado
13.773,61.0,0.0,18.998314,Moderado
12.823,62.0,0.0,18.416384,Moderado
11.773,63.0,0.0,19.164719,Moderado
10.973,69.0,0.0,17.057314,Moderado
11.023,70.0,0.0,15.328561,Moderado
10.723,73.0,0.0,13.797913,Moderado
9.523,81.0,0.0,10.028439,Bajo
9.723,81.0,0.0,11.043261,Bajo
10.073,81.0,0.0,12.074766,Moderado
9.773,84.0,0.0,9.511088,Bajo
10.473,83.0,0.0,8.942214,Bajo
12.672999,72.0,0.0,11.212135,Moderado
15.873,60.0,0.0,21.892027,Alto
16.723001,54.0,0.0,25.501621,Alto
17.223001,54.0,0.0,28.766228,Alto
16.773,61.0,0.2,28.277763,Moderado
15.823,73.0,0.3,29.157776,Moderado
16.623001,67.0,0.2,26.717722,Moderado
16.923,57.0,0.5,35.68542,Alto
16.973001,52.0,0.0,32.831135,Muy alto
16.073,51.0,0.0,33.672993,Muy alto
15.023,50.0,0.0,33.75756,Muy alto
14.172999,50.0,0.0,31.667723,Alto
12.922999,51.0,0.0,30.855171,Alto
12.023,53.0,0.0,30.703587,Alto
10.823,56.0,0.0,28.082308,Alto
10.123,60.0,0.0,28.808998,Alto
9.672999,63.0,0.0,27.362366,Alto
9.373,63.0,0.0,27.362366,Alto
9.023,63.0,0.0,27.021591,Alto
8.473,63.0,0.0,27.009598,Alto
8.223,65.0,0.0,25.562534,Alto
8.123,65.0,0.0,24.863468,Alto
7.9230003,63.0,0.0,23.042812,Alto
8.023,65.0,0.0,22.7057,Alto
8.672999,64.0,0.0,24.57511,Alto
10.323,56.0,0.0,25.764534,Alto
11.373,50.0,0.0,27.77838,Alto
12.172999,47.0,0.0,27.238941,Alto
12.773,46.0,0.0,25.932495,Alto
13.273,45.0,0.0,22.545315,Alto
12.273,55.0,0.2,18.161278,Moderado
10.223,74.0,0.9,14.654254,Bajo
10.373,78.0,1.5,10.086427,Bajo
10.623,83.0,1.5,10.948973,Bajo
10.623,87.0,3.7,11.440979,Bajo
10.373,91.0,2.8,11.4862,Bajo
10.323,91.0,0.8,8.534353,Bajo
10.223,92.0,0.3,5.3999996,Bajo
10.573,94.0,0.3,7.7879906,Bajo
11.273,93.0,0.0,15.9134655,Moderado
11.723,88.0,0.0,26.415268,Moderado
10.723,65.0,0.0,31.845247,Alto
9.422999,62.0,0.0,35.58359,Muy alto
8.623,63.0,0.0,38.6208,Muy alto
8.123,66.0,0.0,42.366966,Muy alto
7.7229996,66.0,0.0,43.850594,Muy alto
7.2229996,69.0,0.1,45.40141,Muy alto
6.873,76.0,0.5,43.279427,Alto
7.373,71.0,0.3,43.213493,Alto
9.172999,59.0,0.1,55.929913,Extremo
9.623,56.0,0.0,51.43466,Extremo
10.473,49.0,0.0,51.343876,Extremo
10.873,44.0,0.0,48.73847,Extremo
11.223,42.0,0.0,46.66272,Extremo
11.473,41.0,0.0,45.725666,Muy alto
11.023,40.0,0.0,50.539948,Extremo
11.023,39.0,0.0,48.46648,Extremo
10.623,40.0,0.0,46.32963,Extremo
10.172999,42.0,0.0,43.255466,Muy alto
9.672999,45.0,0.0,39.241653,Muy alto
8.823,48.0,0.0,33.709534,Muy alto
8.023,53.0,0.0,28.202042,Alto
7.1730003,57.0,0.0,20.880001,Moderado
6.4230003,64.0,0.0,15.379206,Moderado
6.273,68.0,0.0,15.876775,Moderado
6.873,68.0,0.0,14.4,Moderado
7.123,73.0,0.1,10.97262,Moderado
7.873,82.0,0.1,17.072504,Moderado
7.9729996,82.0,0.2,19.022177,Bajo
7.9230003,84.0,0.1,16.870138,Moderado
8.173,84.0,0.1,16.363178,Moderado
8.973,84.0,0.1,19.272614,Moderado
10.273,84.0,0.0,25.759504,Moderado
11.223,75.0,0.0,31.433586,Alto
11.922999,72.0,0.0,38.156605,Muy alto
13.023,67.0,0.0,37.827415,Muy alto
14.223,60.0,0.0,40.737305,Muy alto
14.123,61.0,0.0,38.243114,Muy alto
15.023,57.0,0.0,37.10795,Muy alto
15.473,54.0,0.0,36.0072,Muy alto
15.123,56.0,0.0,35.821354,Muy alto
14.523,60.0,0.0,34.247337,Muy alto
14.273,62.0,0.0,30.77105,Alto
13.123,71.0,0.2,29.237675,Moderado
12.123,79.0,0.3,25.984917,Moderado
11.922999,80.0,0.5,23.157824,Moderado
11.323,82.0,0.0,22.45315,Moderado
10.773,74.0,0.1,25.929996,Alto
9.672999,72.0,0.0,24.905132,Alto
8.873,73.0,0.0,23.499481,Moderado
8.672999,71.0,0.0,21.67487,Moderado
8.323,76.0,0.0,20.418695,Moderado
7.9230003,76.0,0.0,21.38897,Moderado
7.4230003,75.0,0.0,19.559633,Moderado
6.9729996,75.0,0.0,18.057508,Moderado
6.873,75.0,0.0,16.75064,Moderado
8.073,68.0,0.0,19.959719,Moderado
9.973,59.0,0.0,23.770906,Alto
10.873,51.0,0.0,25.2924,Alto
12.023,43.0,0.0,27.534704,Alto
12.623,43.0,0.0,26.836306,Alto
13.073,43.0,0.0,24.905132,Alto
14.123,39.0,0.0,24.130743,Alto
14.672999,37.0,0.0,27.362366,Alto
14.323,42.0,0.0,23.828083,Alto
14.422999,45.0,0.0,19.586117,Alto
14.723,47.0,0.0,16.263872,Moderado
15.023,47.0,0.0,18.218275,Moderado
14.922999,51.0,0.0,15.021105,Moderado
13.922999,53.0,0.0,9.504272,Moderado
12.823,61.0,0.0,7.289444,Bajo
12.123,67.0,0.0,7.2805495,Bajo
12.273,66.0,0.0,10.1376915,Moderado
12.172999,69.0,0.0,13.004921,Moderado
12.023,68.0,0.0,12.413476,Moderado
11.023,77.0,0.0,7.7043357,Bajo
10.323,83.0,0.0,6.725354,Bajo
9.922999,89.0,0.1,5.4833565,Bajo
9.922999,92.0,0.2,8.373386,Bajo
10.172999,94.0,0.0,7.968939,Bajo
11.123,91.0,0.0,10.8955765,Bajo
12.373,86.0,0.0,9.227524,Bajo
13.922999,80.0,0.0,8.089993,Bajo
15.323,76.0,0.3,9.0,Bajo
16.873001,70.0,0.2,10.383987,Bajo
18.023,65.0,0.2,13.37825,Bajo
19.123001,59.0,0.1,20.431387,Moderado
18.373001,67.0,0.2,17.294992,Moderado
18.723001,64.0,0.1,19.469976,Moderado
19.223001,64.0,0.1,22.33161,Alto
18.073,67.0,0.2,25.071098,Moderado
14.223,55.0,0.4,27.56058,Moderado
12.073,62.0,0.5,20.3774,Moderado
12.172999,71.0,0.0,15.1884165,Moderado
11.623,69.0,0.0,15.509274,Moderado
10.573,71.0,0.0,15.281989,Moderado
9.873,69.0,0.0,17.227419,Moderado
9.573,67.0,0.0,19.130875,Moderado
9.123,67.0,0.0,17.388409,Moderado
8.823,72.0,0.0,13.849477,Moderado
8.523,74.0,0.0,13.779114,Moderado
8.573,75.0,0.0,13.979872,Moderado
8.422999,74.0,0.0,13.896187,Moderado
8.523,75.0,0.0,12.682018,Moderado
9.573,71.0,0.0,13.779114,Moderado
11.523,62.0,0.0,18.171976,Moderado
12.473,57.0,0.0,21.068459,Alto
13.523,51.0,0.0,20.172853,Alto
13.823,48.0,0.0,21.566973,Alto
13.723,49.0,0.0,21.434364,Alto
13.973,48.0,0.0,20.68356,Alto
14.473,40.0,0.0,24.27265,Alto
14.323,43.0,0.0,24.863466,Alto
13.373,49.0,0.3,21.313093,Moderado
13.473,53.0,0.2,18.844202,Moderado
12.672999,62.0,0.6,12.031756,Bajo
12.623,62.0,0.2,10.137692,Bajo
11.373,79.0,0.1,5.771239,Bajo
10.573,85.0,1.2,9.19939,Bajo
9.973,77.0,0.3,11.246759,Bajo
9.323,72.0,0.0,15.827721,Moderado
8.523,77.0,0.0,16.071491,Moderado
7.9729996,79.0,0.0,15.256526,Moderado
7.4729996,81.0,0.0,13.527572,Moderado
6.873,79.0,0.0,12.55879,Moderado
6.2229996,79.0,0.0,10.086427,Bajo
5.623,81.0,0.0,7.127636,Bajo
5.373,82.0,0.0,5.5887027,Bajo
6.7229996,74.0,0.0,7.69592,Bajo
8.573,66.0,0.0,7.8625183,Bajo
10.073,58.0,0.0,9.0,Moderado
11.123,49.0,0.0,14.264361,Moderado
12.473,52.0,0.0,15.745627,Moderado
13.323,58.0,0.1,15.978486,Moderado
14.473,57.0,0.6,18.448023,Moderado
15.273,56.0,0.0,17.643673,Moderado
15.723,52.0,0.2,16.039202,Moderado
15.623,54.0,0.2,14.986553,Moderado
16.073,46.0,0.1,16.575644,Moderado
14.873,46.0,0.1,20.799152,Alto
13.223,52.0,0.0,20.774214,Alto
12.223,58.0,0.0,18.057508,Moderado
11.123,63.0,0.0,15.379206,Moderado
10.373,68.0,0.0,13.207634,Moderado
9.172999,76.0,0.0,16.946787,Moderado
8.223,77.0,0.0,14.587776,Moderado
7.573,79.0,0.0,12.641076,Moderado
6.4729996,81.0,0.0,10.829959,Bajo
6.023,85.0,0.0,9.904906,Bajo
5.623,88.0,0.0,9.227524,Bajo
5.273,90.0,0.0,8.225035,Bajo
5.273,89.0,0.0,6.297428,Bajo
6.4729996,81.0,0.0,7.42159,Bajo
8.973,69.0,0.0,11.966954,Moderado
10.223,60.0,0.1,18.875126,Moderado
10.973,58.0,0.1,20.08916,Moderado
11.422999,57.0,0.2,21.26744,Moderado
11.672999,56.0,0.3,20.767975,Moderado
11.873,56.0,0.3,21.028437,Moderado
13.023,51.0,0.4,24.798225,Moderado
12.523,53.0,0.4,24.485292,Moderado
11.973,54.0,0.1,20.421871,Alto
11.873,54.0,0.0,17.57744,Moderado
11.422999,56.0,0.0,14.8257065,Moderado
10.672999,61.0,0.0,12.641076,Moderado
9.523,68.0,0.0,8.647496,Bajo
7.9230003,79.0,0.0,3.9763298,Bajo
6.823,84.0,0.0,3.396233,Bajo
6.073,88.0,0.0,5.1165614,Bajo
5.873,90.0,0.0,6.9527545,Bajo
5.373,93.0,0.0,8.825508,Bajo
5.273,95.0,0.0,8.12197,Bajo
4.873,95.0,0.0,10.308831,Bajo
4.623,93.0,0.0,11.659777,Bajo
4.523,90.0,0.0,13.797912,Moderado
4.4230003,82.0,0.0,14.869351,Moderado
5.4729996,75.0,0.0,16.62249,Moderado
7.1730003,69.0,0.0,21.96295,Moderado
8.573,59.0,0.0,22.725668,Alto
9.523,53.0,0.0,23.110207,Alto
9.973,51.0,0.0,23.857979,Alto
10.873,48.0,0.0,23.770906,Alto
11.473,43.0,0.0,23.411074,Alto
11.773,44.0,0.1,24.905132,Alto
11.422999,48.0,0.1,23.023119,Alto
11.073,51.0,0.3,22.963936,Moderado
10.873,51.0,0.0,22.35481,Alto
10.223,53.0,0.0,21.629978,Alto
9.273,58.0,0.0,18.86139,Moderado
8.173,64.0,0.0,14.8257065,Moderado
6.9729996,72.0,0.0,10.296251,Moderado
6.073,78.0,0.0,7.653705,Bajo
5.6730003,81.0,0.0,7.491114,Bajo
5.573,82.0,0.0,8.435069,Bajo
5.7229996,82.0,0.0,8.913181,Bajo
5.773,81.0,0.0,11.183201,Bajo
5.873,83.0,0.0,11.4862,Bajo
5.373,86.0,0.0,9.028754,Bajo
4.9230003,89.0,0.0,6.151683,Bajo
4.1730003,92.0,0.0,4.198285,Bajo
5.1730003,88.0,0.0,2.9024127,Bajo
7.573,78.0,0.0,5.0142193,Bajo
9.273,63.0,0.0,8.825508,Moderado
10.323,55.0,0.0,9.605998,Moderado
11.323,50.0,0.2,8.557102,Bajo
12.223,45.0,0.0,9.504273,Moderado
12.623,44.0,0.1,9.6932955,Moderado
12.422999,44.0,0.0,11.525623,Moderado
12.323,50.0,0.2,11.367109,Bajo
10.873,62.0,1.2,12.783802,Bajo
10.023,68.0,1.0,11.090103,Bajo
9.723,66.0,0.4,11.090103,Bajo
8.973,69.0,0.2,13.684735,Bajo
7.773,77.0,0.2,12.10157,Bajo
7.123,77.0,0.0,13.276144,Moderado
6.573,77.0,0.0,12.181625,Moderado
6.023,80.0,0.1,10.308831,Bajo
5.273,82.0,0.0,9.3876505,Bajo
4.4729996,83.0,0.0,9.746631,Bajo
3.723,88.0,0.0,11.885453,Bajo
3.473,87.0,0.0,11.885453,Bajo
3.123,85.0,0.0,11.525623,Bajo
2.723,85.0,0.0,10.799999,Bajo
2.773,85.0,0.0,10.086427,Bajo
4.023,80.0,0.0,11.542478,Bajo
5.823,75.0,0.0,15.124284,Moderado
7.023,65.0,0.0,18.64369,Moderado
8.023,57.0,0.0,19.9954,Moderado
9.073,50.0,0.0,20.380579,Alto
9.473,49.0,0.1,21.434364,Alto
8.473,60.0,0.7,22.725668,Moderado
9.172999,57.0,0.3,25.2924,Moderado
9.922999,49.0,0.0,26.415268,Alto
9.873,47.0,0.0,26.00486,Alto
9.323,48.0,0.0,24.344624,Alto
8.323,52.0,0.0,23.795427,Alto
6.9230003,60.0,0.0,24.1388,Alto
5.9729996,60.0,0.0,23.143827,Alto
4.9230003,63.0,0.0,23.688984,Alto
4.223,67.0,0.0,23.000591,Moderado
3.923,68.0,0.0,21.9718,Moderado
3.673,65.0,0.0,21.518847,Moderado
3.273,64.0,0.0,19.839235,Moderado
2.773,68.0,0.0,20.192118,Moderado
2.773,68.0,0.0,20.617662,Moderado
2.723,68.0,0.0,20.696085,Moderado
2.573,69.0,0.0,19.48661,Moderado
2.523,70.0,0.0,17.106628,Moderado
3.623,65.0,0.0,17.81909,Moderado
5.6730003,57.0,0.0,23.933908,Alto
6.9230003,47.0,0.0,24.192429,Alto
8.223,42.0,0.0,24.485292,Alto
8.922999,39.0,0.1,24.442913,Alto
9.073,38.0,0.0,23.950148,Alto
9.672999,37.0,0.1,24.248611,Alto
9.172999,42.0,0.1,25.02971,Alto
9.172999,41.0,0.1,24.567198,Alto
9.123,41.0,0.1,22.73707,Alto
8.473,45.0,0.2,21.479666,Moderado
7.6730003,46.0,0.1,19.770523,Alto
6.6730003,46.0,0.0,18.584509,Moderado
5.023,54.0,0.0,11.631956,Moderado
3.323,64.0,0.0,7.386582,Bajo
2.223,74.0,0.0,7.0911775,Bajo
1.423,80.0,0.0,7.69592,Bajo
0.973,83.0,0.0,7.9526596,Bajo
0.873,82.0,0.0,9.0,Bajo
0.823,84.0,0.0,9.0645685,Bajo
0.623,84.0,0.0,8.669949,Bajo
0.223,85.0,0.0,7.928178,Bajo
-0.07699999,87.0,0.0,7.5685663,Bajo
-0.17699999,87.0,0.0,7.208994,Bajo
1.723,81.0,0.0,7.5599995,Bajo
5.373,65.0,0.0,11.901798,Moderado
7.373,54.0,0.0,13.237038,Moderado
8.573,46.0,0.0,12.303366,Moderado
9.523,41.0,0.0,10.703569,Moderado
10.523,37.0,0.0,9.339208,Moderado
11.023,36.0,0.0,7.7879906,Moderado
11.823,33.0,0.0,8.39657,Moderado
11.973,33.0,0.0,8.766573,Moderado
11.922999,33.0,0.0,10.1376915,Moderado
11.823,33.0,0.0,11.165805,Moderado
11.273,36.0,0.0,12.015589,Moderado
10.223,42.0,0.0,11.874544,Moderado
7.9729996,54.0,0.0,9.47012,Moderado
6.023,65.0,0.0,5.8048253,Bajo
5.073,71.0,0.0,5.904439,Bajo
5.273,72.0,0.0,6.638072,Bajo
5.773,71.0,0.0,5.991594,Bajo
5.9729996,74.0,0.0,5.6920996,Bajo
6.273,71.0,0.0,8.0899935,Bajo
6.323,72.0,0.0,8.78872,Bajo
6.273,79.0,0.1,9.957108,Bajo
6.4230003,85.0,0.1,11.019764,Bajo
6.623,86.0,0.0,12.181624,Bajo
6.9230003,86.0,0.0,14.021525,Moderado
7.073,86.0,0.0,16.394829,Moderado
8.123,81.0,0.0,20.082708,Moderado
8.723,79.0,0.0,20.316889,Moderado
9.873,75.0,0.0,21.24305,Moderado
11.523,69.0,0.0,21.288757,Moderado
12.473,64.0,0.0,19.917469,Moderado
12.823,62.0,0.0,22.42427,Alto
13.773,59.0,0.0,23.177402,Alto
13.873,50.0,0.0,24.482647,Alto
13.073,47.0,0.0,24.379204,Alto
11.623,49.0,0.0,24.884306,Alto
10.073,52.0,0.0,22.380884,Alto
8.773,61.0,0.0,18.448023,Moderado
7.623,69.0,0.0,15.124284,Moderado
6.6730003,76.0,0.0,14.044615,Moderado
6.323,78.0,0.0,14.764389,Moderado
6.1730003,76.0,0.0,14.417988,Moderado
5.9230003,76.0,0.0,14.05845,Moderado
5.4729996,78.0,0.0,13.004921,Moderado
5.073,78.0,0.0,12.6462,Moderado
4.7229996,79.0,0.0,12.620554,Moderado
4.323,82.0,0.0,11.609651,Bajo
4.323,82.0,0.0,10.239453,Bajo
5.373,81.0,0.0,11.177405,Bajo
6.873,76.0,0.0,12.9249525,Moderado
8.273,67.0,0.0,16.954432,Moderado
10.023,55.0,0.0,20.316889,Moderado
10.922999,49.0,0.0,22.104116,Alto
10.973,51.0,0.1,22.366402,Alto
10.773,56.0,0.1,23.084955,Alto
10.922999,53.0,0.0,23.535301,Alto
10.922999,54.0,0.0,22.19773,Alto
11.273,53.0,0.0,20.833395,Alto
11.623,50.0,0.0,20.898611,Alto
11.473,50.0,0.0,20.192118,Alto
10.922999,54.0,0.0,17.902534,Moderado
9.773,62.0,0.0,15.39184,Moderado
8.123,75.0,0.0,9.605998,Bajo
7.1730003,81.0,0.0,8.654986,Bajo
6.7229996,85.0,0.0,8.557102,Bajo
6.123,90.0,0.0,8.089993,Bajo
5.773,92.0,0.0,9.360001,Bajo
5.373,93.0,0.0,13.708391,Bajo
5.7229996,88.0,0.0,16.62249,Moderado
6.073,75.0,0.0,19.493261,Moderado
5.4729996,76.0,0.0,18.391735,Moderado
4.523,76.0,0.0,16.203999,Moderado
5.023,72.0,0.0,17.28,Moderado
6.873,67.0,0.0,20.721119,Moderado
8.422999,58.0,0.0,23.441502,Alto
9.523,51.0,0.0,24.798223,Alto
10.223,47.0,0.0,25.849905,Alto
10.723,45.0,0.0,26.282465,Alto
10.823,43.0,0.0,26.111792,Alto
11.273,43.0,0.0,27.766712,Alto
10.823,44.0,0.0,27.607563,Alto
10.323,47.0,0.0,26.200977,Alto
9.873,49.0,0.0,25.922499,Alto
8.922999,54.0,0.0,24.29133,Alto
7.873,59.0,0.0,22.392462,Alto
6.573,67.0,0.0,18.03237,Moderado
5.6730003,73.0,0.0,13.849476,Moderado
5.123,77.0,0.0,11.503113,Moderado
4.573,80.0,0.0,10.1887,Bajo
4.4230003,82.0,0.0,9.885262,Bajo
4.623,83.0,0.0,9.726664,Bajo
5.323,83.0,0.0,7.928177,Bajo
5.573,83.0,0.0,7.289445,Bajo
5.623,86.0,0.1,9.693296,Bajo
6.023,87.0,0.1,12.979984,Moderado
6.2229996,79.0,0.1,15.484185,Moderado
6.1730003,80.0,0.2,13.891522,Bajo
7.023,79.0,0.2,11.503113,Bajo
8.023,76.0,0.4,13.849477,Bajo
8.922999,73.0,0.5,17.477621,Bajo
9.273,73.0,0.6,20.073025,Moderado
10.023,70.0,0.4,20.63023,Moderado
11.373,64.0,0.0,23.269482,Alto
12.422999,60.0,0.0,20.696087,Moderado
13.273,65.0,0.1,28.277763,Alto
13.523,68.0,0.0,26.282463,Alto
13.023,72.0,0.0,22.702845,Moderado
12.623,75.0,0.0,22.38378,Moderado
12.172999,79.0,0.1,21.868332,Moderado
12.073,79.0,0.2,25.488914,Moderado
11.873,79.0,0.3,28.056913,Moderado
11.723,78.0,0.1,27.698954,Alto
11.323,80.0,0.0,24.826954,Moderado
11.123,82.0,0.0,23.847115,Moderado
10.973,82.0,0.0,23.532547,Moderado
11.123,79.0,0.0,25.455843,Alto
11.023,77.0,0.0,26.576681,Alto
10.873,76.0,0.0,27.41678,Alto
11.023,70.0,0.0,32.359974,Alto
11.023,70.0,0.0,29.964457,Alto
10.573,77.0,0.7,24.993437,Moderado
10.973,76.0,1.2,26.089443,Moderado
11.223,75.0,0.4,26.00486,Moderado
11.323,66.0,0.2,28.835976,Moderado
11.922999,55.0,0.0,28.943642,Alto
11.922999,50.0,0.0,29.784426,Alto
12.373,41.0,0.0,30.317043,Muy alto
12.873,40.0,0.0,30.978832,Muy alto
12.973,39.0,0.0,30.619051,Muy alto
13.023,38.0,0.0,30.602118,Muy alto
12.422999,39.0,0.0,30.608469,Muy alto
11.672999,43.0,0.0,29.914679,Alto
10.723,48.0,0.0,25.982424,Alto
9.973,53.0,0.0,22.782625,Alto
9.073,57.0,0.0,20.037485,Moderado
8.523,59.0,0.0,19.008547,Moderado
8.523,60.0,0.0,19.826164,Moderado
8.672999,62.0,0.0,22.057161,Alto
8.223,66.0,0.0,22.728518,Alto
8.273,71.0,0.0,19.513195,Moderado
8.273,72.0,0.0,21.817902,Moderado
8.473,71.0,0.0,25.570139,Alto
8.422999,68.0,0.0,25.277023,Alto
8.523,68.0,0.0,26.208397,Alto
8.873,68.0,0.0,29.257614,Alto
8.773,79.0,0.5,35.97299,Alto
8.672999,67.0,0.3,29.723444,Moderado
9.123,60.0,0.0,32.10667,Alto
8.973,57.0,0.3,33.441265,Alto
9.623,47.0,0.2,36.0072,Alto
9.523,46.0,0.2,35.036713,Alto
9.573,44.0,0.0,34.62369,Muy alto
9.523,44.0,0.0,33.91269,Muy alto
8.973,46.0,0.0,33.202072,Muy alto
8.123,49.0,0.0,31.667723,Alto
7.2229996,52.0,0.0,30.855171,Alto
6.123,57.0,0.0,29.598919,Alto
5.2229996,64.0,0.0,27.0024,Alto
4.623,65.0,0.0,27.0,Alto
4.123,68.0,0.0,27.0,Alto
3.773,70.0,0.0,26.64,Alto
3.573,70.0,0.0,25.959969,Alto
3.573,71.0,0.0,25.651104,Alto
3.373,74.0,0.0,23.023119,Moderado
3.473,72.0,0.0,24.442911,Alto
3.373,73.0,0.0,24.336637,Alto
3.373,72.0,0.0,24.609364,Alto
3.373,72.0,0.0,23.97989,Moderado
4.073,71.0,0.0,25.772078,Alto
5.573,63.0,0.0,32.04202,Alto
6.6730003,56.0,0.0,36.896046,Muy alto
7.373,54.0,0.0,35.543507,Muy alto
8.223,52.0,0.0,39.003136,Muy alto
8.523,53.0,0.0,39.831684,Muy alto
8.422999,59.0,0.2,36.04677,Alto
9.922999,50.0,0.0,37.28738,Muy alto
9.323,56.0,0.0,31.259945,Alto
9.323,57.0,0.0,29.784426,Alto
9.223,59.0,0.0,23.828083,Alto
8.623,65.0,0.1,20.316889,Moderado
7.873,74.0,0.2,15.379206,Bajo
7.073,84.0,0.1,10.086427,Bajo
6.823,91.0,0.0,8.4963045,Bajo
7.023,92.0,0.0,6.9527545,Bajo
7.2229996,90.0,0.1,7.42159,Bajo
7.323,87.0,0.1,6.849467,Bajo
7.2229996,87.0,0.4,7.6367526,Bajo
6.823,93.0,0.5,6.6087217,Bajo
6.9729996,93.0,1.1,7.7043357,Bajo
7.123,93.0,1.3,8.766573,Bajo
7.273,94.0,1.2,9.007196,Bajo
7.323,95.0,1.8,9.6932955,Bajo
7.623,95.0,0.7,7.5170207,Bajo
8.323,94.0,0.8,10.966713,Bajo
9.922999,86.0,0.0,2.6208394,Bajo
11.422999,79.0,0.0,10.823973,Bajo
13.723,71.0,0.0,20.316889,Moderado
15.373,57.0,0.0,28.551426,Alto
13.623,64.0,0.1,32.809414,Alto
12.922999,64.0,0.3,31.06239,Alto
12.223,65.0,0.8,28.082308,Moderado
11.422999,67.0,0.8,26.437336,Moderado
11.223,63.0,0.3,22.862125,Moderado
10.672999,62.0,0.3,22.101183,Moderado
10.023,60.0,0.0,20.268991,Moderado
9.123,61.0,0.0,18.847641,Moderado
8.273,63.0,0.0,16.489416,Moderado
7.823,69.0,0.2,12.738099,Bajo
7.773,69.0,0.2,17.148247,Moderado
7.523,71.0,0.3,17.283749,Bajo
7.323,73.0,0.2,18.161278,Moderado
7.323,69.0,0.1,20.65848,Moderado
7.073,73.0,0.0,21.758419,Moderado
6.873,77.0,0.0,20.240198,Moderado
6.873,80.0,0.0,21.096123,Moderado
6.773,81.0,0.0,22.180206,Moderado
7.2229996,79.0,0.0,24.363249,Moderado
8.223,73.0,0.0,28.948118,Alto
8.873,68.0,0.0,30.124065,Alto
9.422999,65.0,0.2,34.353127,Alto
10.023,63.0,0.0,36.367126,Muy alto
10.672999,60.0,0.0,37.191677,Muy alto
11.473,58.0,0.0,36.17955,Muy alto
11.973,55.0,0.0,40.481995,Muy alto
11.873,54.0,0.0,39.89508,Muy alto
11.573,54.0,0.0,39.828434,Muy alto
10.922999,55.0,0.0,38.774857,Muy alto
10.023,57.0,0.0,36.785233,Muy alto
9.073,58.0,0.0,32.409996,Alto
8.023,63.0,0.0,28.266306,Alto
7.2229996,70.0,0.0,25.922499,Alto
6.573,77.0,0.0,24.162945,Moderado
6.123,81.0,0.0,21.316135,Moderado
5.823,82.0,0.0,17.771753,Moderado
5.4729996,79.0,0.0,14.759999,Moderado
5.4729996,77.0,0.0,15.509274,Moderado
5.623,84.0,0.0,15.509274,Moderado
5.873,85.0,0.0,13.1041975,Moderado
5.9230003,86.0,0.0,10.495713,Bajo
6.1730003,89.0,0.0,9.659814,Bajo
6.9230003,89.0,0.0,10.495713,Bajo
7.873,87.0,0.0,12.819235,Moderado
9.323,79.0,0.0,19.022177,Moderado
9.973,73.0,0.0,18.388212,Moderado
10.723,69.0,0.1,20.945072,Moderado
11.573,69.0,0.1,21.096123,Moderado
12.273,68.0,0.1,24.014996,Alto
12.573,65.0,0.0,22.104116,Moderado
12.773,69.0,0.0,17.072504,Moderado
12.422999,75.0,0.3,19.008545,Moderado
11.672999,84.0,1.2,17.727943,Bajo
11.073,87.0,2.4,17.873554,Bajo
10.623,89.0,3.5,16.394829,Bajo
10.623,89.0,1.0,18.289274,Bajo
11.623,86.0,0.0,22.26768,Moderado
12.373,82.0,0.3,25.864943,Moderado
12.573,77.0,0.0,29.522196,Alto
12.323,74.0,0.0,36.79756,Muy alto
11.523,73.0,0.1,34.793587,Alto
11.172999,73.0,0.1,38.1566,Muy alto
10.723,75.0,0.0,35.27632,Alto
10.223,76.0,0.2,33.626774,Alto
9.523,78.0,0.5,34.04047,Alto
9.323,80.0,0.4,35.016357,Alto
9.573,77.0,0.3,38.351406,Alto
10.223,77.0,0.3,36.44722,Alto
10.223,74.0,0.1,41.76155,Muy alto
10.623,70.0,0.0,43.022636,Muy alto
10.773,69.0,0.0,42.10769,Muy alto
10.973,66.0,0.0,42.67177,Muy alto
11.773,59.0,0.0,43.279427,Muy alto
12.323,51.0,0.0,41.39374,Muy alto
12.023,49.0,0.0,41.448494,Muy alto
11.523,54.0,0.0,34.07091,Muy alto
11.422999,56.0,0.0,28.82249,Alto
10.672999,58.0,0.0,28.001427,Alto
9.873,62.0,0.0,21.96295,Alto
9.223,62.0,0.0,17.283749,Moderado
8.523,67.0,0.0,11.720751,Moderado
7.373,75.0,0.0,5.1919937,Bajo
6.573,80.0,0.0,4.3349743,Bajo
5.623,84.0,0.0,8.707237,Bajo
6.9230003,78.0,0.0,11.91812,Moderado
7.323,78.0,0.1,8.373386,Bajo
7.4729996,80.0,0.0,7.92,Bajo
7.623,82.0,0.0,10.390226,Bajo
8.173,86.0,1.8,10.703569,Bajo
8.823,84.0,0.7,14.904173,Bajo
9.023,86.0,0.1,12.287555,Bajo
10.573,81.0,0.1,13.104198,Moderado
11.373,73.0,0.0,23.34455,Moderado
12.073,70.0,0.2,24.821732,Moderado
11.873,69.0,1.1,31.259941,Alto
11.473,63.0,0.6,36.217144,Alto
11.523,58.0,0.1,37.45557,Muy alto
11.123,53.0,0.0,39.26641,Muy alto
11.273,49.0,0.0,37.84283,Muy alto
10.823,48.0,0.0,35.143818,Muy alto
10.123,51.0,0.0,32.55363,Muy alto
8.873,58.0,0.0,29.250967,Alto
7.9230003,64.0,0.0,25.959969,Alto
7.123,67.0,0.0,24.72495,Alto
6.4729996,72.0,0.0,22.545315,Moderado
5.9230003,76.0,0.0,16.267857,Moderado
5.773,77.0,0.0,13.237038,Moderado
5.9729996,81.0,0.9,18.11841,Bajo
6.9230003,75.0,0.3,30.30208,Moderado
6.123,80.0,0.1,29.882166,Alto
5.6730003,74.0,0.1,31.731092,Alto
5.273,71.0,0.0,29.714724,Alto
5.073,71.0,0.0,28.348713,Alto
4.7229996,73.0,0.0,26.983194,Alto
4.823,72.0,0.0,25.849905,Alto
5.9230003,66.0,0.0,34.828953,Alto
6.823,59.0,0.0,34.268143,Muy alto
7.873,53.0,0.0,34.561874,Muy alto
8.523,51.0,0.1,34.561874,Muy alto
8.922999,51.0,0.2,33.487743,Alto
8.973,51.0,0.2,32.431984,Alto
8.323,57.0,0.1,30.993471,Alto
8.223,57.0,0.2,31.421213,Alto
8.173,57.0,0.1,32.32992,Alto
7.4729996,60.0,0.0,31.782108,Alto
6.773,62.0,0.0,28.623962,Alto
5.9729996,66.0,0.0,25.199999,Alto
4.9230003,70.0,0.0,23.675303,Alto
4.573,71.0,0.0,20.730501,Moderado
4.273,76.0,0.0,21.273533,Moderado
4.273,76.0,0.0,23.006226,Moderado
4.123,77.0,0.0,23.906818,Moderado
3.873,79.0,0.0,23.34455,Moderado
3.773,81.0,0.0,22.33161,Moderado
3.723,81.0,0.0,21.868332,Moderado
3.823,81.0,0.0,20.523157,Moderado
3.973,82.0,0.0,20.65848,Moderado
3.873,83.0,0.0,17.917007,Moderado
4.273,82.0,0.0,16.267857,Moderado
5.823,77.0,0.0,16.704155,Moderado
7.023,71.0,0.1,23.363974,Moderado
6.7229996,76.0,0.2,23.933908,Moderado
7.123,73.0,0.1,23.565569,Moderado
8.073,66.0,0.2,23.770906,Moderado
8.672999,64.0,0.2,20.808498,Moderado
8.773,71.0,0.4,18.448023,Moderado
9.023,73.0,0.4,11.631956,Bajo
8.823,78.0,1.3,8.427383,Bajo
10.172999,77.0,0.1,15.141414,Moderado
10.323,69.0,0.0,33.50128,Alto
8.573,69.0,0.0,31.810638,Alto
7.073,71.0,0.0,31.32207,Alto
5.873,71.0,0.0,30.248568,Alto
5.123,71.0,0.0,29.528778,Alto
4.523,71.0,0.0,28.442278,Alto
4.273,71.0,0.0,25.264202,Alto
4.023,71.0,0.0,25.153671,Alto
3.923,75.0,0.0,24.923338,Alto
3.923,75.0,0.0,24.216522,Moderado
3.923,76.0,0.0,23.664352,Moderado
4.023,75.0,0.0,23.313995,Moderado
4.023,76.0,0.0,23.051247,Moderado
4.4729996,76.0,0.0,23.051247,Moderado
6.023,71.0,0.0,34.05379,Alto
6.9729996,64.0,0.0,33.26252,Alto
7.573,61.0,0.1,33.96233,Alto
8.123,58.0,0.2,35.281837,Alto
8.023,59.0,0.5,35.309376,Alto
8.273,59.0,0.3,34.2303,Alto
8.173,58.0,0.0,35.038563,Muy alto
8.023,58.0,0.0,33.40055,Alto
7.7229996,58.0,0.0,32.19938,Alto
7.2229996,59.0,0.0,30.500309,Alto
6.623,62.0,0.0,28.883131,Alto
5.773,66.0,0.0,27.44513,Alto
4.773,73.0,0.0,25.929996,Alto
4.323,77.0,0.0,25.364037,Alto
3.973,79.0,0.0,25.567604,Alto
3.823,80.0,0.0,25.567604,Alto
3.673,79.0,0.0,26.576681,Alto
3.673,79.0,0.0,25.764534,Alto
3.473,81.0,0.0,24.609364,Moderado
3.423,81.0,0.0,23.857979,Moderado
3.373,81.0,0.0,22.81957,Moderado
3.373,81.0,0.0,22.862125,Moderado
3.273,81.0,0.0,21.791153,Moderado
3.523,80.0,0.0,21.129885,Moderado
4.873,76.0,0.0,27.419146,Alto
6.123,69.0,0.0,25.942488,Alto
7.2229996,62.0,0.0,26.302181,Alto
8.073,57.0,0.0,26.168804,Alto
8.723,53.0,0.0,24.798225,Alto
9.373,49.0,0.0,23.441502,Alto
9.323,49.0,0.0,23.623243,Alto
9.172999,49.0,0.1,22.366402,Alto
8.773,52.0,0.1,20.892412,Alto
8.223,55.0,0.0,19.443333,Moderado
7.523,59.0,0.0,17.28,Moderado
6.373,65.0,0.0,14.05845,Moderado
4.523,77.0,0.0,9.885262,Bajo
3.323,84.0,0.0,7.628263,Bajo
2.323,90.0,0.0,5.95906,Bajo
1.523,91.0,0.0,4.6800003,Bajo
0.923,92.0,0.0,3.5455887,Bajo
0.573,92.0,0.0,2.0364676,Bajo
0.073,94.0,0.0,1.9386592,Bajo
-0.727,98.0,0.0,1.2979984,Bajo
-1.277,100.0,0.0,4.452954,Bajo
-1.477,100.0,0.0,5.1544156,Bajo
-1.277,99.0,0.0,5.3517847,Bajo
-0.727,97.0,0.0,5.8048253,Bajo
1.373,91.0,0.0,8.373386,Bajo
2.923,85.0,0.2,10.24578,Bajo
4.073,86.0,0.5,12.879752,Bajo
4.9729996,87.0,0.6,13.217443,Bajo
5.573,90.0,1.3,14.145756,Bajo
7.023,91.0,1.3,10.661107,Bajo
7.9230003,91.0,1.0,10.685391,Bajo
8.823,85.0,0.3,7.9932966,Bajo
8.723,88.0,1.0,3.6179552,Bajo
8.422999,92.0,1.1,7.5685663,Bajo
8.073,92.0,0.1,12.979984,Bajo
6.9729996,84.0,0.0,18.345877,Moderado
5.123,89.0,0.0,17.673029,Moderado
4.273,92.0,0.0,17.294992,Moderado
3.723,92.0,0.0,15.986595,Moderado
3.273,93.0,0.0,16.327497,Moderado
3.073,94.0,0.0,15.596767,Moderado
2.723,94.0,0.0,14.345898,Moderado
2.773,94.0,0.0,13.1041975,Bajo
3.073,94.0,0.0,11.966953,Bajo
3.223,92.0,0.0,9.360001,Bajo
2.573,94.0,0.0,6.297428,Bajo
1.923,94.0,0.0,4.6102495,Bajo
2.323,94.0,0.0,3.671294,Bajo
4.523,90.0,0.0,3.6,Bajo
7.273,80.0,0.0,9.028754,Bajo
9.123,65.0,0.0,13.207634,Moderado
9.773,59.0,0.0,19.959719,Moderado
9.623,70.0,0.1,21.67487,Moderado
10.273,71.0,0.4,20.478907,Moderado
11.123,60.0,0.2,25.376808,Moderado
12.273,52.0,0.1,28.266304,Alto
11.922999,52.0,0.0,28.963785,Alto
10.672999,53.0,0.0,30.430117,Alto
9.223,61.0,0.0,27.811018,Alto
7.823,69.0,0.0,22.545315,Moderado
6.523,72.0,0.0,19.523155,Moderado
5.773,68.0,0.0,18.11841,Moderado
5.123,69.0,0.0,16.595179,Moderado
4.9230003,68.0,0.0,19.486609,Moderado
4.6730003,68.0,0.0,22.26477,Moderado
4.623,69.0,0.0,25.045238,Alto
4.4230003,74.0,0.0,22.086521,Moderado
4.323,72.0,0.0,21.659918,Moderado
4.223,72.0,0.0,19.734436,Moderado
4.123,74.0,0.0,17.31746,Moderado
3.823,79.0,0.0,15.683774,Moderado
4.273,84.0,0.0,14.77755,Moderado
5.7229996,76.0,0.0,14.291592,Moderado
7.4230003,65.0,0.0,22.728518,Alto
8.123,62.0,0.0,22.406927,Alto
8.323,63.0,0.0,22.26477,Alto
8.623,58.0,0.0,21.077686,Moderado
10.223,49.0,0.0,23.857979,Alto
11.623,41.0,0.2,25.20257,Moderado
12.373,43.0,0.1,23.263912,Alto
11.672999,55.0,0.1,26.739542,Alto
11.623,62.0,0.0,32.55363,Alto
10.973,62.0,0.0,32.750107,Alto
9.823,55.0,0.0,30.886656,Alto
8.223,54.0,0.0,25.071096,Alto
6.9729996,59.0,0.0,20.60823,Moderado
6.273,60.0,0.0,16.179985,Moderado
5.623,65.0,0.0,12.88981,Moderado
5.023,68.0,0.0,11.720751,Moderado
4.223,74.0,0.0,10.44,Bajo
3.523,77.0,0.0,7.42159,Bajo
2.423,83.0,0.0,5.2416787,Bajo
1.873,86.0,0.0,3.6179552,Bajo
1.723,85.0,0.0,2.52,Bajo
1.723,84.0,0.0,2.2768397,Bajo
1.823,84.0,0.0,0.8049845,Bajo
2.723,85.0,0.0,1.2979984,Bajo
4.573,79.0,0.0,3.396233,Bajo
7.073,67.0,0.0,6.725354,Bajo
8.723,58.0,0.0,9.0645685,Moderado
10.023,53.0,0.0,12.313894,Moderado
10.773,54.0,0.1,18.374111,Moderado
10.773,56.0,0.4,16.418526,Moderado
10.823,60.0,0.4,18.079027,Moderado
9.773,70.0,0.9,19.813087,Moderado
9.073,72.0,0.6,20.774214,Moderado
8.573,66.0,0.0,20.957443,Moderado
7.2229996,66.0,0.0,18.486622,Moderado
6.1730003,74.0,0.0,11.5199995,Moderado
5.273,75.0,0.0,8.12197,Bajo
4.023,80.0,0.0,6.12,Bajo
2.923,85.0,0.0,4.5820518,Bajo
2.273,86.0,0.0,4.1046314,Bajo
1.823,88.0,0.0,5.0911684,Bajo
1.423,90.0,0.0,5.0142193,Bajo
1.373,92.0,0.0,5.00128,Bajo
1.673,91.0,0.0,3.4152596,Bajo
1.573,90.0,0.0,5.0528407,Bajo
1.273,90.0,0.0,4.802999,Bajo
2.273,84.0,0.1,6.439876,Bajo
3.623,78.0,0.1,7.8954163,Bajo
6.073,69.0,0.1,12.0694,Moderado
7.7229996,67.0,0.0,16.923828,Moderado
9.073,67.0,0.0,19.8,Moderado
10.422999,60.0,0.0,20.316889,Moderado
12.123,49.0,0.0,25.460936,Alto
12.922999,46.0,0.0,24.569836,Alto
12.023,51.0,0.1,25.264202,Alto
11.223,61.0,0.2,18.11841,Moderado
10.573,69.0,0.2,15.986593,Bajo
10.023,73.0,0.0,14.529915,Moderado
9.373,76.0,0.1,13.783817,Moderado
8.523,77.0,0.4,12.984975,Bajo
7.7229996,79.0,0.0,11.457958,Moderado
7.123,81.0,0.0,10.086427,Bajo
7.1730003,81.0,0.0,9.290511,Bajo
7.273,83.0,0.1,8.854829,Bajo
7.4230003,84.0,0.1,10.028439,Bajo
7.9230003,79.0,0.2,12.074766,Bajo
8.373,77.0,0.1,14.84318,Moderado
8.573,76.0,0.1,16.135872,Moderado
8.873,73.0,0.1,18.875126,Moderado
9.172999,69.0,0.0,22.915916,Moderado
9.172999,69.0,0.0,22.45315,Moderado
10.873,62.0,0.0,23.904108,Alto
11.473,58.0,0.0,28.257132,Alto
11.973,57.0,0.0,33.626774,Muy alto
11.623,61.0,0.0,32.750107,Alto
10.823,65.0,0.3,26.999998,Moderado
10.023,60.0,0.0,20.211363,Moderado
10.573,63.0,0.0,17.298738,Moderado
9.523,69.0,0.3,14.404499,Bajo
8.573,75.0,0.8,11.631956,Bajo
7.873,74.0,0.6,10.703569,Bajo
7.323,73.0,0.4,8.647496,Bajo
6.823,75.0,0.2,8.654986,Bajo
6.4230003,79.0,0.0,7.928177,Bajo
5.773,82.0,0.0,9.1641035,Bajo
5.4729996,73.0,0.0,14.336861,Moderado
4.873,66.0,0.0,14.81259,Moderado
4.1730003,72.0,0.0,14.20062,Moderado
3.773,72.0,0.0,14.654254,Moderado
3.973,72.0,0.0,16.62249,Moderado
3.473,74.0,0.0,15.141414,Moderado
2.923,77.0,0.0,13.5515,Moderado
2.523,79.0,0.0,13.207634,Moderado
2.1729999,80.0,0.0,11.631956,Bajo
2.323,79.0,0.0,11.298495,Bajo
4.223,73.0,0.0,11.885453,Moderado
6.7229996,65.0,0.0,16.595179,Moderado
8.123,55.0,0.0,22.450264,Alto
8.873,51.0,0.0,22.73707,Alto
9.573,48.0,0.0,23.675304,Alto
10.273,47.0,0.0,25.189713,Alto
11.323,42.0,0.0,24.66197,Alto
11.823,41.0,0.0,24.912935,Alto
12.073,42.0,0.0,21.986542,Alto
12.223,42.0,0.0,21.915691,Alto
12.073,47.0,0.0,13.891522,Moderado
10.823,53.0,0.0,9.47012,Moderado
9.172999,55.0,0.0,21.479666,Alto
7.6730003,63.0,0.0,16.766108,Moderado
6.773,70.0,0.0,14.458382,Moderado
6.4230003,77.0,0.0,13.684735,Moderado
6.1730003,78.0,0.0,12.229406,Moderado
6.2229996,67.0,0.0,16.610792,Moderado
6.123,72.0,0.0,17.068707,Moderado
6.123,75.0,0.0,16.746773,Moderado
6.2229996,78.0,0.0,17.388409,Moderado
6.4729996,79.0,0.0,18.359999,Moderado
6.873,80.0,0.0,18.39878,Moderado
7.4729996,81.0,0.0,18.875126,Moderado
9.172999,72.0,0.0,21.67786,Moderado
10.422999,68.0,0.0,23.166218,Alto
11.523,63.0,0.0,26.178707,Alto
11.623,63.0,0.0,26.980793,Alto
11.723,61.0,0.0,30.25928,Alto
11.973,60.0,0.0,33.912685,Muy alto
12.023,63.0,0.3,34.358788,Alto
11.623,65.0,0.4,32.978832,Alto
11.873,64.0,0.2,29.328403,Moderado
11.373,67.0,0.3,28.00837,Moderado
10.723,71.0,0.3,25.35637,Moderado
10.373,71.0,0.1,27.438046,Alto
9.723,75.0,0.3,23.090569,Moderado
9.123,81.0,0.2,19.93048,Moderado
8.373,71.0,0.2,17.727943,Moderado
7.623,74.0,0.0,15.596767,Moderado
6.7229996,74.0,0.0,18.289274,Moderado
5.7229996,78.0,0.0,17.106628,Moderado
4.7229996,81.0,0.0,15.188415,Moderado
4.023,85.0,0.0,13.708391,Moderado
3.623,83.0,0.0,13.1041975,Moderado
2.873,80.0,0.0,11.91812,Moderado
2.273,83.0,0.0,11.4862,Bajo
2.1729999,84.0,0.0,11.090103,Bajo
3.973,74.0,0.0,11.609651,Moderado
6.2229996,64.0,0.0,14.707222,Moderado
7.823,52.0,0.0,18.486622,Moderado
8.873,44.0,0.0,18.59845,Alto
9.623,42.0,0.0,19.930477,Alto
9.773,45.0,0.0,19.855558,Alto
10.473,38.0,0.0,20.945072,Alto
10.773,36.0,0.0,20.771093,Alto
10.273,39.0,0.0,20.140705,Alto
9.623,44.0,0.0,17.782688,Moderado
8.973,48.0,0.0,15.484185,Moderado
8.173,51.0,0.0,11.367109,Moderado
6.4729996,61.0,0.0,2.5455842,Bajo
5.4729996,66.0,0.0,3.9763298,Bajo
5.073,69.0,0.1,2.8799999,Bajo
5.123,72.0,0.2,1.9386592,Bajo
4.623,79.0,0.9,3.2399998,Bajo
4.4729996,83.0,1.5,4.8433046,Bajo
3.873,82.0,1.1,9.449572,Bajo
3.073,88.0,0.3,10.514218,Bajo
2.973,87.0,0.0,10.195057,Bajo
3.273,87.0,0.0,9.957108,Bajo
3.473,85.0,0.0,10.703569,Bajo
3.623,85.0,0.0,8.913181,Bajo
4.373,84.0,0.1,15.778516,Moderado
4.873,86.0,0.5,12.313894,Bajo
5.4230003,90.0,1.3,10.086427,Bajo
6.573,89.0,0.3,7.653705,Bajo
7.523,88.0,0.3,4.3349743,Bajo
7.573,83.0,0.0,19.602652,Moderado
6.623,76.0,0.2,29.370352,Moderado
7.123,63.0,0.1,39.067875,Muy alto
7.1730003,64.0,0.0,38.706276,Muy alto
7.4729996,57.0,0.0,39.60818,Muy alto
6.7229996,56.0,0.0,34.80848,Muy alto
5.523,62.0,0.0,30.018473,Alto
4.273,68.0,0.0,25.562534,Alto
3.823,71.0,0.0,21.542923,Moderado
3.423,74.0,0.0,18.511143,Moderado
2.823,78.0,0.0,15.034041,Moderado
2.323,83.0,0.0,12.181625,Bajo
2.073,86.0,0.0,11.165805,Bajo
2.223,87.0,0.0,9.659814,Bajo
2.223,90.0,0.0,9.085988,Bajo
2.1729999,91.0,0.0,8.4963045,Bajo
2.1230001,91.0,0.0,7.653705,Bajo
2.1230001,91.0,0.0,7.386582,Bajo
2.323,89.0,0.0,7.5942082,Bajo
3.623,81.0,0.0,7.0911775,Bajo
6.073,68.0,0.0,11.966953,Moderado
8.023,56.0,0.0,15.315873,Moderado
9.922999,49.0,0.0,15.94601,Moderado
11.623,42.0,0.0,18.278645,Alto
12.523,37.0,0.0,23.000591,Alto
13.373,34.0,0.0,24.442913,Alto
13.073,35.0,0.0,24.850431,Alto
12.773,37.0,0.0,17.610588,Alto
12.473,38.0,0.0,15.716793,Moderado
11.672999,45.0,0.0,10.799999,Moderado
10.723,46.0,0.1,12.096214,Moderado
9.973,51.0,0.7,8.905908,Bajo
8.773,65.0,0.1,7.491114,Bajo
7.873,71.0,0.0,5.8603754,Bajo
7.323,73.0,0.0,4.198285,Bajo
6.623,74.0,0.0,3.7064266,Bajo
5.873,79.0,0.2,5.8603754,Bajo
5.573,85.0,0.3,8.209263,Bajo
5.523,87.0,0.3,11.019764,Bajo
5.373,85.0,0.0,11.923557,Bajo
4.9230003,88.0,0.0,9.885262,Bajo
4.9230003,84.0,0.0,13.755579,Moderado
5.2229996,82.0,0.0,19.022177,Moderado
5.2229996,78.0,0.1,23.623243,Moderado
6.573,66.0,0.0,31.338614,Alto
7.523,60.0,0.0,31.682047,Alto
8.273,55.0,0.0,31.394394,Alto
8.823,50.0,0.0,31.394394,Alto
8.873,46.0,0.0,32.112724,Muy alto
8.473,46.0,0.0,31.328272,Alto
8.223,47.0,0.0,29.899511,Alto
8.123,45.0,0.0,30.54701,Alto
7.573,47.0,0.0,30.430117,Alto
6.623,58.0,0.0,30.5173,Alto
5.623,73.0,0.4,28.58545,Moderado
5.4230003,75.0,0.2,29.275326,Moderado
4.823,73.0,0.0,29.024128,Alto
4.4230003,77.0,0.0,27.343414,Alto
4.223,79.0,0.0,26.693459,Alto
4.073,80.0,0.0,27.402597,Alto
3.973,78.0,0.0,28.766228,Alto
4.023,85.0,0.0,24.798223,Moderado
4.373,86.0,0.0,25.068514,Moderado
4.7229996,85.0,0.0,24.798225,Moderado
5.1730003,83.0,0.0,24.119999,Moderado
5.1730003,82.0,0.0,22.682856,Moderado
5.073,82.0,0.0,21.24,Moderado
6.023,77.0,0.0,22.366402,Moderado
7.323,70.0,0.0,24.72495,Alto
8.723,60.0,0.0,23.933907,Alto
9.473,54.0,0.0,26.183659,Alto
10.323,53.0,0.0,28.038431,Alto
10.523,52.0,0.0,29.379177,Alto
11.073,50.0,0.0,31.311722,Alto
11.073,47.0,0.0,31.421213,Muy alto
10.573,53.0,0.0,31.355152,Alto
9.873,60.0,0.0,29.122198,Alto
8.973,66.0,0.0,27.153164,Alto
7.873,73.0,0.0,24.187069,Alto
6.9729996,76.0,0.0,22.33161,Moderado
6.373,80.0,0.0,21.288757,Moderado
5.9230003,82.0,0.0,19.134262,Moderado
5.523,84.0,0.0,17.81909,Moderado
5.2229996,88.0,0.0,17.581125,Moderado
5.4230003,89.0,0.0,18.35647,Moderado
5.6730003,88.0,0.0,18.161278,Moderado
6.023,85.0,0.0,20.545246,Moderado
6.2229996,81.0,0.0,22.19773,Moderado
6.1730003,79.0,0.0,21.96,Moderado
6.123,81.0,0.0,21.218632,Moderado
6.273,80.0,0.0,21.915693,Moderado
6.823,72.0,0.0,23.157824,Moderado
7.823,68.0,0.0,26.82906,Alto
8.823,63.0,0.0,29.070974,Alto
9.823,60.0,0.0,30.993471,Alto
10.323,60.0,0.0,29.627363,Alto
10.672999,59.0,0.0,28.58545,Alto
11.473,55.0,0.0,28.82249,Alto
11.172999,55.0,0.0,29.09103,Alto
10.323,60.0,0.0,29.370352,Alto
9.123,70.0,0.4,28.112288,Moderado
8.273,70.0,0.3,28.739187,Moderado
7.4729996,73.0,0.3,28.202042,Moderado
7.073,74.0,0.1,28.988384,Alto
6.773,76.0,0.0,28.73242,Alto
6.6730003,78.0,0.0,28.291512,Alto
6.573,76.0,0.0,26.341572,Alto
5.873,71.0,0.0,25.683926,Alto
5.2229996,70.0,0.0,25.210283,Alto
4.323,66.0,0.0,28.241076,Alto
3.623,67.0,0.0,27.74103,Alto
3.373,65.0,0.0,23.499481,Alto
3.173,72.0,0.0,22.101183,Moderado
3.473,75.0,0.0,22.668568,Moderado
3.773,76.0,0.0,25.40743,Alto
4.823,72.0,0.0,32.2034,Alto
5.6730003,66.0,0.0,32.76791,Alto
6.573,59.0,0.0,32.47192,Alto
7.2229996,55.0,0.0,32.48788,Alto
7.9729996,47.0,0.0,33.137604,Muy alto
8.073,45.0,0.0,33.96233,Muy alto
8.373,46.0,0.0,33.927967,Muy alto
8.273,46.0,0.0,33.033802,Muy alto
8.073,49.0,0.0,32.79361,Muy alto
7.1730003,58.0,0.0,31.1686,Alto
6.273,65.0,0.0,30.317043,Alto
5.4230003,72.0,0.0,28.802248,Alto
5.323,77.0,0.0,32.048088,Alto
5.773,79.0,0.0,32.402,Alto
6.1730003,80.0,0.0,29.16889,Alto
6.823,82.0,0.0,26.661882,Alto
7.373,82.0,0.0,28.054604,Alto
8.323,82.0,0.0,33.75756,Alto
7.623,80.0,0.0,37.883907,Muy alto
7.373,81.0,0.0,37.524708,Alto
7.123,79.0,0.0,38.881668,Muy alto
6.523,79.0,0.0,39.614723,Muy alto
6.373,79.0,0.0,38.881668,Muy alto
6.273,78.0,0.0,37.815426,Muy alto
7.073,70.0,0.0,40.326424,Muy alto
8.123,64.0,0.0,43.9436,Muy alto
9.073,62.0,0.0,45.05181,Muy alto
9.422999,62.0,0.0,43.2015,Muy alto
10.723,62.0,0.0,41.401566,Muy alto
12.073,61.0,0.0,41.914886,Muy alto
12.723,61.0,0.0,47.510452,Muy alto
12.373,62.0,0.0,46.88991,Muy alto
11.672999,63.0,0.0,46.69604,Muy alto
10.973,66.0,0.0,44.751637,Muy alto
9.823,70.0,0.0,43.810684,Muy alto
8.773,74.0,0.0,41.784824,Muy alto
8.573,75.0,0.0,43.321327,Muy alto
8.223,74.0,0.0,43.73963,Muy alto
7.873,73.0,0.0,39.97459,Muy alto
7.623,74.0,0.0,36.016193,Alto
7.4729996,81.0,0.0,33.04361,Alto
7.573,82.0,0.0,31.883888,Alto
7.573,82.0,0.0,29.834423,Alto
8.173,83.0,0.0,30.302078,Alto
8.473,80.0,0.0,33.151287,Alto
8.323,77.0,0.0,34.268143,Alto
7.9729996,79.0,0.0,32.49785,Alto
7.623,77.0,0.0,31.212229,Alto
7.9729996,74.0,0.0,24.442911,Alto
8.573,72.0,0.0,22.881956,Moderado
9.623,68.0,0.0,25.630886,Alto
10.172999,65.0,0.0,31.367552,Alto
10.922999,64.0,0.0,32.933605,Alto
11.523,60.0,0.0,40.315178,Muy alto
11.773,63.0,0.1,33.3559,Alto
11.073,69.0,0.6,31.765793,Alto
10.973,69.0,0.0,37.83941,Muy alto
10.323,72.0,0.1,36.233246,Muy alto
9.623,77.0,0.2,35.031162,Alto
9.073,79.0,0.3,34.428497,Alto
8.723,77.0,0.2,37.600616,Alto
8.773,76.0,0.0,37.47633,Muy alto
8.573,77.0,0.0,35.75436,Alto
8.273,80.0,0.0,32.90999,Alto
8.373,75.0,0.0,32.79361,Alto
8.373,70.0,0.0,36.785233,Muy alto
8.823,69.0,0.0,38.848316,Muy alto
8.422999,69.0,0.0,37.114933,Muy alto
8.273,68.0,0.0,36.409866,Muy alto
7.9230003,74.0,0.3,35.02561,Alto
7.6730003,75.0,0.1,31.912327,Alto
7.4230003,78.0,0.3,28.241077,Moderado
8.773,69.0,0.2,25.537172,Moderado
9.373,67.0,0.0,29.957972,Alto
9.823,66.0,0.2,35.06629,Alto
9.723,67.0,0.2,36.691753,Alto
9.123,71.0,0.5,34.877293,Alto
9.073,69.0,0.4,33.50128,Alto
10.123,65.0,0.1,35.690872,Muy alto
10.023,60.0,0.2,34.936695,Alto
9.373,55.0,0.0,36.028786,Muy alto
8.273,56.0,0.0,35.85932,Muy alto
7.1730003,61.0,0.0,35.543507,Muy alto
5.873,67.0,0.0,34.627434,Alto
5.2229996,69.0,0.0,29.162226,Alto
4.773,71.0,0.0,28.08923,Alto
4.373,72.0,0.0,27.362366,Alto
4.1730003,73.0,0.0,26.661882,Alto
3.973,74.0,0.0,27.021591,Alto
3.723,75.0,0.0,27.359999,Alto
3.573,73.0,0.0,25.60053,Alto
3.523,70.0,0.0,24.144165,Alto
3.273,73.0,0.0,22.007162,Moderado
3.073,77.0,0.0,21.077686,Moderado
3.073,77.0,0.0,21.605999,Moderado
3.173,77.0,0.0,21.749481,Moderado
4.373,72.0,0.0,20.696085,Moderado
6.323,62.0,0.0,23.576563,Alto
8.123,53.0,0.0,26.642431,Alto
9.023,51.0,0.0,28.58545,Alto
9.273,50.0,0.0,29.738703,Alto
9.422999,54.0,0.0,26.437336,Alto
9.422999,55.0,0.0,25.942488,Alto
9.123,52.0,0.0,24.57511,Alto
9.223,51.0,0.0,22.3229,Alto
8.922999,54.0,0.0,20.240196,Moderado
8.323,53.0,0.0,15.725037,Moderado
7.573,57.0,0.0,12.031756,Moderado
6.7229996,60.0,0.0,8.0899935,Moderado
6.4230003,63.0,0.0,7.8625183,Bajo
6.123,68.0,0.0,5.8048253,Bajo
5.873,69.0,0.0,6.2145634,Bajo
5.823,66.0,0.0,6.28713,Bajo
5.2229996,70.0,0.1,5.1919937,Bajo
5.373,77.0,0.3,6.193674,Bajo
5.4729996,85.0,0.1,6.8777895,Bajo
5.773,86.0,0.3,7.386582,Bajo
6.373,86.0,0.0,6.638072,Bajo
6.573,84.0,0.0,6.162207,Bajo
6.373,81.0,0.0,4.2136917,Bajo
5.4729996,92.0,0.0,5.1165614,Bajo
8.223,80.0,0.0,3.96,Bajo
10.323,69.0,0.0,4.802999,Bajo
11.073,66.0,0.6,18.359999,Moderado
9.773,72.0,0.6,29.59235,Moderado
9.672999,62.0,0.2,21.829777,Moderado
11.323,52.0,0.0,35.66908,Muy alto
10.623,51.0,0.0,35.9946,Muy alto
9.523,50.0,0.0,34.62369,Muy alto
8.273,53.0,0.0,33.26252,Muy alto
7.323,55.0,0.0,30.096085,Alto
6.2229996,59.0,0.0,28.910038,Alto
5.073,66.0,0.0,28.835976,Alto
4.623,65.0,0.0,28.808998,Alto
4.323,66.0,0.0,25.919998,Alto
4.223,67.0,0.0,22.553936,Moderado
4.223,70.0,0.0,21.566975,Moderado
4.623,72.0,0.0,23.565567,Moderado
4.9729996,74.0,0.1,23.491207,Moderado
5.4729996,75.0,0.1,23.749088,Moderado
5.873,78.0,0.1,24.18707,Moderado
6.523,77.0,0.1,27.067116,Alto
7.023,77.0,0.1,27.766712,Alto
7.073,78.0,0.2,29.07989,Moderado
7.373,78.0,0.2,26.544964,Moderado
7.873,76.0,0.2,28.236486,Moderado
8.373,73.0,0.3,29.68636,Moderado
8.873,71.0,0.2,29.723444,Moderado
8.823,65.0,0.1,30.652895,Alto
8.873,65.0,0.1,31.82082,Alto
9.773,60.0,0.0,36.77114,Muy alto
9.922999,54.0,0.0,34.3833,Muy alto
9.422999,63.0,0.2,38.6208,Alto
8.973,66.0,0.1,30.684587,Alto
8.273,70.0,0.2,28.61264,Moderado
7.873,72.0,0.1,28.337282,Alto
8.023,73.0,0.2,27.41678,Moderado
7.9230003,75.0,0.2,30.282827,Moderado
8.023,73.0,0.2,29.784426,Moderado
7.7229996,77.0,0.3,29.620802,Moderado
7.523,77.0,0.4,24.798223,Moderado
6.6730003,79.0,1.1,27.645092,Moderado
6.2229996,74.0,0.2,23.78453,Moderado
5.9729996,74.0,0.1,25.099514,Alto
5.7229996,73.0,0.0,22.782625,Moderado
5.273,71.0,0.0,19.881649,Moderado
4.823,69.0,0.0,17.298738,Moderado
4.573,69.0,0.0,16.676977,Moderado
5.073,70.0,0.0,19.386591,Moderado
6.323,64.0,0.0,26.400545,Alto
7.373,56.0,0.0,28.08923,Alto
8.223,52.0,0.0,28.442278,Alto
8.973,48.0,0.0,29.519999,Alto
9.373,45.0,0.0,29.16889,Alto
9.373,46.0,0.0,28.227306,Alto
9.172999,47.0,0.0,27.595823,Alto
8.373,54.0,0.1,25.567604,Alto
7.023,64.0,0.3,20.780453,Moderado
6.273,73.0,0.3,16.78156,Bajo
5.6730003,76.0,0.3,14.386494,Bajo
5.123,77.0,0.2,11.753876,Bajo
4.7229996,80.0,0.1,8.913181,Bajo
4.523,82.0,0.2,5.8603754,Bajo
4.273,85.0,0.6,2.968636,Bajo
3.973,85.0,0.8,2.9024127,Bajo
3.573,88.0,0.8,6.9527545,Bajo
2.473,91.0,0.8,6.1305785,Bajo
2.373,93.0,0.7,7.653705,Bajo
2.323,93.0,0.6,6.4096174,Bajo
2.323,93.0,0.6,7.928177,Bajo
2.473,92.0,1.1,8.049845,Bajo
2.573,92.0,1.1,6.989936,Bajo
2.823,93.0,0.4,4.6102495,Bajo
3.123,92.0,0.8,4.0249224,Bajo
3.723,90.0,0.3,5.6233797,Bajo
4.323,88.0,0.1,7.42159,Bajo
4.6730003,87.0,0.5,7.208994,Bajo
4.573,86.0,1.3,9.346143,Bajo
3.373,89.0,1.3,9.605998,Bajo
2.523,93.0,2.2,10.799999,Bajo
1.723,96.0,1.6,10.8955765,Bajo
2.673,89.0,1.1,17.208603,Bajo
3.123,88.0,0.7,17.771753,Bajo
2.773,87.0,0.4,20.008356,Bajo
2.523,85.0,0.1,19.48661,Moderado
2.623,79.0,0.1,16.520823,Moderado
2.273,79.0,0.0,15.484185,Moderado
1.273,82.0,0.0,14.799459,Moderado
0.673,86.0,0.0,13.75558,Moderado
0.423,86.0,0.0,13.363711,Moderado
0.073,87.0,0.0,14.404499,Moderado
-0.277,88.0,0.0,12.6462,Bajo
-0.527,89.0,0.0,10.495713,Bajo
-0.727,90.0,0.0,9.47012,Bajo
-0.827,89.0,0.0,8.825508,Bajo
-0.977,90.0,0.0,8.473393,Bajo
-0.627,88.0,0.0,10.829959,Bajo
1.173,81.0,0.0,13.358861,Moderado
2.873,70.0,0.0,18.089775,Moderado
4.1730003,58.0,0.0,19.70815,Moderado
5.073,53.0,0.0,21.129885,Alto
5.6730003,49.0,0.0,22.314192,Alto
5.4729996,53.0,0.0,20.969805,Alto
5.573,51.0,0.0,22.180206,Alto
5.023,55.0,0.0,21.915693,Alto
4.323,59.0,0.0,20.265795,Moderado
3.223,63.0,0.0,17.81909,Moderado
1.873,69.0,0.0,14.044615,Moderado
0.623,78.0,0.0,13.493999,Moderado
0.023000002,82.0,0.0,14.408997,Moderado
-0.277,84.0,0.0,14.332341,Moderado
-0.627,87.0,0.0,13.627795,Moderado
-0.877,88.0,0.0,13.1041975,Bajo
-0.977,90.0,0.0,13.009903,Bajo
-1.027,93.0,0.0,12.224107,Bajo
-1.127,93.0,0.0,12.144331,Bajo
-1.227,94.0,0.0,11.252519,Bajo
-1.127,92.0,0.0,10.8955765,Bajo
-1.127,92.0,0.0,10.495713,Bajo
-1.227,92.0,0.0,9.3876505,Bajo
-0.527,92.0,0.0,9.3876505,Bajo
1.473,81.0,0.0,11.525623,Bajo
3.323,70.0,0.0,14.264361,Moderado
4.773,59.0,0.0,15.175612,Moderado
5.7229996,51.0,0.0,15.459054,Moderado
6.323,47.0,0.0,15.683774,Moderado
6.573,44.0,0.0,17.10284,Moderado
6.623,44.0,0.0,16.055355,Moderado
6.323,44.0,0.0,16.055355,Moderado
5.573,49.0,0.0,14.799459,Moderado
4.023,58.0,0.0,9.885262,Moderado
1.873,71.0,0.0,7.172949,Bajo
0.323,81.0,0.0,6.489992,Bajo
-0.227,83.0,0.0,6.130579,Bajo
-0.77699995,85.0,0.0,5.771239,Bajo
-1.277,87.0,0.0,5.7599998,Bajo
-1.577,88.0,0.0,6.130579,Bajo
-1.577,88.0,0.0,6.519877,Bajo
-1.177,87.0,0.0,8.669949,Bajo
-1.227,91.0,0.0,8.669949,Bajo
-1.227,91.0,0.0,9.0,Bajo
-1.227,90.0,0.0,9.007196,Bajo
-1.077,88.0,0.0,9.746631,Bajo
-0.877,85.0,0.0,10.08,Bajo
-0.427,83.0,0.0,9.028754,Bajo
1.873,77.0,0.0,11.659777,Moderado
4.273,66.0,0.0,15.84,Moderado
5.823,56.0,0.0,22.61419,Alto
6.373,55.0,0.0,25.323128,Alto
6.873,55.0,0.0,27.684914,Alto
7.123,54.0,0.0,29.59235,Alto
7.023,54.0,0.0,28.71437,Alto
6.873,54.0,0.0,27.51116,Alto
6.573,57.0,0.0,25.982424,Alto
6.023,60.0,0.0,24.842607,Alto
5.4230003,63.0,0.0,23.803596,Alto
4.773,65.0,0.0,19.881649,Moderado
4.6730003,68.0,0.0,19.48661,Moderado
4.4729996,70.0,0.0,18.947083,Moderado
4.523,71.0,0.0,19.0392,Moderado
4.573,71.0,0.0,18.692286,Moderado
4.573,71.0,0.0,17.533146,Moderado
4.223,73.0,0.1,20.176065,Moderado
4.023,79.0,0.1,20.724247,Moderado
4.223,80.0,0.0,20.176065,Moderado
4.373,81.0,0.0,18.214718,Moderado
4.623,82.0,0.0,17.072504,Moderado
4.6730003,84.0,0.0,16.1198,Moderado
4.9230003,81.0,0.0,13.849477,Moderado
6.323,76.0,0.0,16.263872,Moderado
7.873,69.0,0.0,19.64228,Moderado
8.922999,64.0,0.0,20.858265,Moderado
9.723,60.0,0.0,21.758419,Alto
10.123,58.0,0.0,21.068459,Alto
10.223,57.0,0.0,20.345573,Moderado
10.123,58.0,0.0,17.992796,Moderado
10.172999,59.0,0.0,15.807239,Moderado
9.723,62.0,0.0,15.546833,Moderado
9.172999,65.0,0.0,14.003028,Moderado
8.323,67.0,0.0,11.212135,Moderado
6.823,72.0,0.0,8.942214,Bajo
6.2229996,75.0,0.0,7.24486,Bajo
5.023,79.0,0.0,5.04,Bajo
3.823,84.0,0.0,5.1919937,Bajo
3.373,85.0,0.0,4.452954,Bajo
2.023,91.0,0.0,5.315336,Bajo
0.423,97.0,0.0,5.1165614,Bajo
0.673,91.0,0.0,5.6002855,Bajo
0.673,88.0,0.0,5.6233797,Bajo
0.623,87.0,0.0,5.6002855,Bajo
0.973,85.0,0.0,5.1919937,Bajo
1.423,83.0,0.0,5.0142193,Bajo
1.923,78.0,0.0,2.8116899,Bajo
3.223,75.0,0.0,2.0991426,Bajo
5.023,72.0,0.0,2.8799999,Bajo
6.623,58.0,0.0,3.9763298,Bajo
7.573,52.0,0.0,7.5942073,Moderado
8.123,49.0,0.0,12.620554,Moderado
9.073,43.0,0.0,15.484185,Moderado
9.672999,42.0,0.0,17.673029,Moderado
9.873,50.0,0.0,18.782204,Moderado
9.323,61.0,0.0,21.897945,Alto
8.223,68.0,0.0,17.28,Moderado
7.273,74.0,0.0,17.518356,Moderado
6.523,78.0,0.0,16.394829,Moderado
5.9729996,81.0,0.0,16.343367,Moderado
5.623,83.0,0.0,14.869351,Moderado
4.773,77.0,0.0,14.332341,Moderado
4.1730003,81.0,0.0,14.408997,Moderado
4.273,84.0,0.0,15.03835,Moderado
3.423,88.0,0.0,12.849528,Bajo
3.373,89.0,0.0,11.27553,Bajo
3.473,89.0,0.0,9.028754,Bajo
3.073,91.0,0.0,6.489992,Bajo
2.673,90.0,0.0,5.3517847,Bajo
2.623,90.0,0.0,5.815978,Bajo
3.423,87.0,0.0,4.452954,Bajo
5.9729996,79.0,0.0,6.6185193,Bajo
8.573,64.0,0.0,9.826088,Moderado
10.672999,54.0,0.0,13.217443,Moderado
11.873,51.0,0.0,17.654688,Moderado
13.172999,46.0,0.0,19.453327,Alto
13.922999,41.0,0.0,19.878391,Alto
14.073,42.0,0.0,18.35647,Alto
14.273,43.0,0.0,17.654686,Moderado
13.672999,45.0,0.0,18.64369,Alto
12.422999,49.0,0.0,17.294992,Moderado
11.073,52.0,0.0,13.797912,Moderado
10.073,53.0,0.0,12.429127,Moderado
9.123,56.0,0.0,8.854829,Moderado
8.323,59.0,0.0,7.653705,Moderado
7.823,62.0,0.0,7.8954163,Bajo
7.1730003,67.0,0.0,8.049845,Bajo
7.073,72.0,0.0,7.928178,Bajo
5.823,84.0,0.0,7.072878,Bajo
5.4729996,88.0,0.0,7.0911775,Bajo
4.7229996,94.0,0.0,6.9153743,Bajo
4.273,96.0,0.0,6.8777895,Bajo
3.923,97.0,0.0,6.8777895,Bajo
3.923,97.0,0.0,6.1305785,Bajo
4.273,97.0,0.0,6.193674,Bajo
6.873,86.0,0.0,8.209263,Bajo
10.323,70.0,0.0,9.346143,Moderado
13.023,53.0,0.0,12.768586,Moderado
14.273,49.0,0.0,16.563911,Moderado
14.773,48.0,0.0,18.775301,Moderado
16.373001,44.0,0.0,19.164719,Alto
16.923,43.0,0.0,19.852295,Alto
17.573,40.0,0.0,19.110542,Alto
14.623,53.0,0.0,36.386723,Muy alto
10.223,70.0,0.2,26.693459,Moderado
8.323,82.0,1.0,20.523157,Moderado
8.523,82.0,0.2,17.902534,Bajo
7.4729996,70.0,0.0,18.64369,Moderado
6.1730003,74.0,0.0,17.651016,Moderado
5.123,81.0,0.0,14.799459,Moderado
4.223,87.0,0.0,11.966953,Bajo
3.623,88.0,0.0,8.854829,Bajo
3.273,88.0,0.0,9.585739,Bajo
2.773,87.0,0.0,7.145796,Bajo
2.223,89.0,0.0,6.4096174,Bajo
1.873,91.0,0.0,6.0347,Bajo
1.973,89.0,0.0,6.489992,Bajo
2.273,84.0,0.0,7.208994,Bajo
2.723,77.0,0.0,6.162207,Bajo
5.9230003,65.0,0.0,10.594036,Moderado
8.922999,54.0,0.0,19.809813,Moderado
10.573,51.0,0.0,24.269983,Alto
11.073,48.0,0.0,28.515089,Alto
11.172999,51.0,0.4,27.887802,Alto
11.823,43.0,0.2,23.000591,Moderado
12.422999,42.0,0.0,21.178896,Alto
12.973,41.0,0.0,21.203358,Alto
12.323,41.0,0.0,18.864824,Alto
11.373,45.0,0.0,12.387348,Moderado
10.123,52.0,0.0,6.763786,Moderado
8.973,60.0,0.0,4.198285,Bajo
7.4729996,71.0,0.1,5.771239,Bajo
6.4729996,82.0,0.0,7.289444,Bajo
6.623,90.0,0.0,12.959999,Bajo
6.573,90.0,0.0,15.745627,Moderado
6.823,92.0,0.0,16.981165,Moderado
6.7229996,91.0,0.0,16.93531,Moderado
7.073,89.0,0.0,15.124284,Moderado
7.6730003,89.0,0.4,13.441071,Bajo
8.223,91.0,0.4,14.05845,Bajo
8.672999,92.0,0.1,10.829959,Bajo
8.672999,93.0,0.1,6.5693827,Bajo
8.672999,94.0,0.1,6.193674,Bajo
9.422999,91.0,0.0,4.6102495,Bajo
10.123,91.0,0.3,1.8,Bajo
12.123,81.0,0.0,10.661107,Bajo
11.422999,59.0,0.0,31.491255,Alto
11.023,42.0,0.0,30.244286,Alto
11.773,43.0,0.0,35.64182,Muy alto
10.473,42.0,0.0,38.886665,Muy alto
9.672999,48.0,0.0,36.719997,Muy alto
8.723,51.0,0.0,35.038563,Muy alto
7.4230003,54.0,0.0,33.21573,Muy alto
6.373,59.0,0.0,27.397867,Alto
6.123,63.0,0.0,19.443333,Moderado
5.573,67.0,0.0,17.294992,Moderado
5.023,72.0,0.0,14.799459,Moderado
4.1730003,74.0,0.0,11.177405,Moderado
3.523,73.0,0.0,8.089993,Bajo
2.873,76.0,0.0,6.193674,Bajo
2.1230001,79.0,0.0,5.00128,Bajo
1.723,84.0,0.0,4.68,Bajo
1.323,87.0,0.0,5.1544156,Bajo
1.023,87.0,0.0,5.3517847,Bajo
1.223,82.0,0.0,5.506941,Bajo
1.823,77.0,0.0,4.896529,Bajo
2.473,80.0,0.0,3.7585104,Bajo
3.773,76.0,0.0,5.8603754,Bajo
6.273,63.0,0.0,10.44,Moderado
8.723,54.0,0.0,14.799459,Moderado
9.422999,56.0,0.0,17.283749,Moderado
11.073,53.0,0.0,19.803272,Moderado
11.922999,51.0,0.0,19.93048,Alto
11.422999,46.0,0.0,23.219301,Alto
9.473,49.0,0.1,21.659916,Alto
8.173,57.0,0.0,22.79684,Alto
7.023,64.0,0.2,19.011953,Moderado
6.373,65.0,0.1,15.042659,Moderado
5.823,76.0,0.0,11.659777,Moderado
5.373,78.0,0.0,11.525623,Moderado
5.073,74.0,0.0,13.004921,Moderado
4.523,71.0,0.0,18.0036,Moderado
4.123,72.0,0.0,19.201874,Moderado
3.523,74.0,0.0,17.581125,Moderado
3.223,76.0,0.0,15.463244,Moderado
2.773,77.0,0.0,14.759999,Moderado
2.373,78.0,0.0,13.358861,Moderado
2.223,78.0,0.0,12.57426,Moderado
2.223,83.0,0.0,12.287555,Moderado
2.323,82.0,0.0,11.246759,Bajo
2.223,81.0,0.3,8.049845,Bajo
3.923,77.0,0.2,15.778516,Bajo
4.323,76.0,0.6,18.089775,Bajo
6.2229996,70.0,0.0,29.515608,Alto
6.273,74.0,0.1,27.169865,Alto
7.6730003,61.0,0.0,31.006012,Alto
7.2229996,63.0,0.0,31.89608,Alto
7.4230003,58.0,0.0,30.472675,Alto
7.1730003,57.0,0.0,28.291512,Alto
6.823,56.0,0.0,25.233406,Alto
6.023,61.0,0.0,21.746502,Moderado
4.9729996,75.0,0.2,20.991426,Moderado
4.623,82.0,0.1,16.904673,Moderado
4.373,85.0,0.0,17.072504,Moderado
4.273,86.0,0.0,16.1198,Moderado
4.1730003,86.0,0.0,15.484185,Moderado
4.373,86.0,0.0,13.755579,Moderado
4.823,86.0,0.0,11.384198,Bajo
5.1730003,87.0,0.0,12.768586,Moderado
5.523,82.0,0.0,18.440998,Moderado
5.523,81.0,0.0,19.734436,Moderado
5.6730003,78.0,0.0,21.599998,Moderado
6.023,75.0,0.0,23.333443,Moderado
6.2229996,73.0,0.0,23.333443,Moderado
6.7229996,68.0,0.0,24.122686,Alto
7.323,65.0,0.0,25.992401,Alto
8.422999,61.0,0.0,27.07669,Alto
8.523,63.0,0.0,30.886656,Alto
8.323,70.0,1.1,30.760519,Moderado
7.523,70.0,0.6,30.147717,Moderado
7.1730003,62.0,0.0,28.58545,Alto
6.823,59.0,0.0,29.427658,Alto
6.573,51.0,0.0,29.070974,Alto
5.773,49.0,0.0,30.413074,Alto
4.4230003,53.0,0.0,28.910038,Alto
3.523,56.0,0.0,27.153164,Alto
3.073,61.0,0.0,27.112564,Alto
2.673,62.0,0.0,26.932714,Alto
2.323,64.0,0.0,25.984917,Alto
2.223,65.0,0.0,25.509243,Alto
2.223,67.0,0.0,26.82906,Alto
2.1729999,73.0,0.0,26.27753,Alto
2.1230001,77.0,0.0,26.758923,Alto
1.873,78.0,0.0,23.857979,Moderado
1.673,79.0,0.0,22.104116,Moderado
1.523,81.0,0.0,20.957443,Moderado
1.473,82.0,0.0,19.917469,Moderado
1.323,77.0,0.0,18.289274,Moderado
1.523,71.0,0.0,16.808569,Moderado
2.623,69.0,0.0,20.211363,Moderado
3.973,59.0,0.0,22.91026,Alto
4.823,52.0,0.0,24.280659,Alto
5.4230003,47.0,0.0,25.842384,Alto
5.6730003,45.0,0.0,26.544964,Alto
5.4729996,45.0,0.0,29.548521,Alto
5.2229996,46.0,0.0,30.351225,Alto
4.773,48.0,0.0,28.236486,Alto
4.123,52.0,0.0,25.417631,Alto
3.273,59.0,0.0,22.148045,Alto
2.623,66.0,0.0,20.532627,Moderado
2.1729999,73.0,0.0,21.316135,Moderado
2.073,72.0,0.0,22.42427,Moderado
2.073,75.0,0.0,24.187069,Moderado
2.1729999,72.0,0.0,23.219301,Moderado
2.1729999,80.0,0.0,22.380884,Moderado
2.723,73.0,0.0,22.782625,Moderado
2.473,79.0,0.0,23.441502,Moderado
2.623,75.0,0.0,22.668568,Moderado
2.573,84.0,0.0,21.566975,Moderado
2.873,80.0,0.0,22.553936,Moderado
3.023,77.0,0.0,21.38897,Moderado
3.073,81.0,0.0,22.314192,Moderado
3.823,75.0,0.0,24.609364,Moderado
4.523,75.0,0.0,25.630886,Alto
5.873,70.0,0.0,27.595823,Alto
6.873,68.0,0.0,29.660152,Alto
7.4230003,65.0,0.0,32.169178,Alto
7.7229996,66.0,0.0,32.169178,Alto
8.173,60.0,0.0,33.151287,Alto
8.023,64.0,0.0,31.526215,Alto
7.523,68.0,0.0,30.54701,Alto
7.2229996,73.0,0.0,29.834423,Alto
6.773,74.0,0.0,29.574827,Alto
6.023,76.0,0.0,28.08923,Alto
5.873,75.0,0.0,29.574827,Alto
5.373,75.0,0.0,27.74103,Alto
5.2229996,76.0,0.0,27.72,Alto
5.073,75.0,0.0,27.009598,Alto
4.9230003,77.0,0.0,25.942488,Alto
4.823,77.0,0.0,24.50381,Moderado
4.773,77.0,0.0,22.366402,Moderado
4.623,75.0,0.0,22.346113,Moderado
4.323,76.0,0.0,21.24305,Moderado
4.073,78.0,0.0,19.08,Moderado
3.923,79.0,0.0,16.919998,Moderado
3.623,80.0,0.0,14.759999,Moderado
3.773,80.0,0.0,12.6462,Moderado
4.873,75.0,0.0,12.261158,Moderado
6.323,68.0,0.1,10.195057,Moderado
5.9729996,68.0,0.7,14.05845,Bajo
6.523,57.0,0.2,14.336861,Bajo
6.9729996,44.0,0.0,16.343367,Moderado
7.023,45.0,0.0,18.72346,Moderado
6.623,45.0,0.0,16.575644,Moderado
6.1730003,44.0,0.0,15.905319,Moderado
5.1730003,47.0,0.0,13.202726,Moderado
3.523,56.0,0.0,6.830519,Bajo
1.973,65.0,0.0,3.5455887,Bajo
1.923,63.0,0.0,1.08,Bajo
1.523,65.0,0.0,3.8939953,Bajo
0.17300001,74.0,0.0,4.379589,Bajo
-0.727,79.0,0.0,4.3349743,Bajo
-1.327,81.0,0.0,4.0249224,Bajo
-1.627,82.0,0.0,3.6179552,Bajo
-2.277,82.0,0.0,3.319036,Bajo
-2.477,83.0,0.0,3.2599385,Bajo
-2.727,85.0,0.0,3.2599385,Bajo
-2.927,86.0,0.0,3.6179552,Bajo
-3.327,88.0,0.0,3.9763298,Bajo
-3.727,90.0,0.0,3.9763298,Bajo
-4.177,93.0,0.0,3.4152596,Bajo
-2.727,88.0,0.0,3.8773184,Bajo
0.473,74.0,0.0,5.5887027,Bajo
2.773,65.0,0.0,9.028754,Moderado
4.123,59.0,0.0,10.823973,Moderado
5.1730003,56.0,0.0,11.304229,Moderado
6.323,52.0,0.0,9.346143,Moderado
6.6730003,50.0,0.0,9.021574,Moderado
6.4230003,51.0,0.0,8.4963045,Moderado
5.6730003,56.0,0.0,7.2,Moderado
3.723,68.0,0.0,4.6800003,Bajo
2.1230001,77.0,0.0,4.510787,Bajo
0.673,83.0,0.0,3.9763298,Bajo
0.023000002,86.0,0.0,3.6,Bajo
-0.227,87.0,0.0,3.2399998,Bajo
-0.477,87.0,0.0,3.6,Bajo
-0.77699995,90.0,0.0,4.32,Bajo
-0.977,92.0,0.0,5.0528407,Bajo
-1.927,93.0,0.0,5.0528407,Bajo
-2.027,93.0,0.0,4.6938252,Bajo
-1.927,93.0,0.0,5.4119864,Bajo
-1.527,92.0,0.0,5.771239,Bajo
-1.177,89.0,0.0,6.130579,Bajo
-0.977,88.0,0.0,5.8048253,Bajo
-1.727,95.0,0.0,5.1544156,Bajo
-0.277,90.0,0.0,4.73506,Bajo
2.473,79.0,0.0,6.130579,Bajo
4.9230003,68.0,0.0,7.5942073,Bajo
6.7229996,60.0,0.0,8.825508,Moderado
7.9729996,55.0,0.0,8.473393,Moderado
8.873,53.0,0.0,7.928178,Moderado
8.973,54.0,0.0,6.830519,Moderado
8.773,56.0,0.0,6.12,Bajo
8.023,61.0,0.0,4.829907,Bajo
6.2229996,72.0,0.0,3.671294,Bajo
4.6730003,79.0,0.0,3.4152596,Bajo
3.173,83.0,0.0,2.2768397,Bajo
2.373,84.0,0.0,2.7416782,Bajo
0.973,87.0,0.0,4.452954,Bajo
-0.527,90.0,0.0,4.0249224,Bajo
-1.477,93.0,0.0,3.563818,Bajo
-1.677,92.0,0.0,3.219938,Bajo
-1.427,91.0,0.0,4.452954,Bajo
-1.427,91.0,0.0,4.3498964,Bajo
-1.027,91.0,0.0,5.5887027,Bajo
-0.427,91.0,0.0,6.638072,Bajo
0.023000002,91.0,0.0,7.8625183,Bajo
0.623,91.0,0.0,8.905908,Bajo
1.823,91.0,0.0,10.041354,Bajo
3.273,88.0,0.0,11.966954,Bajo
5.273,77.0,0.0,16.520823,Moderado
6.823,68.0,0.0,22.392462,Moderado
7.4729996,61.0,0.0,25.922499,Alto
7.4230003,58.0,0.0,27.086262,Alto
7.7229996,55.0,0.0,26.836306,Alto
7.4230003,57.0,0.0,26.400545,Alto
6.823,60.0,0.0,25.60053,Alto
5.9729996,63.0,0.0,23.444265,Alto
4.773,68.0,0.0,19.45333,Moderado
3.623,74.0,0.0,14.154915,Moderado
2.673,80.0,0.0,12.313893,Moderado
2.223,83.0,0.0,9.793058,Bajo
1.973,84.0,0.0,7.968939,Bajo
2.223,85.0,0.0,7.42159,Bajo
2.573,89.0,0.0,6.725354,Bajo
2.823,89.0,0.0,6.489992,Bajo
2.673,87.0,0.0,6.6185193,Bajo
3.223,87.0,0.0,8.905908,Bajo
3.373,89.0,0.0,9.826088,Bajo
3.123,93.0,0.0,10.1376915,Bajo
3.223,93.0,0.0,10.594036,Bajo
3.423,94.0,0.0,11.720751,Bajo
4.323,92.0,0.0,15.226764,Moderado
5.4729996,85.0,0.0,16.454008,Moderado
6.773,78.0,0.0,19.35314,Moderado
7.4230003,74.0,0.0,21.542923,Moderado
7.7229996,72.0,0.0,23.675303,Moderado
7.823,70.0,0.0,23.177402,Moderado
8.373,69.0,0.0,19.917469,Moderado
8.273,66.0,0.0,19.296133,Moderado
7.873,70.0,0.0,19.386591,Moderado
7.373,73.0,0.0,18.455048,Moderado
7.023,75.0,0.0,18.1041,Moderado
6.6730003,76.0,0.0,18.448023,Moderado
6.373,80.0,0.0,18.837322,Moderado
6.323,78.0,0.0,20.46941,Moderado
5.9729996,73.0,0.0,19.255793,Moderado
5.623,78.0,0.0,16.45007,Moderado
5.623,82.0,0.1,17.873556,Moderado
5.4729996,81.0,0.2,20.929594,Moderado
5.4230003,81.0,0.2,17.287498,Bajo
5.4230003,81.0,0.0,18.193361,Moderado
5.373,82.0,0.0,17.992796,Moderado
5.4230003,83.0,0.0,19.48661,Moderado
5.2229996,81.0,0.0,20.892412,Moderado
4.523,80.0,0.0,21.96,Moderado
4.223,73.0,0.0,18.25026,Moderado
4.623,61.0,0.0,19.13426,Moderado
5.773,55.0,0.0,21.829777,Alto
6.573,48.0,0.0,25.045238,Alto
6.873,45.0,0.0,26.544964,Alto
6.9729996,43.0,0.0,26.61323,Alto
6.6730003,44.0,0.0,28.03612,Alto
6.323,46.0,0.0,26.61323,Alto
5.623,46.0,0.0,24.735432,Alto
4.6730003,50.0,0.0,22.104116,Alto
3.473,57.0,0.0,18.03237,Moderado
2.623,65.0,0.0,16.454008,Moderado
2.1230001,74.0,0.0,17.902534,Moderado
1.673,79.0,0.0,18.899143,Moderado
1.723,80.0,0.0,19.694992,Moderado
2.1230001,79.0,0.0,22.104116,Moderado
2.323,75.0,0.0,23.510508,Moderado
2.1729999,76.0,0.0,22.206486,Moderado
1.373,78.0,0.0,18.792551,Moderado
1.423,77.0,0.0,17.58481,Moderado
1.823,78.0,0.0,15.459054,Moderado
2.423,78.0,0.0,16.1198,Moderado
2.823,78.0,0.0,17.373497,Moderado
2.973,79.0,0.0,18.440998,Moderado
2.673,85.0,0.1,19.453327,Moderado
2.573,86.0,0.2,20.304129,Bajo
2.423,85.0,0.3,20.68356,Moderado
2.773,83.0,0.3,21.578989,Moderado
2.723,82.0,0.3,20.771093,Moderado
2.273,84.0,0.6,18.681883,Bajo
1.873,88.0,0.8,13.849477,Bajo
1.723,91.0,0.8,8.39657,Bajo
2.023,91.0,0.4,4.510787,Bajo
2.223,91.0,0.1,5.771239,Bajo
1.873,92.0,0.0,7.072878,Bajo
1.373,95.0,0.0,8.707238,Bajo
1.473,97.0,0.0,10.1376915,Bajo
1.423,95.0,0.0,11.165805,Bajo
1.873,94.0,0.0,10.464798,Bajo
1.973,94.0,0.0,11.720751,Bajo
2.073,94.0,0.0,11.384199,Bajo
2.523,93.0,0.0,12.413476,Bajo
2.923,91.0,0.0,15.192682,Moderado
3.173,91.0,0.0,16.454008,Moderado
3.273,92.0,0.0,16.418526,Moderado
3.723,92.0,0.1,18.0,Moderado
4.623,89.0,0.1,22.19773,Moderado
5.123,83.0,0.0,26.727423,Alto
5.123,86.0,0.0,23.675303,Moderado
5.7229996,78.0,0.0,22.127556,Moderado
7.023,67.0,0.0,18.837322,Moderado
8.173,58.0,0.0,19.161337,Moderado
8.672999,52.0,0.0,18.86139,Moderado
8.873,50.0,0.0,17.114204,Moderado
8.823,51.0,0.0,19.296133,Moderado
8.373,53.0,0.0,18.175545,Moderado
7.523,59.0,0.0,15.856356,Moderado
6.623,67.0,0.0,12.9249525,Moderado
5.823,72.0,0.0,10.009036,Moderado
4.9729996,83.0,0.7,10.233123,Bajo
4.7229996,90.0,0.6,9.19939,Bajo
5.023,89.0,0.1,6.28713,Bajo
5.123,90.0,0.0,6.1305785,Bajo
5.4230003,93.0,0.0,8.587338,Bajo
5.873,94.0,0.0,13.237039,Bajo
6.4729996,93.0,0.0,19.137648,Moderado
6.9230003,92.0,0.0,21.605999,Moderado
7.4230003,92.0,0.0,21.218632,Moderado
7.623,92.0,0.0,21.749481,Moderado
7.6730003,91.0,0.0,23.377836,Moderado
7.773,90.0,0.0,23.795427,Moderado
7.873,88.0,0.0,24.858253,Moderado
8.373,89.0,0.0,23.313995,Moderado
8.773,87.0,0.0,23.266697,Moderado
9.523,83.0,0.0,23.0653,Moderado
10.073,72.0,0.0,32.072342,Alto
9.422999,77.0,0.2,32.048088,Moderado
9.723,72.0,0.0,36.40453,Muy alto
9.523,62.0,0.0,45.60079,Muy alto
8.573,62.0,0.0,43.440826,Muy alto
7.573,59.0,0.0,40.83739,Muy alto
6.623,64.0,0.0,36.57501,Muy alto
5.773,70.0,0.0,35.463196,Alto
5.023,70.0,0.0,33.636406,Alto
4.7229996,70.0,0.0,30.259275,Alto
4.4230003,72.0,0.0,29.519999,Alto
4.373,71.0,0.0,28.802248,Alto
4.273,72.0,0.0,28.460497,Alto
4.223,72.0,0.0,27.36947,Alto
4.123,73.0,0.0,26.28986,Alto
4.323,75.0,0.0,24.57511,Moderado
4.323,75.0,0.0,24.251284,Moderado
4.223,75.0,0.0,22.505037,Moderado
4.123,75.0,0.0,20.617662,Moderado
3.923,78.0,0.0,19.296133,Moderado
3.723,80.0,0.0,17.992796,Moderado
2.973,84.0,0.0,12.538134,Moderado
4.023,80.0,0.0,12.7279215,Moderado
5.523,78.0,0.0,15.990646,Moderado
5.773,79.0,0.4,18.837322,Bajo
6.1730003,80.0,0.4,20.140705,Moderado
6.4230003,84.0,0.8,13.627795,Bajo
7.073,83.0,0.3,20.211363,Moderado
7.773,82.0,0.0,23.34455,Moderado
8.123,83.0,0.1,20.767975,Moderado
8.223,85.0,0.2,19.67195,Bajo
8.073,85.0,0.1,19.386591,Moderado
7.123,76.0,0.0,18.430452,Moderado
7.023,77.0,0.0,17.057314,Moderado
6.123,78.0,0.0,18.175545,Moderado
5.523,76.0,0.0,18.175545,Moderado
5.123,77.0,0.0,18.511143,Moderado
4.7229996,80.0,0.0,18.806337,Moderado
4.223,84.0,0.0,19.829433,Moderado
3.723,82.0,0.0,21.611998,Moderado
3.223,78.0,0.0,22.3229,Moderado
2.623,79.0,0.0,21.96295,Moderado
2.323,80.0,0.0,20.519999,Moderado
1.973,80.0,0.0,19.110542,Moderado
1.723,82.0,0.0,18.64369,Moderado
2.1230001,82.0,0.0,19.0392,Moderado
3.173,77.0,0.0,20.870687,Moderado
4.7229996,65.0,0.0,24.144165,Alto
5.573,56.0,0.0,27.51116,Alto
6.4230003,51.0,0.0,28.664682,Alto
6.523,58.0,0.0,29.533169,Alto
7.123,55.0,0.0,29.301876,Alto
7.023,56.0,0.0,28.467329,Alto
6.4729996,61.0,0.0,26.341572,Alto
5.6730003,64.0,0.0,25.929996,Alto
4.873,68.0,0.0,21.24305,Moderado
4.7229996,72.0,0.0,19.06301,Moderado
4.223,69.0,0.0,17.462782,Moderado
4.123,75.0,0.0,17.193533,Moderado
3.923,76.0,0.0,16.09969,Moderado
4.373,77.0,0.0,15.496736,Moderado
4.223,80.0,0.0,15.277749,Moderado
4.7229996,82.0,0.1,16.363178,Moderado
4.9729996,77.0,0.0,17.654688,Moderado
5.273,75.0,0.0,19.734436,Moderado
5.623,71.0,0.0,21.67487,Moderado
5.1730003,68.0,0.1,20.291357,Moderado
4.623,68.0,0.4,18.692286,Moderado
4.9230003,67.0,0.2,17.193533,Moderado
5.023,68.0,0.3,15.1884165,Bajo
5.7229996,68.0,0.3,17.826363,Moderado
7.023,69.0,0.4,22.89611,Moderado
8.073,65.0,0.1,30.684587,Alto
8.723,63.0,0.0,32.949345,Alto
8.823,63.0,0.1,32.26572,Alto
9.223,60.0,0.2,29.30409,Alto
9.273,66.0,0.3,29.853966,Moderado
9.623,69.0,0.2,32.909985,Alto
9.573,71.0,0.1,35.141975,Alto
9.172999,73.0,0.1,33.40249,Alto
8.873,77.0,0.2,29.07989,Moderado
9.523,76.0,0.5,29.257614,Moderado
9.672999,76.0,0.2,29.055367,Moderado
9.223,82.0,0.3,26.476522,Moderado
7.373,70.0,0.3,23.4,Moderado
6.273,70.0,0.0,23.78453,Alto
5.6730003,74.0,0.0,23.0653,Moderado
5.323,72.0,0.0,27.74103,Alto
4.623,75.0,0.0,25.20257,Alto
4.623,74.0,0.0,25.210283,Alto
4.523,71.0,0.0,26.64,Alto
4.323,69.0,0.0,27.038372,Alto
4.123,70.0,0.0,25.570139,Alto
3.573,77.0,0.0,19.959719,Moderado
4.273,75.0,0.0,19.652176,Moderado
5.4230003,71.0,0.0,20.478907,Moderado
6.573,66.0,0.0,22.505037,Moderado
7.2229996,61.0,0.0,23.828083,Alto
7.373,62.0,0.0,23.377836,Alto
7.9729996,53.0,0.0,23.510508,Alto
7.873,53.0,0.0,22.19773,Alto
7.623,55.0,0.0,18.792551,Moderado
7.023,61.0,0.0,15.990646,Moderado
6.1730003,68.0,0.0,13.608762,Moderado
5.2229996,70.0,0.0,10.44,Moderado
4.573,75.0,0.0,8.913181,Bajo
4.7229996,81.0,0.0,8.669949,Bajo
4.6730003,84.0,0.0,7.7043357,Bajo
4.4729996,85.0,0.0,6.3690495,Bajo
3.923,89.0,0.0,4.3349743,Bajo
3.773,89.0,0.0,3.096837,Bajo
3.473,89.0,0.0,1.484318,Bajo
3.623,89.0,0.0,3.096837,Bajo
3.373,92.0,0.2,3.0547013,Bajo
3.673,93.0,0.6,2.7416782,Bajo
3.423,95.0,0.6,2.9024127,Bajo
3.673,95.0,0.7,1.484318,Bajo
3.773,94.0,0.7,2.1897945,Bajo
4.123,93.0,0.7,2.2768397,Bajo
4.7229996,94.0,0.5,2.9024127,Bajo
5.123,92.0,0.5,1.4399999,Bajo
5.323,91.0,0.7,3.096837,Bajo
5.523,91.0,0.6,4.6938252,Bajo
5.9230003,92.0,0.6,5.771239,Bajo
5.873,92.0,0.8,8.287822,Bajo
5.773,94.0,0.5,8.311245,Bajo
5.623,94.0,0.8,6.489992,Bajo
5.323,95.0,1.3,7.342588,Bajo
5.273,92.0,0.2,7.2,Bajo
4.6730003,91.0,0.0,9.746631,Bajo
4.1730003,89.0,0.0,13.363711,Moderado
3.723,89.0,0.0,13.339445,Moderado
3.223,91.0,0.0,11.966953,Bajo
2.873,90.0,0.0,11.620809,Bajo
2.523,91.0,0.0,12.979984,Bajo
2.873,93.0,0.0,16.62249,Moderado
3.023,92.0,0.0,15.827721,Moderado
3.273,93.0,0.0,16.62249,Moderado
3.723,93.0,0.0,16.862455,Moderado
4.273,91.0,0.0,18.161278,Moderado
4.523,88.0,0.0,19.70815,Moderado
4.6730003,88.0,0.0,17.373497,Moderado
5.073,83.0,0.0,19.443333,Moderado
5.9729996,77.0,0.0,19.813087,Moderado
6.7229996,68.0,0.0,20.907913,Moderado
7.1730003,63.0,0.0,21.599998,Moderado
7.4729996,59.0,0.0,21.602999,Alto
7.7229996,54.0,0.0,23.42491,Alto
7.573,58.0,0.0,23.157824,Alto
6.9729996,63.0,0.0,20.431387,Moderado
6.123,68.0,0.0,17.58481,Moderado
5.273,74.0,0.0,15.990646,Moderado
4.9729996,76.0,0.0,17.595861,Moderado
5.023,81.0,0.0,17.873556,Moderado
5.123,81.0,0.0,18.374111,Moderado
5.123,81.0,0.0,18.581022,Moderado
5.323,79.0,0.0,20.87379,Moderado
5.373,77.0,0.0,23.507753,Moderado
5.273,76.0,0.0,23.686249,Moderado
5.123,73.0,0.0,23.18579,Moderado
5.4230003,73.0,0.0,23.4,Moderado
5.373,74.0,0.2,24.162947,Moderado
5.323,76.0,0.3,24.57511,Moderado
5.523,75.0,0.0,23.469128,Moderado
5.523,75.0,0.0,22.90743,Moderado
5.273,79.0,0.0,17.287498,Moderado
5.873,78.0,0.0,18.043148,Moderado
6.573,76.0,0.0,18.514643,Moderado
7.273,75.0,0.0,20.188908,Moderado
7.873,72.0,0.0,20.696085,Moderado
8.173,71.0,0.0,17.418196,Moderado
8.123,70.0,0.0,17.462782,Moderado
7.6730003,73.0,0.0,15.716793,Moderado
7.323,77.0,0.0,13.202726,Moderado
7.073,77.0,0.0,12.979984,Moderado
6.4230003,77.0,0.0,15.077082,Moderado
5.773,80.0,0.0,14.186923,Moderado
6.023,82.0,0.0,13.276144,Moderado
6.273,81.0,0.0,16.199999,Moderado
6.573,79.0,0.0,18.218275,Moderado
6.823,76.0,0.0,21.817902,Moderado
7.073,72.0,0.0,23.185787,Moderado
7.2229996,69.0,0.0,23.000591,Moderado
6.9230003,69.0,0.2,21.38897,Moderado
6.823,68.0,0.1,20.633371,Moderado
6.823,68.0,0.1,20.371038,Moderado
6.623,70.0,0.0,21.129883,Moderado
6.323,76.0,0.1,21.599998,Moderado
5.9729996,80.0,0.1,19.272614,Moderado
5.9729996,81.0,0.0,21.924562,Moderado
5.6730003,79.0,0.1,23.587555,Moderado
5.873,73.0,0.0,24.014996,Moderado
5.773,61.0,0.0,27.059933,Alto
6.023,55.0,0.0,27.908709,Alto
6.273,54.0,0.0,30.619051,Alto
7.2229996,53.0,0.0,30.248568,Alto
6.873,54.0,0.0,28.802248,Alto
6.373,58.0,0.0,23.770906,Alto
5.4230003,63.0,0.0,20.163212,Moderado
4.623,67.0,0.0,17.81909,Moderado
4.123,69.0,0.0,17.227419,Moderado
3.473,72.0,0.0,16.862455,Moderado
3.023,75.0,0.0,16.78156,Moderado
2.773,77.0,0.0,16.595179,Moderado
2.423,80.0,0.0,16.434305,Moderado
2.273,81.0,0.0,15.646544,Moderado
1.973,84.0,0.0,12.904882,Moderado
1.073,90.0,0.0,7.729527,Bajo
0.673,94.0,0.0,4.510787,Bajo
0.573,94.0,0.0,2.4149535,Bajo
0.823,93.0,0.0,1.609969,Bajo
0.122999996,96.0,0.0,4.072935,Bajo
-0.07699999,96.0,0.0,2.9024127,Bajo
-0.02700001,97.0,0.4,3.319036,Bajo
0.473,97.0,0.6,3.8939953,Bajo
0.673,98.0,0.7,4.73506,Bajo
0.773,96.0,0.8,7.24486,Bajo
0.723,97.0,1.0,9.726664,Bajo
0.923,96.0,0.9,11.457958,Bajo
0.823,98.0,0.7,11.019764,Bajo
0.823,98.0,0.7,10.587918,Bajo
0.873,98.0,0.5,11.592894,Bajo
0.973,96.0,0.4,11.753876,Bajo
1.173,95.0,0.2,11.988594,Bajo
1.523,93.0,0.1,12.229406,Bajo
1.623,93.0,0.2,13.237038,Bajo
1.623,93.0,0.4,12.738099,Bajo
1.773,94.0,0.6,12.819235,Bajo
1.973,93.0,0.5,13.479583,Bajo
2.073,92.0,0.5,14.168641,Bajo
2.273,92.0,0.6,13.708391,Bajo
2.473,91.0,0.6,12.43434,Bajo
2.423,91.0,0.5,11.090103,Bajo
2.623,90.0,0.4,10.182337,Bajo
2.723,89.0,0.3,9.726665,Bajo
2.873,87.0,0.2,9.72,Bajo
3.023,84.0,0.1,9.72,Bajo
2.873,82.0,0.0,9.422101,Bajo
3.173,80.0,0.0,9.885262,Bajo
4.073,77.0,0.0,10.8955765,Bajo
5.123,70.0,0.0,14.417988,Moderado
5.6730003,65.0,0.0,17.313717,Moderado
6.023,62.0,0.0,18.03237,Moderado
5.4729996,60.0,0.0,19.8,Moderado
4.6730003,58.0,0.0,18.751125,Moderado
3.773,57.0,0.0,16.93531,Moderado
2.373,61.0,0.0,12.496719,Moderado
0.973,67.0,0.0,7.7879906,Bajo
0.373,69.0,0.0,6.1305785,Bajo
-0.17699999,72.0,0.0,1.835647,Bajo
-0.17699999,69.0,0.0,2.2768397,Bajo
-0.92700005,76.0,0.0,3.0547013,Bajo
-1.727,85.0,0.0,4.198285,Bajo
-2.327,89.0,0.0,4.1046314,Bajo
-2.627,88.0,0.0,5.1165614,Bajo
-2.727,82.0,0.0,5.95906,Bajo
-2.877,83.0,0.0,6.6185193,Bajo
-2.877,83.0,0.0,7.0911775,Bajo
-2.627,80.0,0.0,7.754637,Bajo
-2.277,78.0,0.0,9.360001,Bajo
-2.077,82.0,0.0,10.703569,Bajo
-1.727,83.0,0.0,11.27553,Bajo
-1.127,87.0,0.0,12.181625,Bajo
0.723,78.0,0.0,13.779114,Moderado
2.573,71.0,0.0,15.978484,Moderado
3.873,68.0,0.0,20.12461,Moderado
4.373,67.0,0.0,20.808498,Moderado
4.7229996,66.0,0.0,22.415602,Moderado
4.273,73.0,0.1,22.476227,Moderado
3.723,79.0,0.1,19.513195,Moderado
3.823,79.0,0.0,18.11841,Moderado
3.973,80.0,0.0,18.11841,Moderado
4.223,80.0,0.0,19.346441,Moderado
4.623,79.0,0.0,21.129883,Moderado
5.073,78.0,0.0,24.993437,Moderado
5.4230003,81.0,0.0,29.257614,Alto
5.273,81.0,0.2,32.335934,Moderado
4.273,74.0,0.0,34.561874,Alto
3.123,72.0,0.0,34.627434,Alto
2.673,72.0,0.0,32.736256,Alto
2.023,63.0,0.0,31.170673,Alto
1.473,64.0,0.0,30.574575,Alto
1.023,65.0,0.0,27.820337,Alto
0.873,64.0,0.0,26.987997,Alto
0.723,66.0,0.0,24.933735,Alto
0.473,73.0,0.0,20.275383,Moderado
0.723,77.0,0.0,22.805367,Moderado
1.573,79.0,0.0,28.410364,Alto
2.223,76.0,0.1,33.449017,Alto
2.673,76.0,0.1,34.17157,Alto
3.173,76.0,0.2,36.152676,Alto
3.373,76.0,0.2,37.169018,Alto
3.723,76.0,0.1,35.68542,Alto
4.123,74.0,0.0,28.981676,Alto
3.823,68.0,0.0,27.887802,Alto
3.323,71.0,0.0,26.121714,Alto
3.073,69.0,0.0,25.006397,Alto
2.873,71.0,0.0,28.227306,Alto
2.973,71.0,0.0,31.1686,Alto
3.173,71.0,0.0,28.766228,Alto
3.473,76.0,0.0,25.6233,Alto
3.673,82.0,0.0,23.444265,Moderado
4.123,82.0,0.0,24.216522,Moderado
5.2229996,83.0,0.0,25.40743,Moderado
5.873,80.0,0.0,27.153164,Alto
5.9230003,77.0,0.0,28.442278,Alto
5.623,77.0,0.0,27.381308,Alto
5.273,73.0,0.0,27.551172,Alto
5.1730003,74.0,0.0,27.698952,Alto
5.373,75.0,0.0,23.584808,Moderado
5.373,81.0,0.2,22.963936,Moderado
5.9729996,79.0,0.2,23.491207,Moderado
6.323,80.0,0.2,27.416782,Moderado
6.9230003,80.0,0.2,27.504095,Moderado
7.073,81.0,0.2,26.00486,Moderado
7.873,78.0,0.1,31.311722,Alto
8.823,78.0,0.0,34.245445,Alto
8.873,81.0,0.1,30.244286,Alto
8.623,83.0,0.0,27.908709,Alto
8.422999,83.0,0.0,27.804028,Alto
8.373,84.0,0.0,26.220753,Alto
7.9729996,84.0,0.0,22.553936,Moderado
7.823,86.0,0.1,21.758419,Moderado
7.573,87.0,0.2,21.746502,Moderado
7.323,88.0,0.7,19.353138,Bajo
7.1730003,91.0,0.6,15.716793,Bajo
7.323,91.0,0.1,16.42247,Moderado
8.023,85.0,0.0,20.991426,Moderado
7.823,84.0,0.0,22.101183,Moderado
7.873,83.0,0.0,21.03152,Moderado
8.023,82.0,0.0,22.461807,Moderado
8.073,81.0,0.0,22.81957,Moderado
8.073,81.0,0.0,22.782625,Moderado
7.623,79.0,0.0,21.188072,Moderado
8.023,80.0,0.0,22.380884,Moderado
9.172999,77.0,0.0,22.963936,Moderado
10.422999,74.0,0.0,26.220753,Alto
11.123,71.0,0.0,28.623962,Alto
11.523,68.0,0.0,27.51116,Alto
11.623,64.0,0.0,30.0767,Alto
10.922999,68.0,0.0,28.467329,Alto
10.523,71.0,0.0,27.959742,Alto
9.323,73.0,0.1,27.820337,Alto
8.422999,79.0,0.1,25.153671,Alto
8.023,82.0,0.0,22.963936,Moderado
7.623,81.0,0.0,21.626984,Moderado
7.323,83.0,0.0,20.570463,Moderado
7.073,84.0,0.0,18.359999,Moderado
6.6730003,86.0,0.0,15.84,Moderado
6.2229996,88.0,0.0,13.324863,Moderado
6.123,89.0,0.0,12.6462,Bajo
5.7229996,89.0,0.0,12.324414,Bajo
5.9729996,87.0,0.0,13.493999,Moderado
6.023,85.0,0.0,15.158522,Moderado
6.073,82.0,0.0,14.830076,Moderado
5.623,83.0,0.0,17.771753,Moderado
5.2229996,81.0,0.0,16.23596,Moderado
5.073,79.0,0.0,14.205182,Moderado
4.9230003,78.0,0.0,13.708391,Moderado
6.073,72.0,0.0,14.84318,Moderado
7.573,69.0,0.0,17.935081,Moderado
8.523,62.0,0.0,19.245697,Moderado
8.823,61.0,0.0,20.192118,Moderado
8.273,73.0,0.0,19.721298,Moderado
8.373,76.0,0.1,16.434305,Moderado
8.473,78.0,0.0,18.11841,Moderado
7.9230003,81.0,0.0,16.645864,Moderado
7.323,85.0,0.0,15.175612,Moderado
6.9729996,86.0,0.0,14.372974,Moderado
6.523,86.0,0.0,14.512064,Moderado
6.4729996,86.0,0.0,12.879752,Moderado
6.4230003,86.0,0.0,12.768586,Moderado
6.373,86.0,0.0,14.05845,Moderado
6.523,85.0,0.0,14.799459,Moderado
7.023,81.0,0.0,15.580141,Moderado
6.9230003,80.0,0.0,11.246759,Bajo
7.273,76.0,0.0,10.144082,Bajo
6.4729996,77.0,0.0,7.072878,Bajo
6.373,77.0,0.0,6.12,Bajo
6.323,78.0,0.4,7.2359104,Bajo
6.773,78.0,0.7,10.08,Bajo
7.4230003,73.0,0.4,9.028754,Bajo
8.523,63.0,0.1,14.917212,Moderado
9.172999,66.0,0.3,17.76081,Moderado
10.172999,66.0,0.1,20.288164,Moderado
10.723,76.0,0.8,25.233404,Moderado
11.523,79.0,0.4,28.165257,Moderado
11.723,74.0,0.3,32.90014,Alto
11.223,72.0,0.1,29.869154,Alto
10.523,68.0,0.0,28.943642,Alto
9.373,64.0,0.0,26.282465,Alto
8.173,61.0,0.0,22.366402,Alto
7.323,63.0,0.0,17.373497,Moderado
7.023,66.0,0.0,17.518356,Moderado
6.9729996,70.0,0.0,14.494192,Moderado
6.7229996,73.0,0.0,13.493999,Moderado
6.623,78.0,0.2,15.379206,Bajo
6.523,72.0,0.1,14.8257065,Moderado
5.9729996,77.0,0.0,13.570615,Moderado
5.073,84.0,0.0,13.797913,Moderado
4.773,90.0,0.0,13.32,Bajo
5.2229996,89.0,0.0,18.214718,Moderado
5.073,80.0,0.0,22.668568,Moderado
4.9729996,76.0,0.0,23.377836,Moderado
5.123,74.0,0.0,25.099514,Alto
5.2229996,72.0,0.0,23.313995,Moderado
5.373,72.0,0.0,24.569832,Alto
6.273,69.0,0.0,26.168804,Alto
7.023,64.0,0.0,31.682047,Alto
7.4230003,62.0,0.0,32.85678,Alto
7.7229996,60.0,0.0,31.06239,Alto
7.823,59.0,0.0,30.293522,Alto
7.4230003,59.0,0.0,29.522196,Alto
6.9729996,62.0,0.0,26.302181,Alto
6.523,66.0,0.0,22.148045,Moderado
6.323,70.0,0.0,20.523157,Moderado
6.323,71.0,0.0,22.206486,Moderado
5.823,72.0,0.0,21.746502,Moderado
5.873,74.0,0.0,21.749481,Moderado
6.1730003,73.0,0.0,22.380884,Moderado
6.323,73.0,0.0,22.881958,Moderado
6.273,74.0,0.0,22.73707,Moderado
6.323,75.0,0.1,23.03156,Moderado
6.2229996,77.0,0.1,22.26477,Moderado
6.1730003,76.0,0.0,21.868332,Moderado
6.073,78.0,0.0,21.068459,Moderado
6.023,80.0,0.0,19.386593,Moderado
6.123,80.0,0.0,19.523155,Moderado
6.373,78.0,0.0,19.855558,Moderado
6.523,80.0,0.0,18.709612,Moderado
7.2229996,77.0,0.0,19.826164,Moderado
8.223,74.0,0.0,19.513195,Moderado
8.922999,72.0,0.0,19.576189,Moderado
9.373,71.0,0.0,19.826164,Moderado
10.073,70.0,0.0,19.813087,Moderado
10.573,67.0,0.0,23.132626,Alto
10.373,69.0,0.0,20.61766,Moderado
10.123,71.0,0.0,19.008547,Moderado
9.273,75.0,0.0,15.941944,Moderado
8.422999,81.0,0.0,12.7279215,Moderado
7.823,84.0,0.0,11.183201,Bajo
6.623,88.0,0.0,10.383987,Bajo
6.323,87.0,0.0,10.086427,Bajo
5.823,87.0,0.0,11.090103,Bajo
5.623,85.0,0.0,12.88981,Moderado
5.523,83.0,0.0,13.281023,Moderado
5.323,80.0,0.0,13.281023,Moderado
4.9729996,82.0,0.0,11.435313,Bajo
4.623,83.0,0.0,10.805998,Bajo
4.523,83.0,0.0,9.693296,Bajo
4.073,85.0,0.0,7.289445,Bajo
3.223,88.0,0.0,5.3517847,Bajo
2.723,89.0,0.0,4.452954,Bajo
2.973,87.0,0.0,2.4149535,Bajo
3.023,85.0,0.0,2.9024127,Bajo
3.973,82.0,0.0,2.9024127,Bajo
6.6730003,75.0,0.0,3.396233,Bajo
8.723,63.0,0.0,8.557102,Moderado
9.523,58.0,0.0,12.429127,Moderado
9.123,63.0,0.0,10.594036,Moderado
8.723,66.0,0.1,10.24578,Moderado
7.823,73.0,0.4,9.339208,Bajo
7.123,76.0,0.3,6.9527545,Bajo
6.523,80.0,0.2,9.0,Bajo
6.123,80.0,0.1,11.609651,Moderado
5.9230003,79.0,0.0,17.373497,Moderado
6.1730003,81.0,0.0,25.509243,Moderado
4.9729996,71.0,0.0,30.676142,Alto
4.073,75.0,0.0,28.19285,Alto
3.723,77.0,0.0,23.893261,Moderado
3.473,78.0,0.0,23.084955,Moderado
3.323,78.0,0.0,23.828083,Moderado
2.923,79.0,0.0,19.813087,Moderado
2.523,80.0,0.0,16.563911,Moderado
1.973,82.0,0.0,14.154915,Moderado
1.373,86.0,0.0,13.979871,Moderado
0.923,87.0,0.0,14.05845,Moderado
0.673,91.0,0.0,14.05845,Moderado
0.773,90.0,0.0,13.556282,Bajo
2.223,83.0,0.0,14.205182,Moderado
3.923,74.0,0.0,15.629972,Moderado
5.123,69.0,0.0,17.414476,Moderado
5.823,64.0,0.0,18.391735,Moderado
6.023,60.0,0.0,18.416384,Moderado
5.7229996,59.0,0.0,16.65754,Moderado
5.023,63.0,0.0,14.081478,Moderado
3.473,71.0,0.0,10.105681,Moderado
2.473,77.0,0.0,8.473393,Bajo
1.523,82.0,0.0,6.439876,Bajo
0.373,88.0,0.0,5.1919937,Bajo
-0.127,91.0,0.0,4.8433046,Bajo
-0.477,91.0,0.0,4.3349743,Bajo
-0.727,91.0,0.0,3.6,Bajo
-0.92700005,92.0,0.0,3.5455887,Bajo
-1.077,92.0,0.0,2.6208394,Bajo
-1.677,94.0,0.0,2.2768397,Bajo
-2.077,94.0,0.0,2.4149535,Bajo
-2.577,94.0,0.0,2.1897945,Bajo
-2.827,92.0,0.0,2.3051248,Bajo
-2.927,91.0,0.0,2.7416782,Bajo
-3.377,93.0,0.0,4.802999,Bajo
-3.577,99.0,0.0,5.4833565,Bajo
-3.477,99.0,0.0,5.1919937,Bajo
-1.577,94.0,0.0,5.3999996,Bajo
0.973,87.0,0.0,7.4128532,Bajo
2.223,88.0,0.0,11.090103,Bajo
2.923,90.0,0.0,11.966953,Bajo
3.623,88.0,0.0,11.159999,Bajo
4.9230003,90.0,0.0,13.53236,Moderado
5.573,90.0,0.0,14.529915,Moderado
5.773,91.0,0.3,13.237038,Bajo
5.823,92.0,0.1,10.296251,Bajo
5.823,93.0,0.2,9.504272,Bajo
5.9230003,92.0,0.2,9.793059,Bajo
5.6730003,95.0,0.5,7.42159,Bajo
5.523,96.0,0.7,5.0528407,Bajo
5.2229996,97.0,0.3,3.4152596,Bajo
5.123,97.0,0.1,1.0182338,Bajo
4.823,96.0,0.0,5.3999996,Bajo
4.7229996,93.0,0.0,7.172949,Bajo
5.073,93.0,0.0,11.367109,Bajo
5.573,92.0,0.0,16.327497,Moderado
6.373,84.0,0.0,21.67487,Moderado
6.073,84.0,0.0,20.380579,Moderado
5.823,85.0,0.0,19.242327,Moderado
5.273,87.0,0.0,12.413477,Bajo
5.123,87.0,0.0,10.144082,Bajo
5.823,84.0,0.0,10.30883,Bajo
6.6730003,82.0,0.0,9.220499,Bajo
7.573,80.0,0.0,7.9036193,Bajo
8.123,77.0,0.0,7.127636,Bajo
8.672999,77.0,0.0,8.0899935,Bajo
8.573,78.0,0.0,5.8048253,Bajo
8.123,80.0,0.1,5.1919937,Bajo
7.7229996,81.0,0.6,9.346143,Bajo
7.323,84.0,0.8,12.7279215,Bajo
7.623,85.0,0.6,14.869351,Bajo
7.623,86.0,1.1,14.332341,Bajo
7.573,87.0,0.2,12.074766,Bajo
7.4230003,86.0,0.0,7.072878,Bajo
6.9230003,85.0,0.0,7.42159,Bajo
7.373,84.0,0.3,16.418526,Bajo
7.573,85.0,0.0,22.963936,Moderado
6.1730003,68.0,0.0,26.200977,Alto
4.7229996,72.0,0.0,19.8,Moderado
4.573,75.0,0.0,21.24,Moderado
4.4230003,76.0,0.0,20.172853,Moderado
4.273,78.0,0.0,21.611998,Moderado
3.973,77.0,0.0,21.24,Moderado
3.773,83.0,0.0,15.4800005,Moderado
3.423,78.0,0.0,16.563911,Moderado
3.823,72.0,0.0,17.414476,Moderado
4.323,68.0,0.0,18.59845,Moderado
4.823,57.0,0.0,19.930477,Moderado
5.023,54.0,0.0,19.592731,Moderado
4.823,56.0,0.0,21.915693,Alto
4.323,59.0,0.0,20.478907,Moderado
3.523,63.0,0.0,17.731598,Moderado
2.323,72.0,0.0,13.75558,Moderado
1.273,80.0,0.0,11.27553,Bajo
0.623,86.0,0.0,10.495713,Bajo
0.122999996,87.0,0.0,9.693296,Bajo
0.023000002,87.0,0.0,8.089993,Bajo
-0.277,89.0,0.0,5.4833565,Bajo
-0.32700002,88.0,0.0,5.00128,Bajo
-0.427,89.0,0.0,4.072935,Bajo
-0.627,91.0,0.0,4.1046314,Bajo
-1.527,92.0,0.0,4.3349743,Bajo
-1.577,91.0,0.0,3.563818,Bajo
-1.177,89.0,0.0,1.9386592,Bajo
-1.077,89.0,0.0,3.5455887,Bajo
-1.227,91.0,0.0,3.6,Bajo
-1.377,93.0,0.0,3.8773184,Bajo
-1.477,97.0,0.0,5.00128,Bajo
-1.477,96.0,0.0,5.1919937,Bajo
-0.577,92.0,0.0,5.1919937,Bajo
0.723,84.0,0.0,7.289445,Bajo
1.523,83.0,0.0,8.587338,Bajo
2.073,85.0,0.0,8.0899935,Bajo
2.873,87.0,0.1,9.220499,Bajo
3.123,92.0,0.5,7.7879906,Bajo
3.173,95.0,1.3,4.0249224,Bajo
2.723,98.0,0.4,3.8939953,Bajo
2.473,98.0,0.1,3.8939953,Bajo
2.523,97.0,0.0,5.4119864,Bajo
2.023,97.0,0.0,6.130579,Bajo
1.523,97.0,0.0,7.2,Bajo
1.423,97.0,0.0,7.928178,Bajo
1.523,96.0,0.0,7.5685663,Bajo
1.873,95.0,0.0,8.350138,Bajo
2.373,93.0,0.0,9.028754,Bajo
1.773,95.0,0.0,7.2,Bajo
1.123,97.0,0.0,7.5599995,Bajo
1.073,96.0,0.0,6.849467,Bajo
0.623,98.0,0.0,4.3349743,Bajo
0.323,99.0,0.0,4.0249224,Bajo
0.223,100.0,0.0,4.379589,Bajo
0.023000002,100.0,0.0,3.319036,Bajo
-0.92700005,100.0,0.0,3.319036,Bajo
0.122999996,100.0,0.0,3.7585104,Bajo
1.273,100.0,0.0,3.6179552,Bajo
2.373,98.0,0.0,4.0249224,Bajo
3.723,94.0,0.0,5.6233797,Bajo
4.223,91.0,0.5,7.4128532,Bajo
4.373,91.0,0.0,7.5685663,Bajo
4.1730003,92.0,0.2,8.557102,Bajo
4.123,94.0,0.3,9.449572,Bajo
4.373,95.0,0.2,9.227524,Bajo
4.573,95.0,0.2,8.225035,Bajo
4.373,96.0,0.9,9.085988,Bajo
4.4230003,96.0,0.3,13.202726,Bajo
4.4729996,97.0,0.0,10.948973,Bajo
4.4230003,97.0,0.0,10.464797,Bajo
4.4729996,97.0,0.0,9.983106,Bajo
4.523,97.0,0.0,11.384198,Bajo
4.9230003,97.0,0.0,13.202726,Bajo
5.123,98.0,0.8,12.641076,Bajo
5.373,98.0,0.6,10.829958,Bajo
5.623,98.0,0.3,5.991594,Bajo
5.4230003,99.0,0.0,4.5820518,Bajo
5.123,99.0,0.0,3.319036,Bajo
5.523,100.0,0.0,5.8048253,Bajo
5.573,100.0,0.0,6.763786,Bajo
6.1730003,100.0,0.0,4.8433046,Bajo
7.2229996,97.0,0.0,5.0911684,Bajo
8.623,93.0,0.0,1.609969,Bajo
11.073,84.0,0.0,11.440979,Bajo
11.873,70.0,0.0,28.03612,Alto
10.523,77.0,0.0,24.442911,Moderado
8.523,76.0,0.0,22.253124,Moderado
6.2229996,79.0,0.0,19.559633,Moderado
4.573,80.0,0.0,16.199999,Moderado
3.823,79.0,0.0,15.124284,Moderado
3.973,83.0,0.0,12.979984,Moderado
4.1730003,82.0,0.0,9.422101,Bajo
3.873,85.0,0.0,6.439876,Bajo
3.273,88.0,0.0,6.151683,Bajo
2.973,88.0,0.0,5.8048253,Bajo
3.023,89.0,0.0,1.8,Bajo
3.273,92.0,0.0,0.35999998,Bajo
3.123,94.0,0.3,6.28713,Bajo
3.373,96.0,0.1,10.086427,Bajo
3.273,94.0,0.1,6.9899354,Bajo
3.123,96.0,0.4,2.2768397,Bajo
3.073,94.0,1.6,5.154415,Bajo
1.923,96.0,0.9,4.73506,Bajo
1.473,95.0,0.0,7.628263,Bajo
2.023,93.0,0.0,10.028439,Bajo
3.123,89.0,0.0,14.512064,Moderado
4.273,84.0,0.0,14.799459,Moderado
4.873,83.0,0.0,9.693296,Bajo
5.1730003,81.0,0.0,9.885262,Bajo
5.123,81.0,0.1,9.028754,Bajo
4.573,84.0,0.2,6.2145634,Bajo
3.973,88.0,0.0,5.495161,Bajo
3.773,89.0,0.0,7.42159,Bajo
3.723,90.0,0.1,6.763786,Bajo
3.373,95.0,0.3,5.2416787,Bajo
2.323,97.0,0.0,4.2136917,Bajo
1.323,98.0,0.0,4.1046314,Bajo
1.173,97.0,0.0,3.319036,Bajo
2.1230001,93.0,0.8,2.9024127,Bajo
2.823,90.0,0.7,3.0758414,Bajo
1.923,92.0,0.0,7.10031,Bajo
2.523,90.0,0.0,12.738099,Bajo
3.423,83.0,0.0,17.581125,Moderado
3.673,75.0,0.0,22.159746,Moderado
3.523,75.0,0.0,26.282465,Alto
3.223,77.0,0.0,27.288855,Alto
2.773,80.0,0.0,16.1198,Moderado
2.473,82.0,0.0,14.480773,Moderado
3.073,81.0,0.0,14.799459,Moderado
4.1730003,76.0,0.0,20.523157,Moderado
4.823,70.0,0.0,23.4,Moderado
5.123,66.0,0.0,27.288855,Alto
4.4729996,66.0,0.0,30.684587,Alto
4.123,66.0,0.0,28.660158,Alto
3.673,68.0,0.0,22.771244,Moderado
3.073,73.0,0.0,15.042659,Moderado
2.873,72.0,0.0,17.643673,Moderado
3.473,74.0,0.5,24.975283,Moderado
4.323,75.0,0.4,29.337238,Moderado
4.273,80.0,0.1,30.344818,Alto
4.023,82.0,0.0,26.220753,Alto
3.673,85.0,0.0,24.184391,Moderado
3.623,85.0,0.0,20.466246,Moderado
3.723,84.0,0.0,22.26768,Moderado
3.173,86.0,0.0,17.339897,Moderado
3.023,87.0,0.1,15.986593,Moderado
2.873,88.0,0.0,14.689588,Moderado
2.823,88.0,0.0,15.496736,Moderado
2.823,86.0,0.0,16.263872,Moderado
2.623,84.0,0.0,15.484185,Moderado
3.073,87.0,0.0,15.349684,Moderado
3.573,83.0,0.0,19.376562,Moderado
4.023,81.0,0.0,19.969458,Moderado
4.4729996,76.0,0.0,24.826954,Alto
4.7229996,74.0,0.0,26.242987,Alto
4.9230003,71.0,0.0,27.698954,Alto
4.523,71.0,0.0,29.157776,Alto
4.4230003,69.0,0.0,27.210379,Alto
3.923,68.0,0.0,24.826952,Alto
3.123,73.0,0.0,21.175835,Moderado
2.523,77.0,0.0,18.899143,Moderado
2.073,81.0,0.0,17.782688,Moderado
2.1230001,83.0,0.0,16.904673,Moderado
1.973,84.0,0.0,17.782688,Moderado
1.773,85.0,0.0,16.965895,Moderado
1.573,86.0,0.0,16.516901,Moderado
1.323,86.0,0.0,16.965895,Moderado
1.223,86.0,0.0,18.161278,Moderado
0.923,86.0,0.0,18.709612,Moderado
0.823,83.0,0.0,20.06334,Moderado
0.723,82.0,0.0,20.364674,Moderado
0.573,82.0,0.0,20.991426,Moderado
0.523,82.0,0.0,20.907913,Moderado
0.373,82.0,0.0,20.211363,Moderado
0.273,86.0,0.0,19.06301,Moderado
0.223,87.0,0.0,18.692286,Moderado
1.073,85.0,0.0,19.137648,Moderado
2.223,79.0,0.0,20.60823,Moderado
3.223,76.0,0.0,21.461555,Moderado
3.973,73.0,0.0,22.73707,Moderado
4.4230003,70.0,0.0,22.61419,Moderado
4.273,76.0,0.0,22.461807,Moderado
4.123,79.0,0.0,22.59699,Moderado
3.773,85.0,0.0,21.746502,Moderado
3.523,90.0,0.0,19.966211,Moderado
3.623,93.0,0.0,20.140705,Moderado
3.723,91.0,0.0,17.782688,Moderado
3.723,90.0,0.0,18.057508,Moderado
3.773,88.0,0.0,15.941944,Moderado
3.723,87.0,0.0,13.584932,Moderado
3.373,90.0,0.0,12.475961,Bajo
3.173,90.0,0.0,11.246759,Bajo
2.1729999,90.0,0.0,6.6087217,Bajo
1.923,88.0,0.0,5.815978,Bajo
1.673,86.0,0.0,3.096837,Bajo
0.773,91.0,0.0,5.0911684,Bajo
0.373,91.0,0.0,5.8048253,Bajo
0.373,85.0,0.0,6.4799995,Bajo
-0.477,87.0,0.0,7.2805495,Bajo
-0.32700002,92.0,0.0,6.379216,Bajo
0.17300001,94.0,0.0,4.829907,Bajo
0.923,95.0,0.2,5.154415,Bajo
1.573,94.0,0.2,6.0347,Bajo
2.573,90.0,0.0,7.072878,Bajo
3.123,91.0,0.0,8.557102,Bajo
3.473,88.0,0.0,8.089993,Bajo
3.373,89.0,0.0,6.151683,Bajo
2.623,93.0,0.0,5.3517847,Bajo
1.823,95.0,0.0,5.1919937,Bajo
1.423,96.0,0.0,3.6,Bajo
1.173,97.0,0.0,5.904439,Bajo
1.123,97.0,0.0,5.3517847,Bajo
1.123,98.0,0.0,3.319036,Bajo
0.873,99.0,0.0,2.7416782,Bajo
0.623,100.0,0.1,2.9024127,Bajo
0.523,100.0,0.0,3.319036,Bajo
0.17300001,99.0,0.0,4.73506,Bajo
-0.02700001,100.0,0.0,5.771239,Bajo
-0.17699999,97.0,0.0,7.5685663,Bajo
0.523,91.0,0.0,9.72,Bajo
0.773,87.0,0.0,12.599999,Bajo
0.523,85.0,0.0,11.525623,Bajo
0.023000002,86.0,0.0,7.2805495,Bajo
-0.17699999,87.0,0.0,7.6367526,Bajo
0.423,85.0,0.0,7.342588,Bajo
1.723,82.0,0.0,9.793058,Bajo
2.823,80.0,0.0,10.594036,Bajo
3.773,80.0,0.0,12.245294,Moderado
4.223,72.0,0.0,15.188415,Moderado
3.973,73.0,0.0,12.7279215,Moderado
3.023,79.0,0.0,9.114471,Bajo
1.873,84.0,0.0,8.287822,Bajo
1.273,86.0,0.0,7.42159,Bajo
0.873,87.0,0.0,7.072878,Bajo
0.17300001,90.0,0.0,7.2359104,Bajo
0.122999996,89.0,0.0,9.007196,Bajo
0.122999996,88.0,0.0,9.726665,Bajo
0.023000002,87.0,0.0,10.799999,Bajo
-0.127,86.0,0.0,10.805999,Bajo
-0.32700002,86.0,0.0,9.72,Bajo
-1.777,92.0,0.0,6.162207,Bajo
-2.227,93.0,0.0,5.506941,Bajo
-2.627,93.0,0.0,4.452954,Bajo
-2.877,93.0,0.0,4.1046314,Bajo
-3.077,94.0,0.0,2.9024127,Bajo
-2.927,94.0,0.0,2.52,Bajo
-3.177,99.0,0.0,4.0249224,Bajo
-3.377,100.0,0.0,3.7585104,Bajo
-2.527,100.0,0.0,2.7416782,Bajo
-1.077,95.0,0.0,0.71999997,Bajo
0.573,88.0,0.0,2.1897945,Bajo
1.873,85.0,0.0,2.1897945,Bajo
3.523,76.0,0.0,3.8939953,Bajo
3.773,75.0,0.0,1.2979984,Bajo
2.473,80.0,0.0,4.68,Bajo
1.023,85.0,0.0,5.0528407,Bajo
0.023000002,87.0,0.0,5.506941,Bajo
-0.677,87.0,0.0,5.3517847,Bajo
-2.027,92.0,0.0,5.904439,Bajo
-2.677,93.0,0.0,6.9153743,Bajo
-2.877,93.0,0.0,7.289445,Bajo
-2.777,96.0,0.0,7.729527,Bajo
-2.027,97.0,0.0,8.373386,Bajo
-1.327,96.0,0.0,9.028754,Bajo
-0.07699999,94.0,0.0,8.654986,Bajo
0.573,92.0,0.0,10.239453,Bajo
1.073,92.0,0.0,11.525623,Bajo
1.173,92.0,0.0,12.964998,Bajo
1.623,92.0,0.0,14.512064,Moderado
2.1729999,91.0,0.0,15.484185,Moderado
2.523,92.0,0.0,13.276144,Bajo
3.473,91.0,0.0,13.708391,Moderado
4.623,90.0,0.0,15.9134655,Moderado
5.773,87.0,0.0,19.107151,Moderado
6.4729996,85.0,0.0,19.881649,Moderado
6.773,85.0,0.0,17.49615,Moderado
6.523,88.0,0.1,11.480557,Bajo
5.823,93.0,0.4,6.9153743,Bajo
5.323,96.0,0.9,2.7416782,Bajo
4.523,89.0,1.6,10.823973,Bajo
3.473,90.0,0.9,11.304229,Bajo
2.873,92.0,0.5,11.928989,Bajo
3.173,95.0,0.4,10.538843,Bajo
2.823,93.0,0.6,11.367109,Bajo
2.573,93.0,0.2,10.8955765,Bajo
2.523,93.0,0.1,8.473393,Bajo
2.323,93.0,0.0,5.506941,Bajo
1.673,95.0,0.0,5.634891,Bajo
1.173,96.0,0.0,3.0758414,Bajo
1.173,95.0,0.0,2.1897945,Bajo
1.323,93.0,0.0,2.0991426,Bajo
1.173,94.0,0.0,1.835647,Bajo
1.123,94.0,0.0,0.5091169,Bajo
0.873,94.0,0.0,3.319036,Bajo
0.273,99.0,0.0,8.225035,Bajo
0.573,97.0,0.2,11.620809,Bajo
0.673,94.0,1.0,13.202726,Bajo
0.773,94.0,1.3,13.708391,Bajo
0.723,96.0,1.9,16.29174,Bajo
1.273,96.0,2.4,10.233123,Bajo
2.1230001,97.0,1.1,2.3051248,Bajo
2.323,97.0,0.1,1.2979984,Bajo
2.1230001,95.0,0.0,6.28713,Bajo
1.123,96.0,0.0,6.5693827,Bajo
0.523,97.0,0.0,4.198285,Bajo
0.573,95.0,0.0,5.495161,Bajo
0.273,95.0,0.0,3.8939953,Bajo
0.673,91.0,0.0,7.42159,Bajo
1.273,90.0,0.0,14.529915,Moderado
1.923,82.0,0.0,18.899143,Moderado
1.673,81.0,0.0,18.335276,Moderado
1.523,82.0,0.0,18.668005,Moderado
1.423,86.0,0.0,17.826363,Moderado
1.473,86.0,0.0,17.935081,Moderado
1.473,87.0,0.0,17.208603,Moderado
1.523,87.0,0.0,16.704155,Moderado
1.373,88.0,0.0,14.904173,Moderado
1.073,89.0,0.0,12.819235,Bajo
0.623,90.0,0.0,9.885262,Bajo
0.573,89.0,0.0,8.534353,Bajo
0.673,89.0,0.0,7.5170207,Bajo
1.523,88.0,0.0,8.225035,Bajo
2.223,88.0,0.0,9.983106,Bajo
2.823,87.0,0.0,11.966954,Bajo
3.123,85.0,0.0,12.313893,Bajo
2.973,84.0,0.0,12.074766,Bajo
2.223,85.0,0.0,11.570515,Bajo
1.223,88.0,0.0,11.165805,Bajo
1.073,84.0,0.0,11.212135,Bajo
0.923,83.0,0.0,11.252519,Bajo
0.423,85.0,0.0,11.542478,Bajo
0.073,87.0,0.0,12.24,Bajo
-0.32700002,90.0,0.0,12.964998,Bajo
-0.577,88.0,0.0,14.113653,Moderado
-0.827,87.0,0.0,15.629972,Moderado
-0.877,85.0,0.0,16.75064,Moderado
-1.577,89.0,0.0,15.745627,Moderado
-1.577,89.0,0.0,15.815435,Moderado
-1.577,89.0,0.0,16.071491,Moderado
-1.627,89.0,0.0,16.418526,Moderado
-1.527,88.0,0.0,17.076298,Moderado
-1.227,88.0,0.0,18.0,Moderado
-1.227,90.0,0.0,17.462782,Moderado
-0.677,91.0,0.0,17.377226,Moderado
-0.02700001,90.0,0.0,16.965895,Moderado
0.923,88.0,0.0,19.05281,Moderado
1.673,85.0,0.0,20.275385,Moderado
2.1230001,82.0,0.0,21.288757,Moderado
2.823,79.0,0.0,22.682856,Moderado
2.573,79.0,0.0,24.216522,Moderado
2.1729999,79.0,0.0,23.73271,Moderado
1.673,76.0,0.0,21.915693,Moderado
1.423,74.0,0.0,20.265795,Moderado
1.223,75.0,0.0,20.275383,Moderado
1.373,76.0,0.0,23.084955,Moderado
1.373,78.0,0.0,24.842607,Moderado
1.623,79.0,0.0,27.729347,Alto
1.673,81.0,0.0,30.619051,Alto
1.873,83.0,0.0,30.602118,Alto
2.073,82.0,0.0,30.962095,Alto
2.423,80.0,0.0,34.32105,Alto
2.673,79.0,0.0,34.679794,Alto
2.723,79.0,0.0,35.069984,Alto
2.773,78.0,0.0,34.32105,Alto
2.773,77.0,0.0,32.47192,Alto
2.673,82.0,0.0,30.619051,Alto
3.223,78.0,0.0,35.346058,Alto
3.223,76.0,0.0,33.574707,Alto
3.623,81.0,0.0,34.589985,Alto
4.4230003,78.0,0.0,33.497414,Alto
4.9729996,73.0,0.0,33.21573,Alto
4.9230003,76.0,0.0,36.721764,Alto
4.9729996,72.0,0.0,36.028786,Alto
4.6730003,78.0,0.0,33.497414,Alto
4.373,80.0,0.0,31.68818,Alto
4.273,80.0,0.0,27.36947,Alto
4.223,85.0,0.0,26.220753,Moderado
4.223,86.0,0.0,25.153671,Moderado
4.273,86.0,0.0,26.795223,Alto
4.223,86.0,0.0,26.33911,Moderado
4.073,87.0,0.0,24.014996,Moderado
4.023,88.0,0.0,22.104116,Moderado
3.973,89.0,0.0,20.730501,Moderado
3.823,90.0,0.0,19.386593,Moderado
3.173,92.0,0.0,18.58451,Moderado
3.273,92.0,0.0,18.532133,Moderado
3.373,93.0,0.0,18.204042,Moderado
3.473,93.0,0.0,17.551615,Moderado
3.573,93.0,0.0,17.22742,Moderado
3.973,93.0,0.0,17.22742,Moderado
3.223,92.0,0.0,15.716793,Moderado
3.373,92.0,0.0,16.179985,Moderado
3.923,90.0,0.0,16.73516,Moderado
5.1730003,86.0,0.0,17.076298,Moderado
6.373,83.0,0.0,18.448023,Moderado
7.1730003,81.0,0.0,19.242327,Moderado
7.9729996,81.0,0.0,23.051247,Moderado
7.773,83.0,0.0,22.26477,Moderado
7.2229996,87.0,0.0,20.176065,Moderado
6.4729996,91.0,0.0,18.345877,Moderado
6.1730003,92.0,0.0,17.418196,Moderado
6.073,92.0,0.0,16.766108,Moderado
5.823,93.0,0.0,16.418526,Moderado
5.9729996,93.0,0.0,16.766108,Moderado
5.9729996,93.0,0.0,16.418526,Moderado
5.873,93.0,0.0,14.799459,Moderado
5.873,93.0,0.0,13.009903,Bajo
5.873,93.0,0.0,13.358861,Bajo
5.9230003,94.0,0.0,12.758432,Bajo
6.123,94.0,0.0,13.207634,Bajo
6.4230003,93.0,0.0,13.441071,Bajo
6.4729996,93.0,0.1,13.237039,Bajo
6.573,92.0,0.3,14.658676,Bajo
6.6730003,91.0,0.1,14.973577,Moderado
6.623,90.0,0.1,13.049689,Bajo
6.6730003,90.0,0.1,13.0447235,Bajo
7.1730003,88.0,0.0,13.217443,Moderado
7.823,84.0,0.0,14.081477,Moderado
8.323,81.0,0.0,14.20062,Moderado
8.823,77.0,0.0,16.263872,Moderado
9.123,74.0,0.0,18.03237,Moderado
8.773,76.0,0.0,17.58481,Moderado
8.373,78.0,0.0,15.7908325,Moderado
7.873,82.0,0.0,13.363711,Moderado
7.373,85.0,0.0,12.397806,Moderado
7.2229996,86.0,0.0,9.83268,Bajo
7.123,88.0,0.0,7.8625183,Bajo
6.6730003,90.0,0.0,5.0142193,Bajo
6.4230003,90.0,0.0,1.2979984,Bajo
6.2229996,90.0,0.0,1.8,Bajo
5.1730003,93.0,0.0,4.802999,Bajo
4.7229996,95.0,0.0,4.5536795,Bajo
4.9729996,95.0,0.3,5.00128,Bajo
5.2229996,96.0,1.0,4.829907,Bajo
5.4230003,96.0,0.7,5.692099,Bajo
5.7229996,94.0,0.3,7.24486,Bajo
5.573,94.0,0.1,5.495161,Bajo
5.373,95.0,0.2,5.634891,Bajo
4.823,94.0,0.5,6.193674,Bajo
4.7229996,93.0,0.0,5.1165614,Bajo
4.7229996,94.0,0.0,3.7064266,Bajo
5.023,93.0,0.0,2.9024127,Bajo
5.073,94.0,0.6,5.8048253,Bajo
5.6730003,93.0,0.0,5.00128,Bajo
6.273,93.0,0.0,7.754637,Bajo
6.323,94.0,0.0,3.219938,Bajo
5.9729996,96.0,0.0,4.379589,Bajo
5.023,98.0,0.0,3.5455887,Bajo
4.273,100.0,0.0,2.9024127,Bajo
4.4230003,99.0,0.0,1.2979984,Bajo
4.523,99.0,0.0,1.2979984,Bajo
6.073,90.0,0.0,9.422101,Bajo
8.973,80.0,0.0,26.865265,Alto
8.973,78.0,0.0,31.087412,Alto
8.422999,81.0,0.0,28.820242,Alto
8.023,83.0,0.0,27.416782,Alto
8.123,82.0,0.0,26.654589,Alto
7.7229996,73.0,0.0,33.04361,Alto
7.4230003,77.0,0.0,28.58545,Alto
7.2229996,77.0,0.0,27.117346,Alto
6.9230003,74.0,0.0,26.319422,Alto
6.023,78.0,0.0,18.733839,Moderado
4.573,86.0,0.0,10.636766,Bajo
4.7229996,88.0,0.0,10.630672,Bajo
4.9729996,86.0,0.0,9.290511,Bajo
5.6730003,83.0,0.0,10.799999,Bajo
6.773,80.0,0.0,10.948973,Bajo
7.4729996,79.0,0.0,7.42159,Bajo
7.7229996,77.0,0.0,6.989936,Bajo
7.823,80.0,0.0,4.1046314,Bajo
7.023,82.0,0.0,4.39436,Bajo
6.273,82.0,0.1,7.628263,Bajo
6.2229996,85.0,0.2,10.24578,Bajo
6.573,83.0,0.0,14.4,Moderado
6.523,84.0,0.0,16.80857,Moderado
6.123,85.0,0.0,16.299694,Moderado
5.4729996,88.0,0.0,15.484185,Moderado
4.873,92.0,0.0,13.556282,Bajo
4.023,90.0,0.0,10.8955765,Bajo
3.473,91.0,0.0,8.049845,Bajo
2.523,96.0,0.0,6.0347,Bajo
1.773,96.0,0.0,4.2136917,Bajo
1.573,95.0,0.0,2.0991426,Bajo
1.273,95.0,0.0,2.4149535,Bajo
1.073,96.0,0.0,3.8268526,Bajo
0.473,98.0,0.0,2.3051248,Bajo
-0.527,99.0,0.0,5.937272,Bajo
-0.577,99.0,0.0,7.42159,Bajo
-0.07699999,97.0,0.0,6.638072,Bajo
1.323,92.0,0.0,6.1305785,Bajo
2.923,89.0,0.0,7.42159,Bajo
3.823,88.0,0.0,10.009036,Bajo
4.9230003,91.0,0.0,13.37825,Bajo
5.073,91.0,0.0,14.118243,Moderado
4.9230003,92.0,0.0,14.332341,Moderado
4.523,92.0,0.0,15.84,Moderado
4.223,92.0,0.0,16.575644,Moderado
3.973,92.0,0.0,16.919998,Moderado
3.623,90.0,0.0,16.595179,Moderado
4.023,88.0,0.0,16.343367,Moderado
4.9230003,87.0,0.0,17.418196,Moderado
5.773,79.0,0.0,20.456745,Moderado
6.123,76.0,0.1,21.980644,Moderado
6.2229996,75.0,0.0,23.770906,Moderado
6.373,76.0,0.2,24.567198,Moderado
6.323,77.0,0.0,22.42427,Moderado
6.4729996,80.0,0.0,20.364674,Moderado
6.573,85.0,0.1,17.826363,Moderado
6.4729996,90.0,0.5,14.255272,Bajo
6.373,92.0,0.0,11.753877,Bajo
6.373,94.0,0.0,9.114471,Bajo
6.073,95.0,0.0,8.647496,Bajo
6.123,96.0,0.0,9.028754,Bajo
6.573,95.0,0.0,9.3669195,Bajo
7.023,92.0,0.0,7.289444,Bajo
7.373,89.0,0.1,6.638072,Bajo
7.1730003,89.0,0.8,15.188415,Bajo
6.4729996,88.0,0.4,10.538843,Bajo
5.773,89.0,0.0,9.605998,Bajo
4.9230003,88.0,0.0,9.0,Bajo
4.323,89.0,0.0,9.565437,Bajo
3.623,90.0,0.0,6.28713,Bajo
2.773,92.0,0.0,4.39436,Bajo
2.723,90.0,0.0,1.08,Bajo
2.223,91.0,0.0,4.829907,Bajo
1.023,96.0,0.0,4.32,Bajo
0.823,98.0,0.0,4.1046314,Bajo
0.623,100.0,0.0,4.5536795,Bajo
-0.02700001,99.0,0.0,4.510787,Bajo
-0.427,100.0,0.0,3.319036,Bajo
-0.477,100.0,0.0,3.5455887,Bajo
-1.227,100.0,0.0,2.9024127,Bajo
-1.577,100.0,0.0,3.396233,Bajo
-1.977,100.0,0.0,5.1919937,Bajo
-2.127,100.0,0.0,4.896529,Bajo
-2.127,100.0,0.0,4.2136917,Bajo
-1.477,100.0,0.0,3.563818,Bajo
-0.477,100.0,0.0,4.2136917,Bajo
0.623,100.0,0.0,4.829907,Bajo
1.623,97.0,0.0,7.2,Bajo
2.023,96.0,0.0,7.4128532,Bajo
2.1729999,95.0,0.0,4.3349743,Bajo
1.973,95.0,0.0,2.968636,Bajo
1.723,95.0,0.0,2.5455842,Bajo
1.573,95.0,0.0,3.096837,Bajo
1.023,97.0,0.0,4.829907,Bajo
0.323,99.0,0.0,4.802999,Bajo
0.273,99.0,0.0,4.6938252,Bajo
0.223,99.0,0.0,4.896529,Bajo
0.023000002,99.0,0.0,5.0528407,Bajo
0.073,98.0,0.0,5.8048253,Bajo
0.023000002,98.0,0.0,6.849467,Bajo
0.473,96.0,0.0,6.130579,Bajo
0.573,93.0,0.0,7.2,Bajo
0.623,90.0,0.0,9.3669195,Bajo
1.423,85.0,0.0,14.044615,Moderado
1.523,93.0,0.0,15.84,Moderado
1.823,90.0,0.0,17.654688,Moderado
1.373,92.0,0.0,16.263872,Moderado
0.973,92.0,0.0,15.546833,Moderado
1.223,92.0,0.0,14.417988,Moderado
2.273,87.0,0.0,14.764389,Moderado
3.273,82.0,0.0,14.77755,Moderado
3.923,78.0,0.0,14.830076,Moderado
4.273,71.0,0.0,16.199999,Moderado
3.723,74.0,0.0,12.605142,Moderado
2.323,82.0,0.0,6.28713,Bajo
1.023,88.0,0.0,4.6800003,Bajo
0.473,89.0,0.0,2.7416782,Bajo
0.122999996,89.0,0.0,1.609969,Bajo
-0.577,90.0,0.0,3.219938,Bajo
-1.377,95.0,0.0,3.4152596,Bajo
-1.577,94.0,0.0,4.3349743,Bajo
-1.977,96.0,0.0,6.28713,Bajo
-2.177,96.0,0.0,6.9527545,Bajo
-1.927,93.0,0.0,8.766573,Bajo
-0.877,93.0,0.0,10.464797,Bajo
0.073,94.0,0.0,12.313893,Bajo
0.573,91.0,0.2,14.408997,Bajo
0.973,92.0,0.5,14.799459,Bajo
1.923,91.0,1.0,16.676977,Bajo
3.023,90.0,1.1,20.111729,Bajo
3.323,93.0,1.1,6.489992,Bajo
3.023,96.0,0.5,5.8603754,Bajo
2.823,98.0,0.1,5.8603754,Bajo
3.323,97.0,0.1,5.4119864,Bajo
3.973,96.0,0.0,5.4119864,Bajo
4.123,96.0,1.2,5.506941,Bajo
4.873,94.0,1.1,5.815978,Bajo
4.7229996,94.0,0.0,6.28713,Bajo
4.373,96.0,0.0,7.289445,Bajo
3.923,96.0,0.0,8.905908,Bajo
3.623,96.0,0.0,5.4833565,Bajo
3.423,97.0,0.0,4.3349743,Bajo
3.173,98.0,0.0,5.815978,Bajo
3.373,98.0,0.0,6.379216,Bajo
3.173,98.0,0.0,4.1046314,Bajo
2.923,99.0,0.0,4.8433046,Bajo
2.673,98.0,0.0,2.9024127,Bajo
2.573,99.0,0.0,1.484318,Bajo
2.473,99.0,0.0,2.3051248,Bajo
2.373,100.0,0.0,1.08,Bajo
2.023,100.0,0.0,4.6938257,Bajo
1.773,100.0,0.0,5.506941,Bajo
1.773,100.0,0.0,6.830519,Bajo
1.523,100.0,0.0,8.669949,Bajo
0.973,99.0,0.0,12.979984,Bajo
0.673,98.0,0.0,13.324863,Bajo
1.373,94.0,0.0,14.471821,Moderado
2.723,88.0,0.1,14.113653,Moderado
3.923,84.0,0.1,15.4800005,Moderado
4.773,79.0,0.0,17.283749,Moderado
5.7229996,77.0,0.0,22.319998,Moderado
5.523,79.0,0.0,24.522316,Moderado
4.9230003,82.0,0.0,28.137634,Alto
4.273,81.0,0.0,26.28,Alto
3.923,78.0,0.0,25.582806,Alto
3.723,82.0,0.0,24.648829,Moderado
3.323,84.0,0.0,19.839235,Moderado
2.823,88.0,0.0,17.992796,Moderado
2.223,90.0,0.0,14.81259,Moderado
1.723,92.0,0.0,11.298495,Bajo
2.1729999,90.0,0.0,9.957108,Bajo
1.973,90.0,0.0,9.957108,Bajo
2.073,94.0,0.0,13.089354,Bajo
2.873,93.0,0.0,18.25026,Moderado
2.823,92.0,0.0,20.380579,Moderado
2.723,86.0,0.0,21.398056,Moderado
2.223,81.0,0.0,19.93048,Moderado
2.023,88.0,0.0,21.175835,Moderado
1.873,89.0,0.0,21.9718,Moderado
1.923,85.0,0.0,23.584808,Moderado
2.1230001,83.0,0.0,23.863409,Moderado
2.773,80.0,0.0,23.73271,Moderado
3.223,75.0,0.0,25.455843,Alto
3.523,72.0,0.0,26.437336,Alto
3.873,69.0,0.0,24.522316,Alto
3.523,70.0,0.0,22.782625,Moderado
2.923,73.0,0.0,21.707731,Moderado
2.223,76.0,0.0,18.888851,Moderado
1.573,80.0,0.0,16.394829,Moderado
0.973,81.0,0.0,13.358861,Moderado
0.273,87.0,0.0,10.30883,Bajo
-0.07699999,85.0,0.0,9.885262,Bajo
-0.32700002,85.0,0.0,8.0899935,Bajo
-0.77699995,87.0,0.0,6.4096174,Bajo
-1.077,90.0,0.0,6.3690495,Bajo
-1.227,93.0,0.0,5.904439,Bajo
-2.127,97.0,0.0,5.634891,Bajo
-2.477,98.0,0.0,5.4833565,Bajo
-2.677,99.0,0.0,5.1544156,Bajo
-2.677,99.0,0.0,5.0528407,Bajo
-3.077,100.0,0.0,3.96,Bajo
-3.077,99.0,0.0,4.2136917,Bajo
-2.677,100.0,0.0,2.4149535,Bajo
-3.277,100.0,0.0,1.484318,Bajo
-3.9269998,100.0,0.0,0.5091169,Bajo
-3.177,100.0,0.0,0.0,Bajo
-2.477,100.0,0.0,0.35999998,Bajo
-1.277,96.0,0.0,1.2979984,Bajo
-0.77699995,95.0,0.0,2.9024127,Bajo
-0.02700001,90.0,0.0,3.4152596,Bajo
-0.227,89.0,0.0,4.452954,Bajo
-1.177,90.0,0.0,5.3517847,Bajo
-1.8770001,92.0,0.0,5.6920996,Bajo
-2.327,93.0,0.0,5.937272,Bajo
-2.677,96.0,0.0,6.162207,Bajo
-2.977,97.0,0.0,5.771239,Bajo
-3.177,98.0,0.0,5.8048253,Bajo
-3.427,98.0,0.0,5.8048253,Bajo
-3.477,98.0,0.0,5.771239,Bajo
-3.427,97.0,0.0,6.130579,Bajo
-3.227,97.0,0.0,6.162207,Bajo
-2.627,94.0,0.0,6.849467,Bajo
-2.227,93.0,0.0,6.849467,Bajo
-1.977,93.0,0.0,7.5685663,Bajo
-1.677,92.0,0.0,7.5599995,Bajo
-1.377,92.0,0.0,7.92,Bajo
-1.677,94.0,0.0,7.5599995,Bajo
-1.8269999,94.0,0.0,7.208994,Bajo
-1.577,94.0,0.0,6.5693827,Bajo
-0.577,91.0,0.0,6.28713,Bajo
0.673,89.0,0.0,6.638072,Bajo
1.623,87.0,0.0,8.049845,Bajo
2.473,86.0,0.0,10.853866,Bajo
2.023,88.0,0.0,9.028754,Bajo
1.473,89.0,0.0,7.6367526,Bajo
0.823,91.0,0.0,6.924738,Bajo
0.17300001,92.0,0.0,6.924738,Bajo
-0.427,92.0,0.0,6.87779,Bajo
-0.727,89.0,0.0,7.2,Bajo
-1.227,88.0,0.0,6.849467,Bajo
-1.577,89.0,0.0,6.924738,Bajo
-1.8269999,90.0,0.0,7.342588,Bajo
-1.777,89.0,0.0,8.049845,Bajo
-1.377,88.0,0.0,9.531505,Bajo
-0.727,86.0,0.0,12.6462,Bajo
-0.627,83.0,0.0,13.004921,Moderado
-0.827,84.0,0.0,13.849476,Moderado
-1.077,89.0,0.0,14.764389,Moderado
-0.527,91.0,0.0,16.65754,Moderado
0.073,88.0,0.0,18.844202,Moderado
0.523,86.0,0.0,18.374111,Moderado
0.873,88.0,0.0,20.008356,Moderado
1.773,88.0,0.0,22.505037,Moderado
2.823,84.0,0.0,27.908709,Alto
3.473,80.0,0.0,30.141266,Alto
3.523,81.0,0.0,29.09103,Alto
3.973,80.0,0.1,31.427404,Alto
3.923,83.0,0.1,31.259945,Alto
3.723,86.0,0.1,32.24161,Alto
3.923,86.0,0.1,32.283787,Alto
4.4729996,84.0,0.1,33.847656,Alto
4.223,78.0,0.0,35.538033,Alto
2.973,61.0,0.0,36.26006,Muy alto
1.973,66.0,0.0,31.89608,Alto
1.923,66.0,0.0,29.598919,Alto
1.773,60.0,0.0,31.557035,Alto
1.323,61.0,0.0,32.042023,Alto
0.973,60.0,0.0,32.042023,Alto
0.673,63.0,0.0,30.918108,Alto
0.423,59.0,0.0,31.716797,Alto
0.323,60.0,0.0,32.058197,Alto
0.223,63.0,0.0,32.058197,Alto
0.323,63.0,0.0,31.435646,Alto
0.473,63.0,0.0,32.862694,Alto
0.623,65.0,0.0,32.623226,Alto
0.623,63.0,0.0,31.404713,Alto
0.823,66.0,0.0,30.599998,Alto
1.623,59.0,0.0,29.387999,Alto
2.073,57.0,0.0,27.859905,Alto
2.1729999,62.0,0.0,25.992397,Alto
2.1230001,64.0,0.0,23.667091,Alto
1.923,64.0,0.0,21.749481,Moderado
1.273,71.0,0.0,21.068459,Moderado
0.673,78.0,0.0,18.25026,Moderado
0.223,80.0,0.0,16.62249,Moderado
-0.127,87.0,0.0,12.979984,Bajo
-0.07699999,90.0,0.0,12.783802,Bajo
-0.17699999,92.0,0.0,12.224107,Bajo
0.023000002,93.0,0.0,11.440978,Bajo
0.223,94.0,0.0,11.525623,Bajo
0.473,95.0,0.0,12.783802,Bajo
1.023,94.0,0.0,15.84409,Moderado
1.873,91.0,0.0,19.164719,Moderado
2.323,90.0,0.0,20.991426,Moderado
2.623,88.0,0.0,20.929596,Moderado
2.723,88.0,0.0,20.883104,Moderado
2.923,87.0,0.0,21.96,Moderado
3.123,87.0,0.0,22.68,Moderado
2.823,84.0,0.0,20.163212,Moderado
3.173,83.0,0.0,21.611998,Moderado
3.823,81.0,0.0,23.40277,Moderado
5.2229996,75.0,0.0,28.19285,Alto
6.023,69.0,0.0,31.97319,Alto
6.023,68.0,0.0,31.616526,Alto
6.123,68.0,0.0,34.62369,Alto
5.773,67.0,0.0,32.846916,Alto
5.023,72.0,0.0,31.845251,Alto
4.523,71.0,0.0,29.784426,Alto
4.073,79.0,0.0,27.834309,Alto
3.823,70.0,0.0,26.836306,Alto
3.123,76.0,0.0,25.210283,Alto
2.873,82.0,0.0,20.907913,Moderado
2.823,83.0,0.0,19.44,Moderado
2.723,83.0,0.0,18.751125,Moderado
2.423,85.0,0.0,17.731598,Moderado
2.1729999,88.0,0.0,17.015474,Moderado
1.723,85.0,0.0,15.683776,Moderado
1.323,80.0,0.0,13.979871,Moderado
1.123,83.0,0.0,13.627795,Moderado
1.173,89.0,0.0,13.556282,Moderado
1.473,90.0,0.0,12.015589,Bajo
1.923,89.0,0.0,10.182337,Bajo
1.073,90.0,0.0,5.2416787,Bajo
0.723,92.0,0.0,4.0249224,Bajo
0.823,91.0,0.0,1.9386592,Bajo
1.623,88.0,0.0,0.8049845,Bajo
2.523,85.0,0.0,1.609969,Bajo
3.223,85.0,0.0,1.484318,Bajo
4.6730003,79.0,0.0,2.8116899,Bajo
4.573,80.0,0.0,0.8049845,Bajo
3.673,82.0,0.0,3.319036,Bajo
2.823,87.0,0.0,2.9024127,Bajo
2.873,86.0,0.2,1.1384199,Bajo
2.923,84.0,0.1,2.16,Bajo
1.473,93.0,0.1,3.7585104,Bajo
1.523,92.0,0.2,3.671294,Bajo
1.623,91.0,0.4,3.319036,Bajo
1.523,92.0,0.3,2.3051248,Bajo
1.423,93.0,0.4,2.5959969,Bajo
1.073,95.0,0.3,3.563818,Bajo
0.423,99.0,0.0,3.7064266,Bajo
0.223,99.0,0.0,4.3498964,Bajo
0.373,99.0,0.0,5.4119864,Bajo
0.823,98.0,0.0,6.439876,Bajo
1.173,97.0,0.0,6.439876,Bajo
1.473,96.0,0.0,8.287822,Bajo
2.023,99.0,0.0,9.83268,Bajo
2.423,96.0,0.0,12.10157,Bajo
2.873,94.0,0.0,14.118243,Bajo
3.673,87.0,0.0,15.725037,Moderado
4.4729996,79.0,0.0,19.914217,Moderado
4.9230003,73.0,0.0,22.101183,Moderado
4.873,72.0,0.0,20.345573,Moderado
4.573,78.0,0.0,20.150354,Moderado
3.723,84.0,0.1,18.720001,Moderado
3.273,85.0,0.0,18.25026,Moderado
2.823,85.0,0.0,18.11841,Moderado
2.423,82.0,0.0,18.25026,Moderado
1.873,83.0,0.0,19.64558,Moderado
1.473,79.0,0.0,20.898611,Moderado
1.073,82.0,0.0,20.617662,Moderado
0.823,82.0,0.0,19.562946,Moderado
0.623,83.0,0.0,18.947083,Moderado
0.523,83.0,0.0,18.59845,Moderado
0.073,87.0,0.0,18.430452,Moderado
-0.02700001,89.0,0.0,18.692286,Moderado
-0.02700001,88.0,0.0,19.0392,Moderado
0.223,88.0,0.0,20.082708,Moderado
0.523,86.0,0.0,18.692286,Moderado
0.773,86.0,0.0,18.792551,Moderado
0.973,87.0,0.0,15.042659,Moderado
1.173,88.0,0.0,15.629971,Moderado
1.573,87.0,0.0,17.068707,Moderado
2.573,81.0,0.0,19.483284,Moderado
3.473,76.0,0.0,22.065973,Moderado
3.923,74.0,0.0,23.993399,Moderado
4.823,72.0,0.0,28.657898,Alto
5.023,72.0,0.0,30.274265,Alto
4.9230003,75.0,0.1,27.381308,Alto
4.7229996,78.0,0.0,25.872454,Alto
4.4230003,81.0,0.0,23.906818,Moderado
4.1730003,84.0,0.0,23.006226,Moderado
4.223,82.0,0.0,24.162947,Moderado
4.4230003,80.0,0.0,24.696104,Moderado
4.573,80.0,0.0,25.661207,Alto
4.623,80.0,0.0,25.77962,Alto
4.7229996,79.0,0.0,27.288855,Alto
4.573,79.0,0.1,28.082308,Alto
4.4729996,78.0,0.0,27.155552,Alto
4.1730003,78.0,0.1,26.250393,Alto
4.1730003,78.0,0.1,26.230639,Alto
3.973,78.0,0.1,26.478971,Alto
3.973,78.0,0.2,26.987997,Moderado
3.723,81.0,0.4,26.250393,Moderado
4.023,73.0,0.2,25.537172,Moderado
4.073,74.0,0.0,24.967497,Alto
4.273,72.0,0.0,23.977188,Moderado
4.773,73.0,0.0,22.725668,Moderado
5.4230003,73.0,0.0,23.838959,Moderado
5.773,75.0,0.0,24.192429,Moderado
5.7229996,73.0,0.0,23.979893,Moderado
5.7229996,75.0,0.0,24.162947,Moderado
5.573,78.0,0.0,24.079666,Moderado
5.4729996,80.0,0.0,22.782625,Moderado
5.373,81.0,0.0,21.068459,Moderado
5.1730003,82.0,0.0,19.469976,Moderado
4.623,85.0,0.0,17.654688,Moderado
4.573,84.0,0.0,18.218275,Moderado
4.773,83.0,0.0,17.884428,Moderado
5.1730003,79.0,0.0,20.111729,Moderado
5.4230003,77.0,0.0,24.216522,Moderado
5.123,77.0,0.0,24.43761,Moderado
5.023,71.0,0.0,22.961115,Moderado
5.073,70.0,0.1,21.566973,Moderado
5.1730003,67.0,0.1,21.67786,Moderado
5.2229996,66.0,0.0,21.385939,Moderado
5.373,65.0,0.1,20.87379,Moderado
5.523,62.0,0.0,21.385939,Moderado
6.4729996,51.0,0.1,19.008547,Moderado
6.2229996,52.0,0.0,19.995398,Moderado
6.4729996,48.0,0.0,20.497883,Alto
6.773,52.0,0.1,24.408424,Alto
5.7229996,66.0,0.3,23.871555,Moderado
5.623,67.0,0.0,20.172853,Moderado
4.9230003,70.0,0.0,22.734219,Moderado
4.373,68.0,0.0,19.416653,Moderado
3.673,65.0,0.0,17.651016,Moderado
3.023,65.0,0.0,15.281989,Moderado
2.323,71.0,0.0,13.570615,Moderado
1.773,75.0,0.0,13.237039,Moderado
1.273,80.0,0.0,13.661038,Moderado
1.173,81.0,0.0,14.345898,Moderado
0.923,82.0,0.0,14.241629,Moderado
0.623,84.0,0.0,14.003029,Moderado
0.373,86.0,0.0,14.345898,Moderado
0.323,84.0,0.0,15.379206,Moderado
-0.02700001,84.0,0.0,17.163355,Moderado
-0.02700001,82.0,0.0,17.114204,Moderado
0.023000002,80.0,0.0,17.208603,Moderado
0.023000002,80.0,0.0,17.193533,Moderado
0.122999996,80.0,0.0,17.58481,Moderado
0.423,79.0,0.0,18.532133,Moderado
0.573,83.0,0.0,19.130875,Moderado
0.673,81.0,0.0,19.734436,Moderado
0.823,81.0,0.0,19.914217,Moderado
1.373,77.0,0.0,21.129885,Moderado
2.1230001,72.0,0.0,22.104116,Moderado
2.473,68.0,0.0,22.392462,Moderado
2.873,67.0,0.0,23.762726,Alto
2.573,69.0,0.0,22.346113,Moderado
2.1230001,72.0,0.0,18.888851,Moderado
1.673,78.0,0.0,16.516901,Moderado
1.523,81.0,0.0,14.973577,Moderado
1.873,83.0,0.1,15.683774,Moderado
2.073,84.0,0.0,17.414474,Moderado
2.523,85.0,0.0,19.33639,Moderado
2.923,86.0,0.0,21.194187,Moderado
3.223,88.0,0.0,21.629978,Moderado
3.923,88.0,0.0,23.34455,Moderado
4.523,84.0,0.0,25.40743,Moderado
4.773,82.0,0.0,28.357857,Alto
4.9230003,82.0,0.0,28.66694,Alto
5.073,80.0,0.0,28.19285,Alto
5.1730003,78.0,0.0,28.1169,Alto
5.023,75.0,0.0,27.729347,Alto
4.623,79.0,0.0,24.288662,Moderado
4.573,82.0,0.0,25.671307,Moderado
4.573,80.0,0.0,25.699057,Alto
4.7229996,76.0,0.0,25.984917,Alto
4.9230003,72.0,0.0,25.567604,Alto
5.2229996,72.0,0.0,25.567604,Alto
5.373,72.0,0.0,24.64094,Alto
5.623,71.0,0.0,23.266697,Moderado
5.523,69.0,0.0,23.110207,Moderado
5.123,71.0,0.0,20.721119,Moderado
4.773,74.0,0.0,19.734436,Moderado
4.373,74.0,0.0,19.386591,Moderado
3.823,77.0,0.0,17.533146,Moderado
3.123,78.0,0.0,19.694992,Moderado
2.923,80.0,0.0,18.331741,Moderado
2.773,81.0,0.0,17.782688,Moderado
2.773,81.0,0.0,17.917007,Moderado
2.623,82.0,0.0,17.399586,Moderado
2.1729999,87.0,0.0,14.8257065,Moderado
0.873,90.0,0.0,10.685391,Bajo
0.823,90.0,0.0,10.1887,Bajo
0.923,88.0,0.0,8.891343,Bajo
0.873,86.0,0.0,7.9932966,Bajo
0.823,84.0,0.0,7.42159,Bajo
0.673,81.0,0.0,6.792466,Bajo
0.073,82.0,0.0,6.151683,Bajo
-0.277,81.0,0.0,5.5887027,Bajo
-0.427,80.0,0.0,4.6938252,Bajo
0.273,78.0,0.0,3.6,Bajo
1.373,76.0,0.0,2.9024127,Bajo
2.323,74.0,0.0,2.5455842,Bajo
2.723,72.0,0.0,1.5273507,Bajo
2.673,71.0,0.0,1.1384199,Bajo
2.323,69.0,0.0,1.8,Bajo
1.673,70.0,0.0,2.0364676,Bajo
1.223,70.0,0.0,1.8,Bajo
0.823,70.0,0.0,2.0364676,Bajo
-0.427,78.0,0.0,2.0991426,Bajo
-1.027,78.0,0.0,2.2768397,Bajo
-2.177,83.0,0.0,3.7585104,Bajo
-4.0270004,91.0,0.0,4.510787,Bajo
-4.877,94.0,0.0,4.3349743,Bajo
-4.977,95.0,0.0,4.198285,Bajo
-3.227,100.0,0.0,5.1919937,Bajo
-2.427,100.0,0.0,4.8433046,Bajo
-1.8269999,100.0,0.0,4.6102495,Bajo
-1.527,99.0,0.0,3.7585104,Bajo
-1.427,97.0,0.0,3.0758414,Bajo
-1.577,97.0,0.0,2.1897945,Bajo
-2.327,98.0,0.0,3.4152596,Bajo
-2.877,99.0,0.0,4.6938252,Bajo
-2.827,99.0,0.0,6.2145634,Bajo
-2.927,100.0,0.0,9.007196,Bajo
-2.777,97.0,0.0,7.6367526,Bajo
-2.127,93.0,0.1,5.937272,Bajo
-1.277,93.0,0.2,6.151683,Bajo
-0.977,92.0,0.0,3.5455887,Bajo
-0.977,93.0,0.0,1.8,Bajo
-1.277,94.0,0.1,1.1384199,Bajo
-1.477,94.0,0.0,1.8,Bajo
-1.777,94.0,0.0,3.319036,Bajo
-2.077,96.0,0.0,4.3349743,Bajo
-2.127,94.0,0.0,3.7064266,Bajo
-2.177,93.0,0.0,3.7064266,Bajo
-2.277,92.0,0.0,3.319036,Bajo
-2.177,93.0,0.0,3.096837,Bajo
-2.227,93.0,0.0,3.096837,Bajo
-2.127,94.0,0.0,2.3051248,Bajo
-2.027,95.0,0.1,1.484318,Bajo
-1.977,95.0,0.3,3.319036,Bajo
-1.727,94.0,0.2,2.8116899,Bajo
-1.927,95.0,0.0,3.4152596,Bajo
-1.977,95.0,0.0,4.3349743,Bajo
-1.227,95.0,0.0,5.0142193,Bajo
-0.627,94.0,0.0,4.198285,Bajo
-0.02700001,92.0,0.0,3.563818,Bajo
0.573,91.0,0.0,3.9763298,Bajo
0.773,92.0,0.1,3.8773184,Bajo
0.923,93.0,0.2,2.3051248,Bajo
1.223,94.0,0.2,0.71999997,Bajo
1.373,93.0,0.2,0.71999997,Bajo
1.473,93.0,0.2,0.8049845,Bajo
1.473,93.0,0.2,1.0182338,Bajo
1.273,93.0,0.1,2.1897945,Bajo
0.923,94.0,0.1,1.835647,Bajo
0.673,97.0,0.1,3.6,Bajo
0.373,97.0,0.1,2.7416782,Bajo
0.223,97.0,0.2,2.9024127,Bajo
0.073,97.0,0.3,3.6,Bajo
-0.02700001,96.0,0.3,5.1165614,Bajo
-0.227,97.0,0.2,4.8433046,Bajo
-0.17699999,95.0,0.1,2.3051248,Bajo
-0.277,94.0,0.0,1.1384199,Bajo
-0.427,94.0,0.0,2.0991426,Bajo
-0.627,94.0,0.0,2.2768397,Bajo
-0.877,93.0,0.0,3.2599385,Bajo
-1.227,92.0,0.0,3.6179552,Bajo
-2.227,93.0,0.0,4.3498964,Bajo
-2.377,92.0,0.0,3.7064266,Bajo
-2.477,91.0,0.0,3.4152596,Bajo
-1.927,91.0,0.0,3.671294,Bajo
-1.227,86.0,0.0,4.802999,Bajo
-0.877,83.0,0.0,6.2145634,Bajo
-0.92700005,82.0,0.0,6.638072,Bajo
-1.027,83.0,0.0,6.924738,Bajo
-1.677,87.0,0.0,5.3999996,Bajo
-2.477,90.0,0.0,4.452954,Bajo
-2.977,91.0,0.0,4.2136917,Bajo
-3.127,91.0,0.0,4.2136917,Bajo
-3.327,91.0,0.0,4.1046314,Bajo
-3.377,90.0,0.0,4.510787,Bajo
-3.477,89.0,0.0,4.6938257,Bajo
-3.677,88.0,0.0,4.39436,Bajo
-3.877,88.0,0.0,3.8268526,Bajo
-4.127,88.0,0.0,3.8939953,Bajo
-4.3269997,87.0,0.0,3.6,Bajo
-4.427,87.0,0.0,3.396233,Bajo
-4.477,87.0,0.0,2.8116899,Bajo
-4.477,88.0,0.0,2.8116899,Bajo
-4.5270004,90.0,0.0,2.5959969,Bajo
-4.427,92.0,0.1,2.8116899,Bajo
-4.127,93.0,0.1,4.510787,Bajo
-4.0769997,94.0,0.2,4.39436,Bajo
-3.677,94.0,0.2,4.39436,Bajo
-3.227,95.0,0.3,4.1046314,Bajo
-2.727,95.0,0.3,4.1046314,Bajo
-2.177,95.0,0.2,4.072935,Bajo
-1.527,95.0,0.1,4.39436,Bajo
-1.277,95.0,0.1,4.6938257,Bajo
-1.377,96.0,0.0,3.8939953,Bajo
-1.677,96.0,0.0,3.563818,Bajo
-1.727,97.0,0.0,3.8268526,Bajo
-1.777,97.0,0.0,3.096837,Bajo
-1.577,97.0,0.0,3.8268526,Bajo
-1.427,97.0,0.0,3.319036,Bajo
-1.377,97.0,0.0,2.5455842,Bajo
-1.427,97.0,0.0,2.7416782,Bajo
-1.477,97.0,0.0,2.5455842,Bajo
-1.427,98.0,0.0,1.8,Bajo
-1.427,98.0,0.0,2.2768397,Bajo
-1.527,98.0,0.0,2.968636,Bajo
-1.727,99.0,0.0,3.6179552,Bajo
-1.777,98.0,0.0,3.6179552,Bajo
-1.977,98.0,0.0,3.9763298,Bajo
-2.077,98.0,0.0,3.96,Bajo
-2.177,99.0,0.0,3.671294,Bajo
-2.427,99.0,0.0,3.0758414,Bajo
-2.527,99.0,0.0,3.219938,Bajo
-1.8770001,98.0,0.0,2.968636,Bajo
-0.977,98.0,0.0,3.2399998,Bajo
-0.37699997,96.0,0.0,4.0249224,Bajo
0.023000002,96.0,0.0,2.968636,Bajo
0.073,97.0,0.0,2.5455842,Bajo
-0.227,98.0,0.0,2.2768397,Bajo
-1.027,99.0,0.0,1.835647,Bajo
-1.227,100.0,0.0,1.0182338,Bajo
-1.477,100.0,0.0,1.9386592,Bajo
-2.677,100.0,0.0,2.1897945,Bajo
-2.277,100.0,0.0,2.3051248,Bajo
-1.727,97.0,0.0,2.9024127,Bajo
-1.227,94.0,0.0,3.7064266,Bajo
-0.677,92.0,0.0,5.315336,Bajo
-0.127,91.0,0.0,7.0911775,Bajo
-0.427,90.0,0.0,7.289444,Bajo
-0.527,88.0,0.0,8.766573,Bajo
-0.727,88.0,0.0,9.028754,Bajo
-0.92700005,88.0,0.0,9.659814,Bajo
-1.227,87.0,0.0,9.983106,Bajo
-1.377,85.0,0.0,10.028439,Bajo
-2.077,86.0,0.0,7.69592,Bajo
-2.377,85.0,0.0,7.69592,Bajo
-2.327,84.0,0.0,7.771331,Bajo
-1.577,80.0,0.0,9.605998,Bajo
-1.027,79.0,0.0,10.587917,Bajo
-0.527,78.0,0.0,11.440979,Bajo
-0.32700002,79.0,0.0,10.966713,Bajo
-0.527,80.0,0.0,10.787993,Bajo
-1.477,84.0,0.0,8.891343,Bajo
-2.377,84.0,0.0,6.9153743,Bajo
-3.327,87.0,0.0,5.6002855,Bajo
-4.0769997,88.0,0.0,5.1165614,Bajo
-4.3269997,82.0,0.0,5.1165614,Bajo
-4.877,84.0,0.0,4.39436,Bajo
-5.5270004,86.0,0.0,4.1046314,Bajo
-6.127,88.0,0.0,3.396233,Bajo
-6.8269997,91.0,0.0,3.5455887,Bajo
-7.477,93.0,0.0,3.9763298,Bajo
-7.727,90.0,0.0,3.96,Bajo
-7.927,90.0,0.0,3.96,Bajo
-8.177,90.0,0.0,3.96,Bajo
-8.427,91.0,0.0,3.9763298,Bajo
-8.627,91.0,0.0,4.0249224,Bajo
-8.727,91.0,0.0,4.0249224,Bajo
-8.077001,90.0,0.0,3.8773184,Bajo
-7.877,89.0,0.0,3.8773184,Bajo
-7.177,86.0,0.0,3.7064266,Bajo
-5.927,85.0,0.0,3.396233,Bajo
-4.377,85.0,0.0,3.096837,Bajo
-2.927,83.0,0.0,3.0547013,Bajo
-2.277,82.0,0.0,2.6208394,Bajo
-2.077,80.0,0.0,1.9386592,Bajo
-2.427,80.0,0.0,1.609969,Bajo
-3.027,80.0,0.0,1.8,Bajo
-3.7770002,84.0,0.0,2.3051248,Bajo
-4.677,89.0,0.0,3.396233,Bajo
-4.377,88.0,0.0,3.0758414,Bajo
-4.427,89.0,0.0,2.9024127,Bajo
-4.5270004,89.0,0.0,2.9024127,Bajo
-4.677,90.0,0.0,2.52,Bajo
-4.8269997,91.0,0.0,2.52,Bajo
-4.927,92.0,0.0,2.9024127,Bajo
-4.227,90.0,0.0,3.0758414,Bajo
-4.2770004,90.0,0.0,2.9024127,Bajo
-4.3269997,91.0,0.0,3.0547013,Bajo
-4.427,93.0,0.0,3.0547013,Bajo
-4.427,94.0,0.0,3.096837,Bajo
-4.5270004,94.0,0.0,2.8116899,Bajo
-4.177,95.0,0.0,4.3498964,Bajo
-4.177,95.0,0.1,4.6938257,Bajo
-3.977,94.0,0.1,5.1919937,Bajo
-3.377,93.0,0.1,5.904439,Bajo
-2.827,92.0,0.1,6.989936,Bajo
-2.327,91.0,0.1,7.9932966,Bajo
-2.177,92.0,0.1,7.42159,Bajo
-2.177,93.0,0.1,7.2,Bajo
-2.377,93.0,0.1,6.4096174,Bajo
-2.677,93.0,0.0,5.692099,Bajo
-2.727,93.0,0.0,5.8603754,Bajo
-2.727,92.0,0.0,6.1094027,Bajo
-2.827,91.0,0.0,6.4096174,Bajo
-2.777,91.0,0.0,6.6087217,Bajo
-2.777,92.0,0.1,6.439876,Bajo
-2.827,93.0,0.0,6.6087217,Bajo
-2.877,93.0,0.0,6.792466,Bajo
-2.727,93.0,0.0,7.10031,Bajo
-1.927,95.0,0.1,10.028439,Bajo
-1.727,95.0,0.2,10.931203,Bajo
-1.377,96.0,0.1,11.792404,Bajo
-0.977,96.0,0.2,11.659777,Bajo
-0.627,96.0,0.1,10.1376915,Bajo
-0.527,96.0,0.0,7.342588,Bajo
-0.577,96.0,0.0,7.5170207,Bajo
-0.577,97.0,0.0,6.792466,Bajo
-0.427,97.0,0.0,6.9247384,Bajo
0.023000002,97.0,0.0,5.991594,Bajo
0.323,98.0,0.0,5.634891,Bajo
0.423,98.0,0.0,5.154415,Bajo
0.873,98.0,0.0,5.3517847,Bajo
1.023,98.0,0.0,5.154415,Bajo
0.823,99.0,0.0,5.00128,Bajo
0.673,99.0,0.0,4.6938257,Bajo
0.523,99.0,0.0,4.3349743,Bajo
0.473,99.0,0.0,4.3349743,Bajo
0.223,99.0,0.0,4.1046314,Bajo
0.073,99.0,0.0,3.4152596,Bajo
-0.127,99.0,0.0,3.219938,Bajo
-0.227,99.0,0.0,3.563818,Bajo
-0.32700002,98.0,0.0,3.219938,Bajo
-0.527,99.0,0.0,3.5455887,Bajo
-0.37699997,98.0,0.0,3.319036,Bajo
-0.527,98.0,0.0,3.8268526,Bajo
-0.677,98.0,0.0,3.8268526,Bajo
-0.577,98.0,0.0,4.8965297,Bajo
-0.477,99.0,0.0,5.154415,Bajo
-0.32700002,98.0,0.0,5.0142193,Bajo
-0.32700002,99.0,0.0,6.379216,Bajo
-0.17699999,98.0,0.0,7.2359104,Bajo
0.073,98.0,0.0,7.9526596,Bajo
0.373,97.0,0.0,8.707238,Bajo
1.173,96.0,0.0,9.779817,Bajo
1.573,95.0,0.0,11.726277,Bajo
1.623,94.0,0.0,10.630672,Bajo
2.023,93.0,0.0,9.693296,Bajo
2.1230001,94.0,0.0,8.669949,Bajo
1.723,96.0,0.0,7.771331,Bajo
1.823,96.0,0.0,7.9932976,Bajo
1.923,96.0,0.0,6.849467,Bajo
2.1230001,95.0,0.0,7.2359104,Bajo
1.973,96.0,0.0,7.928178,Bajo
1.823,97.0,0.9,6.12,Bajo
1.973,96.0,1.4,5.4119864,Bajo
1.723,96.0,0.3,5.2416787,Bajo
1.573,96.0,0.0,3.0758414,Bajo
1.673,97.0,0.0,4.8433046,Bajo
1.473,98.0,0.0,4.1046314,Bajo
1.373,98.0,0.0,4.198285,Bajo
1.473,98.0,0.0,4.2136917,Bajo
1.623,98.0,0.0,3.671294,Bajo
1.523,99.0,0.0,7.342588,Bajo
2.023,98.0,0.0,12.371645,Bajo
2.1230001,97.0,0.0,14.404499,Bajo
2.423,97.0,0.0,15.124284,Moderado
2.773,95.0,0.0,15.546833,Moderado
3.173,95.0,0.0,16.199999,Moderado
3.623,93.0,0.0,18.532133,Moderado
3.873,94.0,0.0,18.0036,Moderado
4.073,93.0,0.0,20.598795,Moderado
4.123,92.0,0.0,21.605999,Moderado
4.4230003,91.0,0.4,24.312662,Moderado
4.823,90.0,0.6,24.567198,Moderado
5.123,89.0,0.3,24.951921,Moderado
5.323,88.0,0.7,25.20257,Moderado
5.523,91.0,1.0,26.87491,Moderado
5.9230003,89.0,0.3,26.785547,Moderado
6.023,88.0,0.0,22.768396,Moderado
5.823,89.0,0.0,17.81909,Moderado
5.6730003,91.0,0.0,15.30741,Moderado
5.4729996,92.0,0.0,9.693296,Bajo
4.9729996,95.0,0.2,5.937272,Bajo
4.573,97.0,0.9,3.219938,Bajo
4.323,97.0,0.9,3.6,Bajo
4.073,94.0,1.1,8.891344,Bajo
3.823,94.0,0.4,12.9249525,Bajo
3.473,95.0,0.0,12.522619,Bajo
3.373,94.0,0.0,15.978484,Moderado
3.423,94.0,0.0,16.42247,Moderado
3.773,91.0,0.0,15.137133,Moderado
4.9230003,79.0,0.0,17.238699,Moderado
5.6730003,69.0,0.0,18.057508,Moderado
5.823,69.0,0.0,17.388409,Moderado
5.573,67.0,0.0,19.008545,Moderado
4.7229996,66.0,0.0,17.782686,Moderado
3.473,74.0,0.0,8.669949,Bajo
2.323,79.0,0.0,4.6938257,Bajo
1.073,85.0,0.0,6.9899354,Bajo
0.673,87.0,0.0,9.0,Bajo
1.073,84.0,0.0,11.177405,Bajo
1.373,84.0,0.0,12.397806,Bajo
2.473,80.0,0.0,15.408671,Moderado
3.973,73.0,0.0,17.786331,Moderado
4.873,71.0,0.0,20.523157,Moderado
5.4729996,72.0,0.3,25.006397,Moderado
5.523,71.0,0.0,24.84,Alto
5.1730003,73.0,0.0,22.065973,Moderado
4.523,76.0,0.0,16.595179,Moderado
3.823,79.0,0.0,5.506941,Bajo
3.573,78.0,0.0,4.1046314,Bajo
1.173,93.0,0.0,5.692099,Bajo
1.123,94.0,0.0,5.1544156,Bajo
1.223,94.0,0.3,2.0991426,Bajo
0.973,96.0,0.5,3.0547013,Bajo
1.073,96.0,0.2,3.219938,Bajo
1.423,96.0,0.0,3.5455887,Bajo
1.873,96.0,0.0,4.0249224,Bajo
1.973,94.0,0.0,3.6,Bajo
1.473,94.0,0.0,4.73506,Bajo
1.023,94.0,0.0,6.87779,Bajo
1.223,90.0,0.0,8.049845,Bajo
1.173,87.0,0.0,9.107359,Bajo
0.623,90.0,0.0,9.693296,Bajo
0.573,93.0,0.0,10.703569,Bajo
0.523,93.0,0.0,11.27553,Bajo
0.573,93.0,0.0,11.525623,Bajo
0.523,93.0,0.0,10.829959,Bajo
0.523,93.0,0.0,10.931203,Bajo
0.323,93.0,0.0,10.703569,Bajo
0.223,92.0,0.0,9.449572,Bajo
-0.07699999,93.0,0.0,7.172949,Bajo
-0.37699997,94.0,0.0,5.5887027,Bajo
-0.677,94.0,0.0,4.896529,Bajo
-0.877,94.0,0.0,4.510787,Bajo
-1.077,93.0,0.0,3.219938,Bajo
-0.977,90.0,0.0,2.5959969,Bajo
-0.727,88.0,0.0,1.8,Bajo
-0.427,87.0,0.0,2.9024127,Bajo
0.223,89.0,0.0,2.5455842,Bajo
1.273,86.0,0.0,2.0991426,Bajo
1.823,83.0,0.0,0.8049845,Bajo
1.823,83.0,0.0,2.3051248,Bajo
1.373,84.0,0.0,1.9386592,Bajo
0.823,84.0,0.0,1.835647,Bajo
0.17300001,86.0,0.0,2.16,Bajo
-0.277,87.0,0.0,2.0991426,Bajo
-2.227,97.0,0.0,0.5091169,Bajo
-2.577,97.0,0.0,2.5455842,Bajo
-3.177,97.0,0.0,2.52,Bajo
-3.277,95.0,0.0,2.8116899,Bajo
-3.077,94.0,0.0,3.0758414,Bajo
-3.027,94.0,0.0,2.9024127,Bajo
-3.627,99.0,0.0,3.671294,Bajo
-3.827,99.0,0.0,3.219938,Bajo
-4.177,100.0,0.0,2.5455842,Bajo
-4.2770004,99.0,0.0,2.0991426,Bajo
-4.377,99.0,0.0,3.0758414,Bajo
-4.7770004,100.0,0.0,3.4152596,Bajo
-5.0270004,100.0,0.0,2.9024127,Bajo
-5.0769997,100.0,0.0,2.1897945,Bajo
-5.0769997,100.0,0.0,2.3051248,Bajo
-4.477,100.0,0.0,3.6,Bajo
-3.227,96.0,0.0,3.0547013,Bajo
-1.927,91.0,0.0,2.968636,Bajo
-0.477,94.0,0.0,2.9024127,Bajo
-0.17699999,92.0,0.0,3.319036,Bajo
-0.627,92.0,0.0,3.319036,Bajo
-1.177,93.0,0.0,3.6179552,Bajo
-1.527,95.0,0.0,3.319036,Bajo
-1.927,96.0,0.0,3.7585104,Bajo
-2.877,98.0,0.0,4.0249224,Bajo
-3.227,99.0,0.0,4.0249224,Bajo
-3.377,100.0,0.0,3.7585104,Bajo
-3.277,99.0,0.0,4.0249224,Bajo
-3.427,100.0,0.0,4.379589,Bajo
-3.727,99.0,0.0,4.0249224,Bajo
-3.477,99.0,0.0,5.0911684,Bajo
-3.827,99.0,0.0,5.0528407,Bajo
-4.177,100.0,0.0,4.3349743,Bajo
-4.377,100.0,0.0,4.6938252,Bajo
-4.477,100.0,0.0,4.6938252,Bajo
-4.5769997,99.0,0.0,5.3999996,Bajo
-4.8269997,99.0,0.0,5.4119864,Bajo
-4.8269997,99.0,0.0,5.3999996,Bajo
-4.377,99.0,0.0,5.8048253,Bajo
-2.777,95.0,0.0,6.130579,Bajo
-0.627,90.0,0.0,7.2,Bajo
1.123,85.0,0.0,9.746631,Bajo
1.473,87.0,0.0,11.165805,Bajo
1.373,87.0,0.0,11.165805,Bajo
0.973,87.0,0.0,10.8955765,Bajo
0.423,85.0,0.0,10.8955765,Bajo
-0.02700001,85.0,0.0,10.8955765,Bajo
-0.02700001,85.0,0.0,9.826088,Bajo
0.17300001,88.0,0.0,10.308831,Bajo
0.223,88.0,0.0,9.422101,Bajo
0.073,87.0,0.0,9.007196,Bajo
-0.17699999,88.0,0.0,9.0,Bajo
-0.277,89.0,0.0,8.350138,Bajo
-0.37699997,90.0,0.0,6.924738,Bajo
-0.92700005,92.0,0.0,5.4119864,Bajo
-1.177,92.0,0.0,4.73506,Bajo
-1.627,93.0,0.0,3.8939953,Bajo
-2.127,94.0,0.0,3.7064266,Bajo
-2.677,95.0,0.0,3.8773184,Bajo
-3.177,96.0,0.0,3.8773184,Bajo
-3.227,91.0,0.0,2.52,Bajo
-4.0270004,94.0,0.0,2.968636,Bajo
-4.477,95.0,0.0,3.219938,Bajo
-3.577,94.0,0.0,3.2599385,Bajo
-1.927,90.0,0.0,3.96,Bajo
-0.577,88.0,0.0,3.9763298,Bajo
0.373,82.0,0.0,5.506941,Bajo
0.623,82.0,0.0,6.2145634,Bajo
0.373,82.0,0.0,6.87779,Bajo
-0.627,84.0,0.0,6.4799995,Bajo
-1.527,85.0,0.0,6.130579,Bajo
-2.227,86.0,0.0,5.506941,Bajo
-3.027,89.0,0.0,5.4119864,Bajo
-3.477,89.0,0.0,4.68,Bajo
-3.877,90.0,0.0,3.96,Bajo
-4.2770004,91.0,0.0,3.6179552,Bajo
-4.627,92.0,0.0,3.96,Bajo
-4.8269997,92.0,0.0,4.6938252,Bajo
-4.727,91.0,0.0,5.506941,Bajo
-4.477,90.0,0.0,5.4477882,Bajo
-4.427,89.0,0.0,4.73506,Bajo
-4.427,89.0,0.0,5.04,Bajo
-4.427,90.0,0.0,5.4477882,Bajo
-4.2770004,90.0,0.0,5.3999996,Bajo
-4.5769997,89.0,0.0,5.771239,Bajo
-4.477,89.0,0.0,5.4119864,Bajo
-3.9269998,90.0,0.0,5.1544156,Bajo
-3.027,90.0,0.0,5.0911684,Bajo
-2.027,90.0,0.0,4.73506,Bajo
-1.077,90.0,0.0,4.3349743,Bajo
0.223,87.0,0.0,4.6938252,Bajo
0.423,88.0,0.0,4.452954,Bajo
0.023000002,89.0,0.0,4.1046314,Bajo
-0.92700005,89.0,0.0,4.1046314,Bajo
-1.8269999,90.0,0.0,3.9763298,Bajo
-2.577,91.0,0.0,3.7585104,Bajo
-3.277,90.0,0.0,3.671294,Bajo
-3.977,93.0,0.0,3.0758414,Bajo
-4.727,95.0,0.0,2.8116899,Bajo
-5.427,98.0,0.0,3.096837,Bajo
-5.427,97.0,0.0,2.9024127,Bajo
-5.377,96.0,0.0,3.0758414,Bajo
-5.2770004,93.0,0.0,5.0911684,Bajo
-5.5270004,93.0,0.0,5.1544156,Bajo
-5.727,93.0,0.0,4.5536795,Bajo
-5.927,93.0,0.0,4.802999,Bajo
-6.0270004,93.0,0.0,4.73506,Bajo
-6.127,94.0,0.0,5.0528407,Bajo
-6.2770004,93.0,0.0,5.0911684,Bajo
-6.177,93.0,0.0,5.0911684,Bajo
-5.727,93.0,0.0,5.1544156,Bajo
-4.427,93.0,0.0,5.0911684,Bajo
-2.527,92.0,0.0,5.4477882,Bajo
-0.827,91.0,0.0,5.771239,Bajo
0.122999996,89.0,0.0,5.4119864,Bajo
0.423,91.0,0.0,5.2416787,Bajo
0.323,92.0,0.0,4.5536795,Bajo
-0.127,92.0,0.0,4.3498964,Bajo
-0.627,93.0,0.0,3.8939953,Bajo
-1.077,94.0,0.0,3.8773184,Bajo
-1.577,95.0,0.0,4.2136917,Bajo
-1.527,95.0,0.0,4.0249224,Bajo
-1.527,95.0,0.0,3.5455887,Bajo
-1.427,94.0,0.0,3.0758414,Bajo
-1.527,94.0,0.0,2.5959969,Bajo
-1.727,95.0,0.0,2.7416782,Bajo
-3.027,98.0,0.0,3.671294,Bajo
-3.7770002,98.0,0.0,3.96,Bajo
-3.977,98.0,0.0,4.1046314,Bajo
-4.377,98.0,0.0,4.0249224,Bajo
-4.8269997,98.0,0.0,3.6,Bajo
-4.877,97.0,0.0,3.9763298,Bajo
-5.8269997,96.0,0.0,5.4477882,Bajo
-5.727,95.0,0.0,4.6938252,Bajo
-5.5270004,95.0,0.0,4.68,Bajo
-4.5270004,94.0,0.0,3.671294,Bajo
-3.077,93.0,0.0,3.9763298,Bajo
-1.777,93.0,0.0,3.6179552,Bajo
-0.877,91.0,0.0,3.9763298,Bajo
-0.577,92.0,0.0,3.2399998,Bajo
-0.877,92.0,0.0,2.9024127,Bajo
-1.577,93.0,0.0,2.968636,Bajo
-2.327,95.0,0.0,3.0758414,Bajo
-3.027,96.0,0.0,2.968636,Bajo
-3.027,95.0,0.0,3.6179552,Bajo
-3.227,96.0,0.0,3.2399998,Bajo
-3.327,96.0,0.0,2.6208394,Bajo
-3.477,96.0,0.0,2.5959969,Bajo
-3.727,97.0,0.0,2.3051248,Bajo
-4.0769997,97.0,0.0,1.8,Bajo
-4.377,97.0,0.0,2.3051248,Bajo
-4.927,98.0,0.0,2.0991426,Bajo
-5.2770004,98.0,0.0,2.0364676,Bajo
-5.7770004,98.0,0.0,2.5455842,Bajo
-6.377,98.0,0.0,2.9024127,Bajo
-6.927,98.0,0.0,2.7416782,Bajo
-7.2770004,95.0,0.0,3.2399998,Bajo
-7.3269997,94.0,0.0,3.319036,Bajo
-7.127,94.0,0.0,3.219938,Bajo
-6.127,94.0,0.0,2.5959969,Bajo
-4.477,93.0,0.0,2.0364676,Bajo
-2.877,93.0,0.0,1.2979984,Bajo
-1.677,93.0,0.0,1.609969,Bajo
-1.227,93.0,0.0,2.0364676,Bajo
-1.477,92.0,0.0,1.8,Bajo
-1.927,92.0,0.0,1.9386592,Bajo
-2.477,92.0,0.0,1.8,Bajo
-2.977,93.0,0.0,1.9386592,Bajo
-2.777,92.0,0.0,0.8049845,Bajo
-3.077,92.0,0.0,1.2979984,Bajo
-3.427,93.0,0.0,2.0991426,Bajo
-4.0270004,94.0,0.0,2.2768397,Bajo
-4.5270004,94.0,0.0,2.1897945,Bajo
-5.0270004,94.0,0.0,2.52,Bajo
-5.477,94.0,0.0,2.7416782,Bajo
-5.627,94.0,0.0,2.3051248,Bajo
-5.5270004,94.0,0.0,1.8,Bajo
-5.227,93.0,0.0,1.8,Bajo
-4.677,92.0,0.0,2.3051248,Bajo
-4.177,91.0,0.0,3.396233,Bajo
-3.477,92.0,0.0,2.6208394,Bajo
-3.477,92.0,0.0,4.3349743,Bajo
-3.277,93.0,0.0,3.319036,Bajo
-2.677,93.0,0.0,4.0249224,Bajo
-1.977,93.0,0.0,4.452954,Bajo
-1.277,92.0,0.0,6.0347,Bajo
-0.92700005,89.0,0.1,5.937272,Bajo
-0.727,90.0,0.1,6.28713,Bajo
-0.827,92.0,0.1,5.0528407,Bajo
-1.327,94.0,0.0,5.2416787,Bajo
-1.727,95.0,0.0,5.634891,Bajo
-1.8770001,95.0,0.0,5.00128,Bajo
-1.727,95.0,0.0,6.151683,Bajo
-1.527,94.0,0.0,6.379216,Bajo
-1.427,94.0,0.0,5.6920996,Bajo
-1.427,93.0,0.0,5.04,Bajo
-1.327,92.0,0.0,4.0249224,Bajo
-1.427,94.0,0.0,4.3498964,Bajo
-1.227,96.0,0.0,4.8965297,Bajo
-1.227,97.0,0.1,5.1919937,Bajo
-1.177,97.0,0.0,5.00128,Bajo
-1.127,97.0,0.0,4.3498964,Bajo
-1.077,97.0,0.0,4.896529,Bajo
-0.92700005,96.0,0.0,4.0249224,Bajo
-0.727,92.0,0.0,5.8048253,Bajo
-0.677,92.0,0.0,5.0528407,Bajo
-0.527,93.0,0.1,3.9763298,Bajo
-0.477,95.0,0.2,2.7416782,Bajo
-0.37699997,96.0,0.1,2.2768397,Bajo
-0.37699997,97.0,0.0,1.5273507,Bajo
-0.02700001,98.0,0.1,1.2979984,Bajo
-0.02700001,99.0,0.1,3.4152596,Bajo
-0.17699999,98.0,0.0,2.0991426,Bajo
-0.627,98.0,0.0,1.8,Bajo
-1.177,100.0,0.0,1.484318,Bajo
-1.627,100.0,0.0,2.2768397,Bajo
-3.377,100.0,0.0,2.4149535,Bajo
-3.377,100.0,0.0,2.8116899,Bajo
-3.477,100.0,0.0,2.5959969,Bajo
-3.9269998,100.0,0.0,2.2768397,Bajo
-4.127,100.0,0.0,1.9386592,Bajo
-4.0270004,100.0,0.0,1.8,Bajo
-3.127,100.0,0.0,2.0991426,Bajo
-3.177,100.0,0.0,1.0182338,Bajo
-3.127,100.0,0.0,0.5091169,Bajo
-3.027,100.0,0.0,1.1384199,Bajo
-2.927,100.0,0.0,1.8,Bajo
-2.927,100.0,0.0,2.1897945,Bajo
-3.277,100.0,0.0,1.2979984,Bajo
-3.377,100.0,0.0,0.0,Bajo
-3.377,100.0,0.0,0.8049845,Bajo
-3.277,100.0,0.0,1.08,Bajo
-3.077,100.0,0.0,0.5091169,Bajo
-2.827,100.0,0.0,0.35999998,Bajo
-2.577,100.0,0.0,2.5455842,Bajo
-2.377,99.0,0.0,3.671294,Bajo
-2.377,99.0,0.0,5.5887027,Bajo
-2.477,100.0,0.0,5.0911684,Bajo
-2.527,100.0,0.0,4.379589,Bajo
-2.627,100.0,0.0,3.5455887,Bajo
-3.327,100.0,0.0,4.0249224,Bajo
-3.377,100.0,0.0,4.32,Bajo
-3.377,100.0,0.0,4.379589,Bajo
-3.227,99.0,0.0,3.6,Bajo
-3.127,99.0,0.0,3.7064266,Bajo
-3.077,98.0,0.0,3.7064266,Bajo
-3.377,98.0,0.0,3.6179552,Bajo
-3.327,98.0,0.0,3.219938,Bajo
-3.277,97.0,0.2,1.835647,Bajo
-3.477,96.0,0.1,3.0758414,Bajo
-3.877,95.0,0.0,4.32,Bajo
-4.177,94.0,0.0,6.5693827,Bajo
-3.9269998,97.0,0.0,7.072878,Bajo
-3.577,96.0,0.0,9.47012,Bajo
-2.327,92.0,0.1,11.659777,Bajo
-1.127,90.0,0.0,14.154915,Moderado
-0.127,83.0,0.0,17.163355,Moderado
0.473,80.0,0.0,19.493261,Moderado
0.823,78.0,0.0,23.444265,Moderado
0.723,76.0,0.0,23.0653,Moderado
0.223,76.0,0.0,20.5484,Moderado
-0.727,79.0,0.0,18.374111,Moderado
-1.577,83.0,0.0,17.015474,Moderado
-2.127,86.0,0.0,16.263872,Moderado
-2.627,89.0,0.0,16.700275,Moderado
-2.777,89.0,0.0,16.09969,Moderado
-3.027,90.0,0.0,14.973576,Moderado
-2.877,89.0,0.0,13.441071,Bajo
-2.677,88.0,0.0,13.849476,Moderado
-2.527,89.0,0.0,14.154915,Moderado
-2.227,91.0,0.0,13.779114,Bajo
-2.077,94.0,0.0,13.570615,Bajo
-1.727,94.0,0.0,13.32,Bajo
-1.477,94.0,0.0,14.145756,Bajo
-1.177,93.0,0.0,14.332341,Bajo
-0.827,92.0,0.0,13.441071,Bajo
-0.92700005,93.0,0.0,12.224107,Bajo
-0.677,92.0,0.0,12.496719,Bajo
-0.32700002,92.0,0.0,13.493999,Bajo
0.373,92.0,0.0,14.973576,Moderado
1.023,92.0,0.0,17.377226,Moderado
1.523,93.0,0.0,19.483284,Moderado
2.373,90.0,0.0,16.055353,Moderado
2.423,89.0,0.0,18.556595,Moderado
2.373,88.0,0.0,18.59845,Moderado
1.923,88.0,0.0,17.026896,Moderado
1.773,90.0,0.0,18.0,Moderado
1.723,89.0,0.0,17.654686,Moderado
1.423,90.0,0.0,14.241629,Moderado
1.473,90.0,0.0,15.141414,Moderado
1.473,90.0,0.0,15.716793,Moderado
1.523,90.0,0.0,15.716793,Moderado
1.523,90.0,0.0,16.055353,Moderado
1.523,90.0,0.0,16.965895,Moderado
1.473,90.0,0.0,17.31746,Moderado
1.473,91.0,0.0,17.418196,Moderado
1.523,92.0,0.0,18.0,Moderado
1.673,91.0,0.0,18.35647,Moderado
1.573,91.0,0.0,17.114204,Moderado
1.423,91.0,0.0,17.208603,Moderado
1.223,91.0,0.0,17.076298,Moderado
1.423,89.0,0.0,18.792551,Moderado
1.823,87.0,0.0,21.2522,Moderado
2.423,83.0,0.0,21.188072,Moderado
2.873,79.0,0.0,22.027763,Moderado
3.373,78.0,0.0,24.64094,Moderado
4.1730003,76.0,0.0,24.288662,Moderado
4.123,74.0,0.0,23.73271,Moderado
3.723,76.0,0.0,21.38897,Moderado
2.823,84.0,0.0,18.448023,Moderado
2.473,89.0,0.0,18.455048,Moderado
2.523,85.0,0.0,19.586117,Moderado
2.1729999,86.0,0.0,19.809813,Moderado
2.273,84.0,0.0,20.833395,Moderado
2.523,79.0,0.0,23.233253,Moderado
2.523,79.0,0.0,22.530937,Moderado
2.573,80.0,0.0,23.664352,Moderado
2.523,81.0,0.0,22.963936,Moderado
2.1230001,85.0,0.0,21.288757,Moderado
2.223,85.0,0.0,22.104116,Moderado
2.1230001,86.0,0.0,21.41319,Moderado
2.1230001,86.0,0.0,20.620806,Moderado
2.073,86.0,0.0,19.809813,Moderado
1.923,88.0,0.0,19.386593,Moderado
1.823,86.0,0.0,20.056877,Moderado
1.873,87.0,0.0,19.66536,Moderado
2.1230001,85.0,0.0,19.008547,Moderado
2.673,80.0,0.0,19.164717,Moderado
3.323,77.0,0.0,20.94507,Moderado
3.773,75.0,0.0,21.413193,Moderado
4.073,73.0,0.0,21.194187,Moderado
3.773,77.0,0.0,20.188908,Moderado
3.373,78.0,0.0,18.532133,Moderado
2.473,83.0,0.0,15.807239,Moderado
1.873,86.0,0.0,13.896187,Moderado
1.623,86.0,0.0,13.044722,Moderado
1.323,87.0,0.0,11.525623,Bajo
1.273,87.0,0.0,10.883676,Bajo
1.323,87.0,0.0,9.339208,Bajo
1.273,87.0,0.0,7.5170207,Bajo
0.973,89.0,0.0,5.4477882,Bajo
0.773,90.0,0.0,4.829907,Bajo
0.17300001,92.0,0.0,2.7416782,Bajo
0.073,92.0,0.0,1.9386592,Bajo
0.17300001,91.0,0.0,0.35999998,Bajo
-0.17699999,92.0,0.0,3.2599385,Bajo
-0.677,94.0,0.0,1.835647,Bajo
-0.877,95.0,0.0,2.6208394,Bajo
-1.327,96.0,0.0,2.968636,Bajo
-1.927,97.0,0.0,3.096837,Bajo
-2.027,98.0,0.0,3.396233,Bajo
-1.177,95.0,0.0,2.3051248,Bajo
-0.02700001,92.0,0.0,1.9386592,Bajo
0.673,87.0,0.0,2.5455842,Bajo
1.423,84.0,0.0,2.7416782,Bajo
1.423,84.0,0.0,1.484318,Bajo
1.073,88.0,0.0,1.2979984,Bajo
0.473,89.0,0.0,1.2979984,Bajo
0.17300001,90.0,0.0,2.1897945,Bajo
-0.32700002,92.0,0.0,2.3051248,Bajo
-0.577,96.0,0.0,1.8,Bajo
-0.527,94.0,0.0,1.835647,Bajo
-0.577,92.0,0.0,2.968636,Bajo
-0.677,91.0,0.0,4.32,Bajo
-0.427,89.0,0.1,5.771239,Bajo
-0.527,91.0,0.1,5.771239,Bajo
-1.077,96.0,0.1,6.489992,Bajo
-1.027,96.0,0.0,7.2,Bajo
-1.127,96.0,0.0,7.9526596,Bajo
-1.177,96.0,0.0,8.311245,Bajo
-1.227,96.0,0.0,7.928178,Bajo
-0.977,95.0,0.0,7.5942073,Bajo
-0.677,94.0,0.0,6.87779,Bajo
-1.127,95.0,0.0,4.802999,Bajo
-0.92700005,95.0,0.0,2.968636,Bajo
-0.477,94.0,0.0,0.35999998,Bajo
-0.277,96.0,0.1,1.8,Bajo
-0.02700001,98.0,0.5,2.968636,Bajo
0.023000002,98.0,0.6,4.3349743,Bajo
0.473,93.0,0.5,7.8954163,Bajo
0.073,96.0,0.3,7.754637,Bajo
-0.32700002,96.0,0.3,9.0645685,Bajo
-0.727,93.0,0.3,11.212135,Bajo
-1.027,91.0,0.2,10.799999,Bajo
-1.277,92.0,0.1,8.669949,Bajo
-1.777,92.0,0.1,7.9526596,Bajo
-1.927,92.0,0.0,7.5599995,Bajo
-2.177,90.0,0.0,5.771239,Bajo
-2.627,87.0,0.0,4.2136917,Bajo
-2.977,85.0,0.0,4.510787,Bajo
-3.027,85.0,0.0,5.04,Bajo
-3.477,84.0,0.0,4.379589,Bajo
-3.7770002,85.0,0.0,3.9763298,Bajo
-4.0270004,85.0,0.0,3.0758414,Bajo
-4.5270004,85.0,0.0,2.7416782,Bajo
-5.127,86.0,0.0,3.096837,Bajo
-4.877,88.0,0.0,3.2599385,Bajo
-5.727,90.0,0.0,2.5455842,Bajo
-5.7770004,92.0,0.0,2.5455842,Bajo
-4.627,91.0,0.0,2.9024127,Bajo
-2.877,89.0,0.0,2.9024127,Bajo
-1.977,79.0,0.0,3.671294,Bajo
-1.627,74.0,0.0,5.4477882,Bajo
-1.727,78.0,0.0,5.1544156,Bajo
-2.577,84.0,0.0,4.452954,Bajo
-4.0769997,88.0,0.0,4.0249224,Bajo
-4.877,89.0,0.0,3.9763298,Bajo
-5.627,89.0,0.0,3.96,Bajo
-6.427,89.0,0.0,4.6938252,Bajo
-7.0270004,89.0,0.0,4.6938252,Bajo
-7.477,89.0,0.0,4.73506,Bajo
-7.8270006,88.0,0.0,5.0528407,Bajo
-8.127,88.0,0.0,5.3999996,Bajo
-8.377,88.0,0.0,5.4119864,Bajo
-8.577001,87.0,0.0,6.130579,Bajo
-8.627,87.0,0.0,5.8048253,Bajo
-8.777,87.0,0.0,5.771239,Bajo
-8.977,87.0,0.0,5.771239,Bajo
-9.127,87.0,0.0,5.8048253,Bajo
-9.277,88.0,0.0,5.506941,Bajo
-9.227,89.0,0.0,4.379589,Bajo
-9.427,89.0,0.0,4.379589,Bajo
-8.727,89.0,0.0,3.7585104,Bajo
-6.8269997,87.0,0.0,3.0758414,Bajo
-4.627,87.0,0.0,3.0758414,Bajo
-3.127,84.0,0.0,3.4152596,Bajo
-2.177,87.0,0.0,4.6938252,Bajo
-1.8269999,90.0,0.0,3.6,Bajo
-2.227,92.0,0.0,3.2399998,Bajo
-3.177,93.0,0.0,3.319036,Bajo
-4.177,93.0,0.0,3.7585104,Bajo
-5.0769997,94.0,0.0,3.7064266,Bajo
-6.177,94.0,0.0,3.8773184,Bajo
-7.0270004,94.0,0.0,3.7064266,Bajo
-7.677,93.0,0.0,3.6,Bajo
-8.227,92.0,0.0,3.396233,Bajo
-8.577001,92.0,0.0,3.5455887,Bajo
-8.927,91.0,0.0,4.0249224,Bajo
-9.077001,92.0,0.0,4.452954,Bajo
-9.327001,92.0,0.0,4.1046314,Bajo
-9.477,91.0,0.0,4.1046314,Bajo
-9.627,91.0,0.0,4.1046314,Bajo
-9.777,90.0,0.0,4.1046314,Bajo
-9.877,90.0,0.0,4.452954,Bajo
-10.127,89.0,0.0,5.0528407,Bajo
-10.077001,89.0,0.0,4.896529,Bajo
-9.077001,89.0,0.0,5.154415,Bajo
-6.877,88.0,0.0,5.3517847,Bajo
-4.2770004,88.0,0.0,6.2145634,Bajo
-2.027,86.0,0.0,6.9899354,Bajo
-1.127,87.0,0.0,6.924738,Bajo
-0.827,90.0,0.0,6.489992,Bajo
-1.377,93.0,0.0,5.4119864,Bajo
-2.577,93.0,0.0,3.9763298,Bajo
-3.627,93.0,0.0,3.2599385,Bajo
-4.5769997,94.0,0.0,2.6208394,Bajo
-5.727,95.0,0.0,3.319036,Bajo
-6.5270004,95.0,0.0,3.4152596,Bajo
-7.177,95.0,0.0,3.096837,Bajo
-7.7770004,94.0,0.0,3.396233,Bajo
-8.227,94.0,0.0,3.396233,Bajo
-8.677,93.0,0.0,3.396233,Bajo
-9.277,93.0,0.0,3.219938,Bajo
-9.727,93.0,0.0,3.219938,Bajo
-10.027,93.0,0.0,3.096837,Bajo
-10.227,92.0,0.0,3.319036,Bajo
-10.427,92.0,0.0,3.096837,Bajo
-10.627,91.0,0.0,2.8116899,Bajo
-10.677,92.0,0.0,3.319036,Bajo
-10.727,91.0,0.0,2.9024127,Bajo
-9.777,91.0,0.0,3.0547013,Bajo
-8.127,90.0,0.0,2.3051248,Bajo
-6.3269997,89.0,0.0,1.609969,Bajo
-5.227,89.0,0.0,1.609969,Bajo
-4.2770004,91.0,0.0,1.0182338,Bajo
-3.7770002,92.0,0.0,0.71999997,Bajo
-3.9269998,94.0,0.0,1.2979984,Bajo
-4.5270004,94.0,0.0,2.52,Bajo
-5.177,95.0,0.0,2.6208394,Bajo
-5.427,95.0,0.0,2.0991426,Bajo
-6.477,95.0,0.0,3.8773184,Bajo
-6.877,94.0,0.0,4.2136917,Bajo
-7.127,93.0,0.0,3.4152596,Bajo
-7.227,93.0,0.0,3.319036,Bajo
-7.427,92.0,0.0,4.3349743,Bajo
-6.8269997,92.0,0.0,3.671294,Bajo
-5.977,92.0,0.0,3.319036,Bajo
-5.7770004,92.0,0.0,2.7416782,Bajo
-5.7770004,92.0,0.0,2.4149535,Bajo
-6.177,92.0,0.0,3.5455887,Bajo
-6.5769997,92.0,0.0,4.3498964,Bajo
-7.127,92.0,0.0,4.6800003,Bajo
-6.927,93.0,0.0,6.379216,Bajo
-7.2770004,92.0,0.0,7.42159,Bajo
-6.177,92.0,0.0,7.771331,Bajo
-4.227,90.0,0.0,9.028754,Bajo
-2.677,86.0,0.0,10.440001,Bajo
-1.577,87.0,0.0,11.542478,Bajo
-0.877,86.0,0.0,11.901798,Bajo
-0.627,87.0,0.0,11.901798,Bajo
-0.977,88.0,0.0,11.885453,Bajo
-1.677,89.0,0.0,10.495713,Bajo
-2.127,89.0,0.0,10.041354,Bajo
-2.127,89.0,0.0,12.224107,Bajo
-2.177,88.0,0.0,14.145756,Moderado
-2.277,89.0,0.0,14.05845,Moderado
-2.277,91.0,0.0,14.205182,Moderado
-2.227,92.0,0.0,14.05845,Bajo
-2.127,90.0,0.0,12.605142,Bajo
-2.127,88.0,0.0,12.261158,Bajo
-2.377,89.0,0.0,12.287555,Bajo
-2.477,89.0,0.0,11.879999,Bajo
-2.477,88.0,0.0,11.5199995,Bajo
-2.827,86.0,0.0,11.183201,Bajo
-3.077,85.0,0.0,10.853866,Bajo
-3.377,85.0,0.0,10.538843,Bajo
-4.0270004,89.0,0.0,9.605998,Bajo
-4.127,89.0,0.0,9.255571,Bajo
-3.127,88.0,0.0,10.594036,Bajo
-1.977,88.0,0.0,12.7279215,Bajo
-0.877,88.0,0.0,14.440443,Moderado
0.023000002,88.0,0.0,16.23596,Moderado
0.623,84.0,0.0,16.299694,Moderado
0.673,83.0,0.0,15.941944,Moderado
0.423,83.0,0.0,13.849476,Moderado
-0.627,86.0,0.0,11.609651,Bajo
-1.327,86.0,0.0,10.823973,Bajo
-1.927,88.0,0.0,10.495713,Bajo
-2.327,90.0,0.0,10.948973,Bajo
-2.727,90.0,0.0,9.178235,Bajo
-3.277,90.0,0.0,7.9526596,Bajo
-3.7770002,91.0,0.0,6.87779,Bajo
-4.227,91.0,0.0,6.849467,Bajo
-4.5769997,91.0,0.0,6.489992,Bajo
-4.877,91.0,0.0,6.5693827,Bajo
-5.177,91.0,0.0,6.162207,Bajo
-5.427,90.0,0.0,6.519877,Bajo
-5.627,90.0,0.0,6.519877,Bajo
-5.7770004,90.0,0.0,6.87779,Bajo
-5.8269997,90.0,0.0,6.87779,Bajo
-5.7770004,90.0,0.0,7.6367526,Bajo
-5.477,89.0,0.0,7.6367526,Bajo
-4.427,88.0,0.0,7.6367526,Bajo
-2.277,87.0,0.0,8.473393,Bajo
-0.627,87.0,0.0,11.090103,Bajo
0.423,88.0,0.0,12.9249525,Bajo
0.923,85.0,0.0,15.39184,Moderado
1.073,83.0,0.0,15.542662,Moderado
0.723,85.0,0.0,13.661038,Moderado
-0.127,87.0,0.0,11.631956,Bajo
-0.877,88.0,0.0,9.178235,Bajo
-1.277,89.0,0.0,7.9036193,Bajo
-1.677,89.0,0.0,6.792466,Bajo
-1.927,89.0,0.0,5.315336,Bajo
-2.627,89.0,0.0,3.6,Bajo
-3.077,89.0,0.0,1.609969,Bajo
-3.527,89.0,0.0,1.609969,Bajo
-4.3269997,91.0,0.0,1.8,Bajo
-5.5270004,95.0,0.0,4.1046314,Bajo
-6.477,94.0,0.0,4.829907,Bajo
-6.5270004,92.0,0.0,5.00128,Bajo
-6.377,91.0,0.0,6.297428,Bajo
-5.8269997,89.0,0.0,7.5685663,Bajo
-5.177,84.0,0.0,10.144082,Bajo
-4.677,84.0,0.0,9.885262,Bajo
-3.827,89.0,0.0,10.233123,Bajo
-3.177,94.0,0.2,9.885262,Bajo
-2.477,96.0,1.6,9.449572,Bajo
-1.477,96.0,1.6,9.422101,Bajo
-0.37699997,97.0,0.7,6.12,Bajo
-0.477,96.0,0.1,4.3349743,Bajo
-0.37699997,96.0,0.0,4.1046314,Bajo
-0.677,97.0,0.0,3.096837,Bajo
-1.777,98.0,0.0,3.6,Bajo
-2.327,99.0,0.0,1.8,Bajo
-1.927,98.0,0.0,1.8,Bajo
-1.177,95.0,0.0,4.0249224,Bajo
-0.577,94.0,0.0,1.4399999,Bajo
0.17300001,93.0,0.0,2.52,Bajo
1.373,90.0,0.1,4.5536795,Bajo
2.1729999,88.0,0.1,6.6185193,Bajo
2.873,85.0,0.1,9.83268,Bajo
3.023,83.0,0.2,9.504272,Bajo
3.073,85.0,0.1,11.090103,Bajo
3.173,85.0,0.1,11.480557,Bajo
3.123,86.0,0.1,10.195057,Bajo
2.973,87.0,0.0,8.78872,Bajo
2.973,87.0,0.1,8.707237,Bajo
3.423,83.0,0.1,4.73506,Bajo
3.473,82.0,0.1,6.28713,Bajo
3.723,81.0,0.0,7.7043357,Bajo
3.923,82.0,0.0,10.233123,Bajo
4.373,84.0,0.0,12.074766,Bajo
4.873,85.0,0.0,13.207634,Moderado
5.573,85.0,0.0,17.447933,Moderado
5.4230003,88.0,0.0,19.011953,Moderado
4.873,91.0,0.0,18.175545,Moderado
3.873,92.0,0.0,18.391735,Moderado
3.223,83.0,0.0,17.58481,Moderado
2.1230001,78.0,0.1,15.328561,Moderado
1.473,80.0,0.0,19.559633,Moderado
1.173,79.0,0.0,24.448214,Moderado
0.723,75.0,0.0,25.772078,Alto
0.223,68.0,0.0,24.993439,Alto
-0.17699999,68.0,0.0,23.441502,Moderado
-0.527,66.0,0.0,20.240196,Moderado
-1.477,70.0,0.0,18.0036,Moderado
-1.8770001,74.0,0.0,17.313717,Moderado
-2.127,78.0,0.0,15.158522,Moderado
-2.427,80.0,0.0,14.471821,Moderado
-2.677,82.0,0.0,14.205182,Moderado
-2.727,82.0,0.0,15.683776,Moderado
-2.877,81.0,0.0,14.869351,Moderado
-2.977,81.0,0.0,14.471821,Moderado
-2.277,78.0,0.0,15.273505,Moderado
-0.977,74.0,0.0,17.227419,Moderado
0.423,70.0,0.0,21.349546,Moderado
1.223,65.0,0.0,23.411074,Alto
1.623,66.0,0.0,25.199999,Alto
1.673,69.0,0.0,25.942488,Alto
1.323,73.0,0.0,25.364037,Alto
1.073,77.0,0.0,24.74329,Moderado
1.123,78.0,0.0,26.079508,Alto
1.173,78.0,0.0,26.932714,Alto
1.123,81.0,0.0,27.51116,Alto
1.123,81.0,0.0,27.475807,Alto
1.073,80.0,0.0,26.400545,Alto
1.023,82.0,0.0,25.40743,Moderado
1.023,83.0,0.0,25.050413,Moderado
0.923,83.0,0.0,23.535301,Moderado
0.373,85.0,0.0,20.617662,Moderado
0.17300001,89.0,0.0,19.930477,Moderado
0.17300001,90.0,0.0,19.469975,Moderado
0.223,90.0,0.0,17.31746,Moderado
0.17300001,90.0,0.0,14.658676,Moderado
-0.17699999,92.0,0.0,11.592894,Bajo
0.023000002,91.0,0.0,7.42159,Bajo
-0.127,91.0,0.0,6.489992,Bajo
-0.17699999,91.0,0.0,2.52,Bajo
-0.07699999,91.0,0.0,4.198285,Bajo
0.673,86.0,0.0,6.489992,Bajo
1.023,82.0,0.0,10.163227,Bajo
0.823,81.0,0.0,13.797913,Moderado
0.523,84.0,0.0,16.575644,Moderado
0.523,91.0,0.2,18.532133,Bajo
0.323,95.0,1.3,21.218632,Bajo
0.473,95.0,1.3,22.728518,Moderado
0.473,95.0,1.0,20.140705,Bajo
0.623,95.0,0.4,19.803272,Bajo
0.573,96.0,0.4,15.629971,Bajo
0.523,97.0,0.2,11.212135,Bajo
0.473,98.0,0.0,6.792466,Bajo
0.573,98.0,0.0,6.696387,Bajo
0.523,98.0,0.0,4.8433046,Bajo
0.473,98.0,0.0,4.6102495,Bajo
0.373,98.0,0.0,4.3349743,Bajo
0.423,97.0,0.0,5.6920996,Bajo
0.423,96.0,0.0,9.3876505,Bajo
0.17300001,95.0,0.0,15.188415,Moderado
0.223,91.0,0.0,20.774214,Moderado
0.773,94.0,0.0,27.595823,Moderado
1.273,91.0,0.0,33.487743,Alto
1.623,86.0,0.0,35.66908,Alto
1.873,82.0,0.0,35.287346,Alto
2.273,79.0,0.0,32.809414,Alto
2.473,78.0,0.0,30.05515,Alto
2.773,78.0,0.0,28.036118,Alto
2.723,78.0,0.0,28.930204,Alto
2.1230001,83.0,0.0,26.183659,Moderado
1.273,86.0,0.0,24.923338,Moderado
0.823,84.0,0.0,25.721743,Moderado
0.323,79.0,0.0,30.703587,Alto
0.423,74.0,0.0,30.293522,Alto
-0.277,76.0,0.0,29.88217,Alto
-0.92700005,76.0,0.0,29.888672,Alto
-1.477,75.0,0.0,31.32207,Alto
-1.8269999,75.0,0.0,31.712711,Alto
-2.077,75.0,0.0,30.293522,Alto
-2.277,80.0,0.0,24.288662,Moderado
-2.327,80.0,0.0,23.051247,Moderado
-2.477,82.0,0.0,20.545246,Moderado
-2.727,82.0,0.0,20.570463,Moderado
-2.927,78.0,0.0,22.33161,Moderado
-3.177,74.0,0.0,22.725668,Moderado
-3.527,75.0,0.0,20.532627,Moderado
-3.577,77.0,0.0,19.959719,Moderado
-2.827,78.0,0.0,21.2522,Moderado
-1.577,75.0,0.0,23.73271,Moderado
-0.427,73.0,0.0,27.038372,Alto
0.623,70.0,0.0,31.883888,Alto
0.773,70.0,0.0,29.660152,Alto
1.123,71.0,0.0,29.5551,Alto
1.073,77.0,0.0,27.36947,Alto
0.823,81.0,0.0,25.570139,Moderado
0.673,87.0,0.0,24.29133,Moderado
0.623,90.0,0.0,23.023119,Moderado
0.523,93.0,0.0,18.671474,Moderado
0.673,95.0,0.1,18.556595,Moderado
1.223,95.0,0.1,25.96496,Moderado
1.873,93.0,0.1,32.587456,Alto
1.823,93.0,0.2,33.626774,Moderado
1.973,93.0,0.4,34.75445,Moderado
2.1230001,91.0,0.3,36.67232,Alto
2.023,90.0,0.2,37.29086,Alto
2.023,90.0,0.3,36.23861,Alto
1.673,93.0,0.5,33.12978,Moderado
1.873,92.0,0.5,33.014175,Moderado
2.073,91.0,0.5,33.588207,Moderado
2.773,90.0,0.5,43.375145,Alto
2.573,90.0,0.5,38.6208,Alto
3.223,85.0,0.1,38.479603,Alto
3.723,80.0,0.0,38.221085,Muy alto
3.723,76.0,0.0,38.221085,Muy alto
3.573,73.0,0.0,39.96,Muy alto
3.623,73.0,0.0,38.939953,Muy alto
3.373,74.0,0.0,37.883907,Muy alto
2.823,75.0,0.0,36.78347,Alto
2.223,78.0,0.0,34.651752,Alto
1.773,79.0,0.0,34.268143,Alto
1.473,77.0,0.0,37.10795,Alto
1.123,76.0,0.0,35.397354,Alto
0.873,75.0,0.0,36.217144,Alto
0.823,75.0,0.0,37.064266,Alto
0.823,76.0,0.0,35.821354,Alto
0.773,75.0,0.0,36.973244,Alto
0.623,73.0,0.0,36.457886,Alto
0.773,73.0,0.0,36.50052,Alto
0.373,68.0,0.0,41.213318,Muy alto
-0.277,65.0,0.0,41.982853,Muy alto
-0.527,65.0,0.0,39.575443,Muy alto
-0.527,63.0,0.0,32.096577,Alto
-0.92700005,65.0,0.0,28.038431,Alto
-1.177,70.0,0.0,25.099514,Alto
-1.177,68.0,0.0,25.277023,Alto
-0.577,67.0,0.0,24.442911,Alto
0.122999996,67.0,0.0,25.325686,Alto
0.823,65.0,0.0,29.237675,Alto
1.123,62.0,0.0,31.983318,Alto
1.323,64.0,0.0,28.528723,Alto
1.273,67.0,0.0,26.727423,Alto
0.923,74.0,0.0,24.490587,Moderado
0.573,79.0,0.0,23.0653,Moderado
0.473,83.0,0.0,21.707731,Moderado
0.473,86.0,0.0,21.485697,Moderado
0.573,84.0,0.0,20.545246,Moderado
0.523,86.0,0.0,17.555305,Moderado
0.673,90.0,0.1,15.1884165,Moderado
0.873,91.0,0.1,11.808878,Bajo
1.223,91.0,0.1,15.629971,Moderado
1.973,92.0,0.2,23.023117,Moderado
2.823,91.0,0.2,26.944744,Moderado
2.923,91.0,0.2,28.696312,Moderado
3.373,89.0,0.2,30.5173,Moderado
3.573,88.0,0.1,31.205997,Alto
3.523,89.0,0.1,30.659237,Alto
3.573,88.0,0.0,29.620802,Alto
4.023,87.0,0.1,26.339111,Moderado
4.123,88.0,0.1,27.609911,Alto
4.323,87.0,0.6,26.944744,Moderado
4.4230003,86.0,0.6,29.024128,Moderado
4.323,86.0,0.9,30.631746,Moderado
4.373,85.0,0.7,32.569557,Moderado
4.823,84.0,0.4,36.702347,Alto
4.9729996,83.0,0.1,37.11319,Alto
4.773,82.0,0.0,36.94168,Alto
4.123,79.0,0.3,35.010807,Alto
3.173,74.0,0.0,35.64727,Alto
2.073,72.0,0.0,33.48,Alto
2.273,81.0,0.0,33.151287,Alto
1.323,78.0,0.0,37.08175,Alto
0.473,74.0,0.0,37.212578,Muy alto
-0.227,67.0,0.0,37.022285,Muy alto
-0.877,63.0,0.0,40.10406,Muy alto
-1.377,63.0,0.0,41.780167,Muy alto
-1.127,66.0,0.0,42.354733,Muy alto
-0.827,65.0,0.0,38.344646,Muy alto
-0.677,65.0,0.0,33.75948,Alto
-0.727,66.0,0.0,31.487143,Alto
-0.877,67.0,0.0,30.513052,Alto
-1.177,67.0,0.0,26.758923,Alto
-2.077,69.0,0.0,25.922499,Alto
-1.977,71.0,0.0,23.444265,Moderado
-1.077,68.0,0.0,24.57511,Alto
0.073,63.0,0.0,27.193705,Alto
0.873,57.0,0.0,31.559088,Alto
1.223,56.0,0.0,34.139313,Muy alto
1.373,61.0,0.0,33.441265,Alto
1.173,63.0,0.0,31.63087,Alto
0.923,70.0,0.0,29.947151,Alto
0.523,75.0,0.0,28.19285,Alto
0.273,78.0,0.0,27.0024,Alto
0.17300001,80.0,0.0,25.922499,Alto
-0.37699997,79.0,0.0,23.828083,Moderado
-0.37699997,79.0,0.0,23.469128,Moderado
-0.527,80.0,0.0,23.42491,Moderado
-0.727,81.0,0.0,21.67487,Moderado
-0.977,83.0,0.0,20.275383,Moderado
-1.177,84.0,0.0,18.584509,Moderado
-1.077,83.0,0.0,18.0036,Moderado
-1.077,84.0,0.0,17.811815,Moderado
-1.027,83.0,0.0,17.377226,Moderado
-0.877,83.0,0.0,17.727943,Moderado
-0.877,83.0,0.0,16.595179,Moderado
-0.92700005,83.0,0.0,15.328561,Moderado
-1.127,89.0,0.0,11.252519,Bajo
-0.827,86.0,0.0,9.9571085,Bajo
-0.32700002,85.0,0.0,10.390226,Bajo
0.423,84.0,0.0,11.177405,Bajo
1.473,82.0,0.0,12.661564,Moderado
2.1729999,81.0,0.0,14.332341,Moderado
2.773,77.0,0.0,11.720751,Moderado
3.223,76.0,0.0,11.27553,Moderado
2.923,79.0,0.0,7.968939,Bajo
1.923,84.0,0.0,4.896529,Bajo
1.473,86.0,0.0,4.2136917,Bajo
1.173,87.0,0.0,3.7585104,Bajo
0.723,89.0,0.0,3.7585104,Bajo
0.473,89.0,0.0,2.8799999,Bajo
0.273,89.0,0.0,1.4399999,Bajo
0.273,88.0,0.0,1.484318,Bajo
-0.07699999,90.0,0.0,2.8116899,Bajo
-0.577,94.0,0.0,3.5455887,Bajo
-1.127,97.0,0.0,3.7064266,Bajo
-0.977,97.0,0.0,4.6938257,Bajo
-0.877,95.0,0.0,5.154415,Bajo
-0.77699995,92.0,0.0,5.4477882,Bajo
-0.877,91.0,0.0,6.489992,Bajo
-0.827,90.0,0.0,5.00128,Bajo
-0.32700002,90.0,0.0,5.8048253,Bajo
-0.02700001,91.0,0.0,4.072935,Bajo
0.273,92.0,0.0,3.7064266,Bajo
0.423,92.0,0.0,4.0249224,Bajo
1.073,91.0,0.1,5.904439,Bajo
1.623,89.0,0.0,3.4152596,Bajo
2.673,88.0,0.0,3.4152596,Bajo
2.823,87.0,0.0,2.8116899,Bajo
2.523,90.0,0.0,4.73506,Bajo
1.823,94.0,0.0,6.379216,Bajo
1.173,96.0,0.0,6.849467,Bajo
0.573,97.0,0.0,4.3498964,Bajo
-0.127,98.0,0.0,5.5887027,Bajo
-0.577,99.0,0.0,5.4477882,Bajo
-0.827,100.0,0.0,3.671294,Bajo
-0.877,99.0,0.0,5.4477882,Bajo
-0.77699995,98.0,0.0,3.396233,Bajo
-0.37699997,97.0,0.0,3.8268526,Bajo
0.122999996,97.0,0.1,3.8939953,Bajo
0.373,95.0,0.0,4.6102495,Bajo
0.473,94.0,0.0,3.563818,Bajo
0.273,94.0,0.0,4.6102495,Bajo
-0.277,96.0,0.0,4.802999,Bajo
-0.577,97.0,0.0,3.671294,Bajo
-1.527,99.0,0.0,4.452954,Bajo
-1.427,99.0,0.0,4.198285,Bajo
-0.37699997,96.0,0.0,6.12,Bajo
1.773,90.0,0.0,8.654986,Bajo
2.773,87.0,0.0,13.276144,Moderado
3.423,89.0,0.0,14.471821,Moderado
4.573,88.0,0.0,17.902534,Moderado
4.7229996,90.0,0.0,12.605142,Bajo
4.273,92.0,0.1,11.304229,Bajo
3.323,95.0,0.2,6.489992,Bajo
2.323,97.0,0.2,5.692099,Bajo
1.173,99.0,0.0,4.32,Bajo
0.573,100.0,0.0,3.2599385,Bajo
0.973,100.0,0.0,1.8,Bajo
0.873,100.0,0.0,2.6208394,Bajo
0.773,97.0,0.0,3.6,Bajo
0.973,95.0,0.0,5.495161,Bajo
1.323,94.0,0.0,6.12,Bajo
0.223,96.0,0.0,5.6920996,Bajo
0.423,96.0,0.0,6.28713,Bajo
0.623,96.0,0.0,6.519877,Bajo
0.723,96.0,0.0,6.87779,Bajo
0.923,95.0,0.0,7.6367526,Bajo
0.973,94.0,0.0,7.2805495,Bajo
-0.127,96.0,0.0,6.0347,Bajo
-0.17699999,94.0,0.0,5.5887027,Bajo
0.473,93.0,0.0,4.73506,Bajo
1.823,92.0,0.0,4.73506,Bajo
3.023,90.0,0.0,4.1046314,Bajo
3.273,92.0,0.0,2.5959969,Bajo
4.9230003,86.0,0.4,3.096837,Bajo
4.373,91.0,0.7,3.0758414,Bajo
3.773,90.0,1.0,3.096837,Bajo
2.873,91.0,1.1,4.3349743,Bajo
1.923,94.0,0.7,5.495161,Bajo
1.373,95.0,0.5,5.1165614,Bajo
0.423,100.0,0.5,4.3349743,Bajo
0.523,99.0,0.4,3.671294,Bajo
0.423,98.0,0.0,1.609969,Bajo
0.623,96.0,0.0,0.8049845,Bajo
0.773,93.0,0.0,2.7416782,Bajo
0.473,90.0,0.0,5.154415,Bajo
-0.877,89.0,0.0,8.654986,Bajo
-1.027,90.0,0.0,9.107359,Bajo
-1.177,89.0,0.0,9.826088,Bajo
-1.127,89.0,0.0,10.805999,Bajo
-1.027,90.0,0.0,11.966953,Bajo
-1.127,88.0,0.0,12.074766,Bajo
-1.377,88.0,0.0,10.8955765,Bajo
-1.327,86.0,0.0,11.928989,Bajo
-0.77699995,85.0,0.0,13.004921,Moderado
0.273,85.0,0.0,14.113653,Moderado
1.223,80.0,0.0,15.5843,Moderado
1.873,73.0,0.0,17.643673,Moderado
2.723,70.0,0.0,19.083395,Moderado
2.523,73.0,0.0,19.959719,Moderado
2.1230001,76.0,0.0,18.584509,Moderado
1.523,82.0,0.0,15.893093,Moderado
1.073,87.0,0.0,14.84318,Moderado
0.973,89.0,0.0,14.494192,Moderado
0.423,91.0,0.0,12.864649,Bajo
0.373,91.0,0.0,13.358861,Bajo
0.373,91.0,0.0,14.869351,Moderado
0.573,87.0,0.0,15.496736,Moderado
0.623,88.0,0.0,16.65754,Moderado
0.973,85.0,0.0,17.313717,Moderado
0.973,83.0,0.0,18.844202,Moderado
0.773,83.0,0.0,18.584509,Moderado
0.573,84.0,0.0,17.651016,Moderado
0.373,86.0,0.0,17.298738,Moderado
0.323,86.0,0.0,16.946787,Moderado
0.17300001,85.0,0.0,16.766108,Moderado
-0.627,92.0,0.0,12.303366,Bajo
-0.477,93.0,0.0,12.181625,Bajo
0.673,91.0,0.0,12.661564,Bajo
2.223,87.0,0.0,14.145756,Moderado
3.323,78.0,0.0,17.227419,Moderado
3.723,73.0,0.0,16.299694,Moderado
4.073,71.0,0.0,16.418526,Moderado
3.873,72.0,0.0,13.905509,Moderado
3.323,73.0,0.0,10.805998,Moderado
2.1729999,79.0,0.0,6.989936,Bajo
1.223,83.0,0.0,4.5820518,Bajo
0.673,86.0,0.0,3.7064266,Bajo
0.323,89.0,0.0,3.396233,Bajo
0.273,88.0,0.0,2.968636,Bajo
0.073,87.0,0.0,3.2399998,Bajo
-0.07699999,85.0,0.0,3.319036,Bajo
-0.277,83.0,0.0,3.096837,Bajo
-0.677,85.0,0.0,3.9763298,Bajo
-1.377,91.0,0.0,3.2599385,Bajo
-1.677,90.0,0.0,3.4152596,Bajo
-2.127,91.0,0.0,3.7064266,Bajo
-2.377,92.0,0.0,3.396233,Bajo
-2.227,90.0,0.0,3.396233,Bajo
-2.177,91.0,0.0,2.8116899,Bajo
-2.677,90.0,0.0,1.5273507,Bajo
-2.427,90.0,0.0,1.4399999,Bajo
-1.627,91.0,0.0,2.5455842,Bajo
-0.877,89.0,0.0,3.0758414,Bajo
-0.07699999,87.0,0.0,5.5887027,Bajo
0.523,83.0,0.0,8.209263,Bajo
1.573,80.0,0.0,12.6462,Moderado
1.973,77.0,0.0,13.722565,Moderado
1.973,78.0,0.0,13.441071,Moderado
1.273,83.0,0.0,11.090103,Bajo
0.523,90.0,0.0,10.587917,Bajo
0.223,95.0,0.0,9.565437,Bajo
0.023000002,95.0,0.0,6.830519,Bajo
-0.02700001,94.0,0.0,4.6800003,Bajo
0.122999996,93.0,0.0,2.968636,Bajo
0.473,92.0,0.1,3.8939953,Bajo
1.223,90.0,0.1,6.489992,Bajo
1.523,89.0,0.0,9.0,Bajo
1.473,90.0,0.0,10.703569,Bajo
1.423,91.0,0.0,12.682018,Bajo
1.623,91.0,0.0,15.629971,Moderado
2.023,90.0,0.0,18.86139,Moderado
2.073,91.0,0.0,19.694992,Moderado
1.673,86.0,0.0,19.211996,Moderado
1.123,82.0,0.0,17.076298,Moderado
1.023,83.0,0.0,17.654688,Moderado
2.023,76.0,0.0,21.288757,Moderado
2.823,68.0,0.0,26.052162,Alto
2.973,64.0,0.0,26.341572,Alto
2.873,61.0,0.0,26.64,Alto
2.873,59.0,0.0,24.842607,Alto
2.473,58.0,0.0,23.411074,Alto
1.923,59.0,0.0,20.188908,Moderado
1.123,65.0,0.0,18.089775,Moderado
0.273,66.0,0.0,16.65754,Moderado
-0.37699997,67.0,0.0,15.119999,Moderado
-1.227,73.0,0.0,14.471821,Moderado
-1.677,73.0,0.0,12.429127,Moderado
-2.027,75.0,0.0,11.043261,Bajo
-2.127,74.0,0.0,10.028439,Bajo
-2.377,74.0,0.0,9.0,Bajo
-2.827,75.0,0.0,7.968939,Bajo
-3.627,77.0,0.0,7.928178,Bajo
-3.7770002,76.0,0.0,8.64,Bajo
-3.877,78.0,0.0,8.28,Bajo
-3.977,81.0,0.0,8.287822,Bajo
-4.177,82.0,0.0,7.928178,Bajo
-4.427,82.0,0.0,7.2359104,Bajo
-4.227,80.0,0.0,6.830519,Bajo
-3.9269998,79.0,0.0,6.5693827,Bajo
-2.327,71.0,0.0,8.647496,Bajo
-0.677,63.0,0.0,11.165805,Moderado
0.673,56.0,0.0,14.685176,Moderado
1.323,51.0,0.0,15.827721,Moderado
1.373,47.0,0.0,14.039999,Moderado
1.473,49.0,0.0,14.24163,Moderado
1.223,53.0,0.0,12.758432,Moderado
0.623,62.0,0.0,10.086427,Moderado
-0.227,70.0,0.0,9.255571,Bajo
-0.727,74.0,0.0,8.766573,Bajo
-1.327,78.0,0.0,8.534353,Bajo
-1.777,81.0,0.0,7.4128532,Bajo
-2.177,83.0,0.0,6.763786,Bajo
-2.477,86.0,0.0,6.6185193,Bajo
-2.577,88.0,0.0,6.830519,Bajo
-2.677,90.0,0.0,6.924738,Bajo
-2.527,91.0,0.0,7.968939,Bajo
-2.327,92.0,0.0,8.473393,Bajo
-2.277,92.0,0.0,8.287822,Bajo
-2.377,93.0,0.0,7.5599995,Bajo
-2.627,94.0,0.0,6.849467,Bajo
-2.877,95.0,0.0,6.924738,Bajo
-3.327,96.0,0.0,6.12,Bajo
-2.827,95.0,0.0,6.12,Bajo
-0.827,89.0,0.0,6.849467,Bajo
1.323,81.0,0.0,9.422101,Bajo
2.823,76.0,0.0,10.446206,Bajo
3.723,72.0,0.0,10.182337,Moderado
4.223,65.0,0.0,7.8625183,Bajo
4.373,64.0,0.0,6.9527545,Bajo
4.023,66.0,0.0,4.896529,Bajo
2.823,75.0,0.0,1.9386592,Bajo
2.273,75.0,0.0,1.4399999,Bajo
1.673,76.0,0.0,1.8,Bajo
0.373,84.0,0.0,2.8116899,Bajo
-0.577,91.0,0.0,3.319036,Bajo
-1.277,97.0,0.0,2.8116899,Bajo
-1.627,100.0,0.0,2.0991426,Bajo
-1.627,100.0,0.0,1.8,Bajo
-1.577,100.0,0.0,1.2979984,Bajo
-1.577,97.0,0.0,2.9024127,Bajo
-1.527,95.0,0.0,2.7416782,Bajo
-1.977,92.0,0.0,3.0758414,Bajo
-2.527,90.0,0.0,2.968636,Bajo
-2.877,88.0,0.0,2.52,Bajo
-3.577,88.0,0.0,2.4149535,Bajo
-4.177,90.0,0.0,3.0547013,Bajo
-4.5270004,91.0,0.0,3.096837,Bajo
-3.427,88.0,0.0,2.1897945,Bajo
-0.977,75.0,0.0,2.9024127,Bajo
0.523,66.0,0.0,3.671294,Bajo
1.323,65.0,0.0,4.2136917,Bajo
1.523,64.0,0.0,4.32,Bajo
1.373,69.0,0.0,7.42159,Bajo
0.923,79.0,0.0,7.69592,Bajo
0.373,88.0,0.1,7.8625183,Bajo
0.122999996,93.0,0.1,8.557102,Bajo
0.122999996,96.0,0.2,8.557102,Bajo
-0.127,96.0,0.2,8.373386,Bajo
-0.02700001,97.0,0.2,7.289444,Bajo
0.023000002,98.0,0.1,6.0347,Bajo
0.073,98.0,0.1,5.5887027,Bajo
0.17300001,97.0,0.0,5.2416787,Bajo
0.223,97.0,0.0,5.3517847,Bajo
0.373,97.0,0.0,5.95906,Bajo
0.423,97.0,0.1,6.0347,Bajo
0.373,97.0,0.1,5.4477882,Bajo
0.373,97.0,0.0,5.0911684,Bajo
0.323,98.0,0.0,4.896529,Bajo
0.373,98.0,0.0,4.896529,Bajo
0.873,98.0,0.0,6.162207,Bajo
1.123,98.0,0.0,6.379216,Bajo
1.623,98.0,0.2,7.2,Bajo
1.623,97.0,0.5,9.504273,Bajo
1.973,95.0,0.2,8.209263,Bajo
2.723,91.0,0.1,9.693296,Bajo
2.573,92.0,0.2,9.19939,Bajo
2.423,92.0,0.2,9.504273,Bajo
2.323,94.0,0.1,9.021574,Bajo
2.1230001,95.0,0.1,8.4963045,Bajo
1.673,96.0,0.1,7.7879906,Bajo
1.373,97.0,0.1,7.5942082,Bajo
0.973,98.0,0.1,8.049845,Bajo
0.873,98.0,0.1,8.225035,Bajo
0.723,99.0,0.3,8.0899935,Bajo
0.673,98.0,0.2,7.24486,Bajo
0.623,98.0,0.1,7.5685663,Bajo
0.573,97.0,0.1,6.638072,Bajo
0.623,99.0,0.1,6.130579,Bajo
0.723,99.0,0.2,5.771239,Bajo
0.923,98.0,0.1,5.7599998,Bajo
1.073,98.0,0.1,5.7599998,Bajo
1.273,97.0,0.1,5.8603754,Bajo
1.373,97.0,0.1,6.28713,Bajo
1.273,98.0,0.2,5.1544156,Bajo
1.523,97.0,0.2,4.5536795,Bajo
2.073,96.0,0.1,3.7585104,Bajo
2.573,93.0,0.1,7.289445,Bajo
3.323,89.0,0.1,6.830519,Bajo
3.823,86.0,0.1,7.342588,Bajo
4.273,85.0,0.1,6.849467,Bajo
4.1730003,86.0,0.2,4.896529,Bajo
3.823,90.0,0.3,7.289444,Bajo
3.373,92.0,0.1,5.00128,Bajo
3.023,94.0,0.3,6.439876,Bajo
2.823,93.0,0.1,5.991594,Bajo
2.673,95.0,0.0,6.193674,Bajo
2.423,95.0,0.2,7.24486,Bajo
2.1230001,95.0,0.0,6.439876,Bajo
1.973,95.0,0.0,5.8048253,Bajo
1.923,96.0,0.0,5.904439,Bajo
1.823,96.0,0.0,5.8603754,Bajo
1.973,97.0,0.0,6.1305785,Bajo
1.873,97.0,0.1,6.1305785,Bajo
1.623,97.0,0.2,6.9153743,Bajo
1.423,97.0,0.1,5.1165614,Bajo
1.173,97.0,0.0,5.154415,Bajo
1.223,97.0,0.0,5.3517847,Bajo
1.573,97.0,0.0,6.28713,Bajo
2.073,97.0,0.1,8.049845,Bajo
2.573,96.0,0.0,8.287822,Bajo
3.023,94.0,0.1,11.525623,Bajo
3.973,87.0,0.0,14.48972,Moderado
4.773,79.0,0.1,17.651016,Moderado
5.023,79.0,0.0,17.298738,Moderado
5.2229996,77.0,0.0,16.62249,Moderado
4.6730003,80.0,0.0,15.7908325,Moderado
3.773,86.0,0.0,13.392774,Moderado
3.223,87.0,0.0,11.966954,Bajo
2.573,89.0,0.0,11.246759,Bajo
2.1729999,89.0,0.0,9.0,Bajo
1.923,92.0,0.0,9.565437,Bajo
1.723,93.0,0.0,10.182337,Bajo
1.473,94.0,0.0,9.9571085,Bajo
1.473,96.0,0.0,10.041354,Bajo
1.473,97.0,0.0,9.779817,Bajo
1.773,97.0,0.2,10.829959,Bajo
1.773,97.0,0.2,9.0645685,Bajo
2.323,96.0,0.3,9.19939,Bajo
2.723,94.0,0.3,10.44,Bajo
2.773,94.0,0.1,10.514218,Bajo
2.673,95.0,0.1,9.021574,Bajo
2.773,98.0,0.1,8.707238,Bajo
3.023,97.0,0.2,8.209263,Bajo
3.423,97.0,0.1,8.427383,Bajo
3.873,95.0,0.1,9.659814,Bajo
4.273,94.0,0.0,10.495713,Bajo
4.573,91.0,0.2,12.738099,Bajo
4.6730003,89.0,0.4,13.004922,Bajo
4.023,89.0,0.9,14.4,Bajo
3.823,90.0,0.4,12.738099,Bajo
3.623,91.0,0.6,13.513193,Bajo
3.473,93.0,0.6,13.551501,Bajo
3.273,94.0,0.5,13.104198,Bajo
2.923,96.0,0.6,11.119281,Bajo
2.773,97.0,0.2,9.360001,Bajo
2.773,98.0,0.1,8.707237,Bajo
2.773,99.0,0.0,7.172949,Bajo
2.723,99.0,0.0,7.072878,Bajo
2.673,99.0,0.1,6.130579,Bajo
2.523,100.0,0.0,5.5887027,Bajo
2.423,100.0,0.0,4.2136917,Bajo
2.273,100.0,0.0,3.096837,Bajo
2.1230001,100.0,0.2,2.5959969,Bajo
2.023,100.0,0.2,1.484318,Bajo
1.773,100.0,0.1,2.0991426,Bajo
1.573,100.0,0.0,1.835647,Bajo
1.623,100.0,0.1,2.52,Bajo
2.073,97.0,0.1,4.68,Bajo
2.473,94.0,0.1,7.928178,Bajo
3.573,85.0,0.1,10.464798,Bajo
4.273,80.0,0.0,11.013882,Bajo
4.323,82.0,0.0,10.853866,Bajo
4.223,83.0,0.0,12.371645,Moderado
3.873,85.0,0.1,12.324414,Bajo
3.173,89.0,0.0,10.495713,Bajo
2.273,92.0,0.0,11.183201,Bajo
1.573,88.0,0.0,13.679999,Moderado
0.773,84.0,0.0,16.923828,Moderado
0.223,81.0,0.0,19.134262,Moderado
-0.37699997,80.0,0.0,18.359999,Moderado
-0.977,79.0,0.0,18.532133,Moderado
-1.377,83.0,0.0,15.542662,Moderado
-1.427,85.0,0.0,13.450708,Moderado
-0.92700005,85.0,0.0,12.979984,Moderado
-0.627,85.0,0.0,14.689589,Moderado
-0.277,87.0,0.0,18.079027,Moderado
-0.17699999,86.0,0.0,18.775301,Moderado
-0.227,78.0,0.0,19.245697,Moderado
-0.627,76.0,0.0,18.775301,Moderado
-1.277,82.0,0.0,16.93531,Moderado
-0.77699995,80.0,0.0,17.057314,Moderado
0.523,74.0,0.0,19.201874,Moderado
1.623,64.0,0.0,23.0653,Alto
2.273,57.0,0.0,23.266697,Alto
2.523,55.0,0.0,24.031178,Alto
2.673,55.0,0.0,25.050413,Alto
2.523,53.0,0.0,25.277023,Alto
1.723,62.0,0.0,20.991426,Moderado
1.023,70.0,0.0,16.343367,Moderado
0.423,76.0,0.0,13.570615,Moderado
0.073,80.0,0.0,12.413477,Moderado
-0.127,84.0,0.0,13.979872,Moderado
0.17300001,86.0,0.0,17.709658,Moderado
0.573,88.0,0.0,20.268991,Moderado
0.773,85.0,0.0,19.255793,Moderado
0.973,86.0,0.0,22.38378,Moderado
1.173,86.0,0.0,24.33664,Moderado
1.373,85.0,0.0,27.598173,Alto
1.373,88.0,0.1,26.089447,Moderado
1.573,88.0,0.1,27.416782,Alto
1.623,89.0,0.2,26.64,Moderado
1.223,93.0,0.8,23.34455,Moderado
1.573,78.0,0.0,26.727423,Alto
2.023,82.0,0.0,29.195534,Alto
1.623,75.0,0.0,32.431984,Alto
2.023,67.0,0.0,32.335934,Alto
1.923,57.0,0.0,34.04808,Muy alto
1.773,50.0,0.0,34.145008,Muy alto
1.423,49.0,0.0,34.651752,Muy alto
0.623,49.0,0.0,36.869694,Muy alto
0.273,50.0,0.0,36.233246,Muy alto
-0.32700002,52.0,0.0,35.127216,Muy alto
-0.92700005,55.0,0.0,32.427986,Alto
-1.777,59.0,0.0,28.236486,Alto
-2.227,61.0,0.0,25.582806,Alto
-2.577,63.0,0.0,22.608458,Moderado
-2.777,64.0,0.0,22.461807,Moderado
-2.877,66.0,0.0,22.81957,Moderado
-3.077,67.0,0.0,22.033648,Moderado
-3.127,68.0,0.0,20.892412,Moderado
-3.227,70.0,0.0,19.803272,Moderado
-3.527,74.0,0.0,17.163355,Moderado
-3.477,78.0,0.0,16.87398,Moderado
-3.377,77.0,0.0,16.700275,Moderado
-3.327,77.0,0.0,15.986595,Moderado
-3.277,76.0,0.0,16.09969,Moderado
-3.227,79.0,0.0,17.227419,Moderado
-2.827,87.0,0.0,18.430452,Moderado
-1.677,79.0,0.0,20.478907,Moderado
-0.17699999,76.0,0.0,24.648829,Moderado
0.823,66.0,0.0,27.729347,Alto
1.673,57.0,0.0,27.804028,Alto
1.473,70.0,0.0,26.693459,Alto
2.673,63.0,0.0,25.006397,Alto
2.773,65.0,0.0,23.319553,Alto
2.923,65.0,0.0,21.38897,Moderado
2.223,69.0,0.0,17.81909,Moderado
1.123,78.0,0.0,14.345898,Moderado
0.573,83.0,0.0,11.592895,Bajo
-0.477,87.0,0.0,11.753877,Bajo
-0.17699999,90.0,0.0,11.923557,Bajo
0.073,89.0,0.0,11.923557,Bajo
0.273,91.0,0.0,12.413477,Bajo
0.423,93.0,0.0,12.783802,Bajo
0.623,93.0,0.0,12.904882,Bajo
0.473,94.0,0.0,11.753876,Bajo
0.673,93.0,0.0,12.229406,Bajo
1.073,92.0,0.0,13.493999,Bajo
1.373,89.0,0.0,14.76439,Moderado
1.023,91.0,0.4,13.779114,Bajo
1.323,87.0,0.3,13.0447235,Bajo
1.873,83.0,0.5,10.30883,Bajo
2.373,81.0,0.4,10.00256,Bajo
3.073,79.0,0.2,10.163227,Bajo
4.073,74.0,0.0,10.464797,Moderado
5.123,68.0,0.0,13.0447235,Moderado
5.273,67.0,0.2,14.007655,Bajo
5.523,65.0,0.3,11.298495,Bajo
5.6730003,66.0,0.3,12.181624,Bajo
5.323,68.0,0.2,12.387348,Bajo
4.9729996,72.0,0.2,12.475961,Bajo
4.4230003,77.0,0.1,12.984975,Moderado
3.773,82.0,0.0,11.246759,Bajo
3.473,84.0,0.0,10.383987,Bajo
3.173,88.0,0.0,8.707237,Bajo
2.923,90.0,0.0,7.289445,Bajo
2.373,91.0,0.0,5.6002855,Bajo
2.023,92.0,0.0,4.510787,Bajo
2.073,91.0,0.0,3.6,Bajo
1.473,91.0,0.0,2.4149535,Bajo
1.223,91.0,0.0,3.2599385,Bajo
1.073,90.0,0.0,2.2768397,Bajo
1.073,90.0,0.0,2.0991426,Bajo
1.423,89.0,0.3,4.452954,Bajo
2.023,91.0,0.9,1.484318,Bajo
2.323,92.0,0.6,4.39436,Bajo
1.473,97.0,0.4,3.8268526,Bajo
2.023,97.0,0.2,3.219938,Bajo
3.523,93.0,0.2,2.0991426,Bajo
4.4729996,91.0,0.1,0.5091169,Bajo
5.4230003,87.0,0.0,5.5887027,Bajo
6.623,82.0,0.0,10.739833,Bajo
7.073,81.0,0.0,7.342588,Bajo
7.1730003,81.0,0.0,5.1544156,Bajo
6.323,86.0,0.0,3.5455887,Bajo
5.1730003,88.0,0.0,5.0911684,Bajo
4.7229996,89.0,0.0,4.73506,Bajo
3.423,90.0,0.0,2.9024127,Bajo
3.123,90.0,0.0,1.9386592,Bajo
2.823,90.0,0.0,2.968636,Bajo
2.473,90.0,0.0,2.968636,Bajo
2.323,91.0,0.0,3.6,Bajo
1.823,93.0,0.0,4.3498964,Bajo
0.17300001,97.0,0.0,4.73506,Bajo
0.073,96.0,0.0,5.0911684,Bajo
0.17300001,95.0,0.0,5.6920996,Bajo
0.373,95.0,0.0,5.815978,Bajo
0.573,95.0,0.0,6.28713,Bajo
0.773,95.0,0.0,6.2145634,Bajo
1.173,94.0,0.1,8.759178,Bajo
1.823,95.0,0.2,11.212135,Bajo
2.823,91.0,0.1,13.722565,Moderado
4.623,82.0,0.0,19.523155,Moderado
5.9230003,74.0,0.0,19.416653,Moderado
6.6730003,67.0,0.0,22.101183,Moderado
6.9230003,66.0,0.0,20.966715,Moderado
6.623,62.0,0.0,21.129883,Moderado
6.123,61.0,0.0,18.430452,Moderado
4.9230003,66.0,0.0,15.158522,Moderado
2.873,78.0,0.0,10.495713,Bajo
2.023,83.0,0.0,8.12197,Bajo
0.723,92.0,0.0,4.8965297,Bajo
0.17300001,95.0,0.0,4.6102495,Bajo
0.122999996,96.0,0.0,3.219938,Bajo
0.473,93.0,0.0,4.1046314,Bajo
1.073,90.0,0.1,4.829907,Bajo
1.373,89.0,0.1,2.7416782,Bajo
0.773,92.0,0.0,3.9763298,Bajo
0.673,94.0,0.1,5.506941,Bajo
0.773,93.0,0.1,5.5887027,Bajo
0.873,93.0,0.1,5.3517847,Bajo
1.123,92.0,0.2,5.8048253,Bajo
0.973,93.0,0.1,5.634891,Bajo
0.723,95.0,0.1,7.42159,Bajo
1.173,94.0,0.0,8.0899935,Bajo
2.323,91.0,0.0,8.766573,Bajo
3.523,89.0,0.0,9.793058,Bajo
4.623,86.0,0.0,11.043261,Bajo
5.6730003,82.0,0.0,11.304229,Bajo
6.773,79.0,0.0,11.620809,Moderado
6.523,82.0,0.0,11.609651,Bajo
6.073,81.0,0.0,10.182337,Bajo
4.7229996,87.0,0.0,9.746631,Bajo
3.273,92.0,0.0,8.4042845,Bajo
2.223,94.0,0.0,8.217153,Bajo
1.273,96.0,0.0,6.1305785,Bajo
1.173,96.0,0.0,5.00128,Bajo
1.023,97.0,0.1,3.319036,Bajo
0.873,98.0,0.4,3.319036,Bajo
0.673,98.0,0.4,5.8048253,Bajo
0.823,97.0,0.6,6.489992,Bajo
0.373,97.0,0.0,3.9763298,Bajo
-0.127,99.0,0.0,4.5536795,Bajo
-0.577,100.0,0.0,3.7585104,Bajo
-0.92700005,100.0,0.0,4.6938252,Bajo
-1.177,99.0,0.0,6.130579,Bajo
-0.977,94.0,0.0,7.928178,Bajo
-0.677,93.0,0.0,7.208994,Bajo
0.423,90.0,0.0,6.924738,Bajo
2.423,85.0,0.0,10.483357,Bajo
4.223,79.0,0.0,19.06301,Moderado
4.9230003,72.0,0.0,21.38897,Moderado
5.523,67.0,0.0,22.42427,Moderado
5.873,60.0,0.0,22.392462,Alto
5.1730003,63.0,0.2,22.33161,Moderado
4.7229996,66.0,0.0,19.523155,Moderado
3.873,71.0,0.0,14.345898,Moderado
2.1230001,82.0,0.0,11.298495,Bajo
1.373,86.0,0.0,9.290511,Bajo
0.523,87.0,0.0,9.19939,Bajo
0.273,90.0,0.0,9.511088,Bajo
0.223,92.0,0.0,11.298495,Bajo
0.023000002,94.0,0.0,13.527572,Bajo
0.373,91.0,0.0,15.7908325,Moderado
0.873,88.0,0.0,18.837322,Moderado
1.073,88.0,0.0,19.995398,Moderado
1.023,88.0,0.0,19.64228,Moderado
0.923,85.0,0.0,18.218275,Moderado
0.923,84.0,0.0,18.892282,Moderado
1.123,84.0,0.0,20.46941,Moderado
1.273,82.0,0.0,21.67786,Moderado
1.473,85.0,0.0,19.67195,Moderado
2.273,81.0,0.0,21.30093,Moderado
3.273,76.0,0.0,24.795612,Moderado
4.223,69.0,0.0,24.162947,Alto
4.623,66.0,0.0,23.828083,Alto
4.7229996,67.0,0.0,23.090569,Moderado
4.523,67.0,0.1,24.696102,Alto
4.4729996,68.0,0.0,21.479664,Moderado
4.223,68.0,0.0,17.610588,Moderado
3.423,73.0,0.0,12.229406,Moderado
2.223,82.0,0.0,7.289445,Bajo
1.373,87.0,0.0,5.0911684,Bajo
0.573,92.0,0.0,4.32,Bajo
0.122999996,95.0,0.0,5.0911684,Bajo
-0.227,95.0,0.0,5.506941,Bajo
-0.37699997,94.0,0.0,5.4477882,Bajo
-0.677,93.0,0.0,5.3517847,Bajo
-1.127,94.0,0.0,5.2416787,Bajo
-2.477,96.0,0.0,5.5887027,Bajo
-2.777,97.0,0.0,5.0528407,Bajo
-3.077,98.0,0.0,4.802999,Bajo
-3.327,99.0,0.0,4.896529,Bajo
-3.527,100.0,0.0,4.896529,Bajo
-3.577,99.0,0.0,4.73506,Bajo
-3.7770002,99.0,0.0,4.379589,Bajo
-2.327,94.0,0.0,5.4119864,Bajo
1.023,78.0,0.0,8.647496,Bajo
3.323,70.0,0.0,15.39184,Moderado
4.4729996,61.0,0.0,19.721298,Moderado
4.9729996,56.0,0.0,22.66857,Alto
4.7229996,58.0,0.0,23.110205,Alto
4.373,55.0,0.0,24.248613,Alto
3.723,55.0,0.0,23.565567,Alto
2.673,59.0,0.0,20.431387,Moderado
1.473,66.0,0.0,17.015474,Moderado
0.623,73.0,0.0,15.905319,Moderado
0.073,79.0,0.0,16.700275,Moderado
-0.227,82.0,0.0,16.394829,Moderado
-0.477,84.0,0.0,16.394829,Moderado
-0.627,84.0,0.0,16.454008,Moderado
-0.77699995,85.0,0.0,16.520823,Moderado
-0.877,85.0,0.0,16.520823,Moderado
-1.477,86.0,0.0,14.494192,Moderado
-1.477,86.0,0.0,14.264361,Moderado
-1.627,88.0,0.0,13.849476,Moderado
-1.727,89.0,0.0,13.441071,Bajo
-1.777,89.0,0.0,12.371645,Bajo
-1.627,89.0,0.0,12.015589,Bajo
-1.227,90.0,0.0,11.525623,Bajo
-0.227,85.0,0.0,11.367109,Bajo
1.473,78.0,0.0,13.441071,Moderado
2.923,73.0,0.0,15.986595,Moderado
4.073,63.0,0.0,17.309973,Moderado
4.373,61.0,0.0,18.792551,Moderado
4.623,56.0,0.0,22.057161,Alto
4.323,55.0,0.0,20.94507,Alto
3.723,57.0,0.0,19.652176,Moderado
2.923,61.0,0.0,16.746773,Moderado
1.573,69.0,0.0,12.522619,Moderado
0.523,76.0,0.0,10.661107,Bajo
-0.07699999,78.0,0.0,13.441071,Moderado
-0.477,79.0,0.0,13.708391,Moderado
-0.827,82.0,0.0,12.641076,Moderado
-1.127,79.0,0.0,11.165805,Bajo
-1.277,74.0,0.0,9.6932955,Bajo
-1.627,74.0,0.0,9.114471,Bajo
-2.577,80.0,0.0,7.92,Bajo
-2.877,83.0,0.0,7.928178,Bajo
-3.027,86.0,0.0,7.9932976,Bajo
-3.177,88.0,0.0,7.6367526,Bajo
-3.277,89.0,0.0,7.9932976,Bajo
-3.327,89.0,0.0,7.9932976,Bajo
-3.027,86.0,0.0,7.5685663,Bajo
-1.227,79.0,0.0,9.422101,Bajo
0.873,71.0,0.0,12.57426,Moderado
2.273,61.0,0.0,16.179987,Moderado
2.873,56.0,0.0,16.263872,Moderado
3.423,50.0,0.0,16.516901,Moderado
3.723,50.0,0.0,20.176065,Alto
3.573,49.0,0.0,21.288757,Alto
3.073,49.0,0.0,22.768398,Alto
2.1230001,57.0,0.0,21.41319,Moderado
1.023,62.0,0.0,19.416653,Moderado
0.273,63.0,0.0,16.75064,Moderado
-0.477,73.0,0.0,14.77755,Moderado
-0.92700005,78.0,0.0,15.226764,Moderado
-1.027,87.0,0.0,15.941944,Moderado
-0.977,78.0,0.0,15.905319,Moderado
-1.377,79.0,0.0,15.328561,Moderado
-1.627,83.0,0.0,16.454008,Moderado
-1.577,85.0,0.0,17.377226,Moderado
-1.577,86.0,0.0,16.87398,Moderado
-1.427,86.0,0.0,15.683776,Moderado
-1.227,85.0,0.0,15.986595,Moderado
-0.92700005,81.0,0.0,18.03237,Moderado
-0.977,73.0,0.0,16.62249,Moderado
-0.877,77.0,0.0,16.454008,Moderado
0.273,75.0,0.0,18.486622,Moderado
1.973,69.0,0.0,21.602999,Moderado
3.173,62.0,0.0,23.023119,Alto
3.873,55.0,0.0,22.206486,Alto
4.4230003,52.0,0.0,21.868332,Alto
4.823,48.0,0.0,23.933907,Alto
4.623,50.0,0.0,22.73707,Alto
4.073,52.0,0.0,20.774214,Alto
3.173,57.0,0.0,17.477621,Moderado
1.723,66.0,0.0,11.119281,Moderado
0.673,73.0,0.0,7.172949,Bajo
-0.227,75.0,0.0,6.5693827,Bajo
-0.877,79.0,0.0,5.4119864,Bajo
-1.277,81.0,0.0,2.9024127,Bajo
-1.477,82.0,0.0,0.71999997,Bajo
-1.8770001,84.0,0.0,0.35999998,Bajo
-2.327,86.0,0.0,1.0182338,Bajo
-3.227,92.0,0.0,1.9386592,Bajo
-3.327,93.0,0.0,2.6208394,Bajo
-3.377,94.0,0.0,2.2768397,Bajo
-3.277,94.0,0.0,1.835647,Bajo
-3.227,93.0,0.0,1.484318,Bajo
-3.227,93.0,0.0,1.8,Bajo
-3.627,94.0,0.0,2.8799999,Bajo
-2.627,91.0,0.0,1.835647,Bajo
-0.17699999,77.0,0.0,2.5455842,Bajo
1.523,70.0,0.0,2.1897945,Bajo
2.823,60.0,0.0,2.5455842,Bajo
3.673,51.0,0.0,2.7416782,Bajo
4.1730003,52.0,0.0,4.0249224,Bajo
4.273,52.0,0.0,4.0249224,Bajo
4.023,53.0,0.0,3.8939953,Bajo
3.373,58.0,0.0,5.0911684,Bajo
1.873,68.0,0.0,5.4477882,Bajo
1.023,75.0,0.0,6.6185193,Bajo
0.623,86.0,0.0,8.942214,Bajo
0.122999996,87.0,0.0,6.3690495,Bajo
-0.527,89.0,0.0,5.1919937,Bajo
-0.877,92.0,0.0,5.2416787,Bajo
-1.077,95.0,0.0,5.0528407,Bajo
-1.527,97.0,0.0,5.4477882,Bajo
-1.527,98.0,0.0,6.0347,Bajo
-1.527,98.0,0.0,5.95906,Bajo
-1.627,98.0,0.0,5.506941,Bajo
-1.577,97.0,0.0,5.4477882,Bajo
-1.627,97.0,0.0,6.0347,Bajo
-1.777,97.0,0.0,6.6185193,Bajo
-1.027,94.0,0.0,9.028754,Bajo
0.473,86.0,0.0,10.182337,Bajo
1.973,79.0,0.0,13.75558,Moderado
3.223,76.0,0.0,17.193533,Moderado
3.873,71.0,0.1,19.881649,Moderado
4.7229996,62.0,0.0,23.188583,Alto
4.273,65.0,0.0,24.514387,Alto
3.873,68.0,0.0,23.893261,Alto
3.423,71.0,0.0,22.476227,Moderado
2.923,75.0,0.0,19.376562,Moderado
1.923,79.0,0.0,14.76439,Moderado
1.173,85.0,0.0,11.269782,Bajo
0.723,93.0,0.0,11.440978,Bajo
0.523,93.0,0.0,10.1376915,Bajo
0.673,92.0,0.0,12.758432,Bajo
0.673,93.0,0.2,13.708391,Bajo
0.623,95.0,0.2,14.561099,Bajo
0.773,96.0,0.1,14.404499,Bajo
1.423,96.0,0.1,17.581125,Moderado
1.073,98.0,0.2,18.0036,Bajo
0.773,99.0,0.2,16.75064,Bajo
0.823,99.0,0.3,15.827721,Bajo
0.873,98.0,0.4,15.042659,Bajo
0.923,98.0,0.5,14.372974,Bajo
0.973,99.0,0.6,15.137133,Bajo
1.523,98.0,0.5,14.24163,Bajo
2.573,94.0,0.4,14.799459,Bajo
3.473,91.0,0.4,16.62249,Bajo
4.023,88.0,0.3,16.299694,Bajo
4.6730003,85.0,0.3,16.299694,Bajo
4.6730003,87.0,0.2,14.440443,Bajo
4.623,86.0,0.2,13.679999,Bajo
4.323,88.0,0.1,11.720751,Bajo
4.073,90.0,0.0,9.983106,Bajo
3.623,93.0,0.0,8.435069,Bajo
3.173,93.0,0.0,6.9153743,Bajo
2.873,94.0,0.0,7.7043357,Bajo
2.723,93.0,0.0,6.6087217,Bajo
2.373,94.0,0.0,4.802999,Bajo
1.873,95.0,0.0,4.1046314,Bajo
1.123,98.0,0.0,4.379589,Bajo
0.873,98.0,0.0,5.04,Bajo
1.123,96.0,0.0,5.7599998,Bajo
0.773,96.0,0.0,6.12,Bajo
0.473,97.0,0.0,6.162207,Bajo
0.17300001,98.0,0.0,6.12,Bajo
-0.17699999,100.0,0.0,6.12,Bajo
-0.37699997,99.0,0.0,6.12,Bajo
-0.07699999,99.0,0.0,6.130579,Bajo
1.373,95.0,0.0,5.4119864,Bajo
3.573,87.0,0.0,7.208994,Bajo
5.4230003,78.0,0.0,10.24578,Bajo
6.4230003,75.0,0.0,9.339208,Bajo
7.073,70.0,0.0,8.373386,Bajo
7.523,67.0,0.0,7.8625183,Bajo
7.7229996,64.0,0.0,7.754637,Bajo
7.573,65.0,0.0,6.6185193,Bajo
6.823,72.0,0.0,4.5536795,Bajo
5.073,82.0,0.0,2.8799999,Bajo
3.173,88.0,0.0,3.6179552,Bajo
1.823,91.0,0.0,3.2399998,Bajo
0.523,97.0,0.0,2.968636,Bajo
-0.227,100.0,0.0,2.4149535,Bajo
-0.427,99.0,0.0,2.4149535,Bajo
-0.727,100.0,0.0,1.609969,Bajo
-1.077,100.0,0.0,1.835647,Bajo
-1.327,100.0,0.0,1.8,Bajo
-1.8269999,100.0,0.0,2.4149535,Bajo
-1.8770001,100.0,0.0,2.8116899,Bajo
-1.427,100.0,0.0,3.7585104,Bajo
-1.077,100.0,0.0,3.671294,Bajo
-0.977,100.0,0.0,5.04,Bajo
-0.727,100.0,0.0,6.638072,Bajo
-0.427,100.0,0.0,6.162207,Bajo
-0.02700001,100.0,0.0,7.5685663,Bajo
0.273,100.0,0.0,8.4042845,Bajo
0.873,99.0,0.0,8.4042845,Bajo
1.823,96.0,0.0,9.6932955,Bajo
2.073,94.0,0.0,8.654986,Bajo
2.373,93.0,0.0,9.028754,Bajo
2.523,93.0,0.0,9.339208,Bajo
2.773,93.0,0.0,9.504273,Bajo
2.523,93.0,0.0,8.557102,Bajo
2.073,94.0,0.0,9.511088,Bajo
1.273,97.0,0.0,11.269782,Bajo
1.123,96.0,0.0,10.163227,Bajo
1.173,95.0,0.0,10.163227,Bajo
1.073,96.0,0.0,7.289444,Bajo
0.973,96.0,0.0,7.386582,Bajo
0.923,96.0,0.0,7.2,Bajo
0.973,96.0,0.0,7.2,Bajo
0.923,97.0,0.1,6.6087217,Bajo
0.973,98.0,0.0,6.489992,Bajo
1.123,98.0,0.0,6.162207,Bajo
1.223,98.0,0.0,6.162207,Bajo
1.223,98.0,0.0,6.28713,Bajo
1.523,98.0,0.0,6.9899354,Bajo
2.073,96.0,0.0,9.114471,Bajo
2.773,94.0,0.0,10.440001,Bajo
3.173,92.0,0.0,12.287555,Bajo
3.673,88.0,0.1,14.578888,Moderado
3.873,87.0,0.1,14.658676,Moderado
4.273,87.0,0.2,16.299694,Bajo
4.223,86.0,0.3,16.199999,Bajo
3.923,88.0,0.5,15.530151,Bajo
3.373,90.0,0.5,11.885453,Bajo
2.873,93.0,0.5,9.449572,Bajo
2.623,95.0,0.6,9.6932955,Bajo
2.323,95.0,0.6,11.013882,Bajo
2.1729999,95.0,0.5,10.8955765,Bajo
2.023,96.0,0.5,11.885453,Bajo
1.823,96.0,0.6,11.928989,Bajo
1.673,97.0,0.7,11.792404,Bajo
1.423,98.0,0.7,11.27553,Bajo
0.673,99.0,0.8,10.636766,Bajo
0.623,99.0,0.4,10.630672,Bajo
0.573,99.0,0.4,10.495713,Bajo
0.573,99.0,0.4,9.290511,Bajo
0.573,99.0,0.5,7.928177,Bajo
0.473,99.0,0.5,6.618519,Bajo
0.523,100.0,0.5,6.1094027,Bajo
0.873,99.0,0.4,6.1305785,Bajo
1.773,94.0,0.2,10.44,Bajo
2.873,89.0,0.1,8.78872,Bajo
3.723,84.0,0.0,7.491114,Bajo
4.4230003,82.0,0.0,4.6102495,Bajo
4.073,81.0,0.0,8.373386,Bajo
4.4230003,81.0,0.0,5.8603754,Bajo
4.4230003,82.0,0.0,4.3349743,Bajo
4.373,85.0,0.0,3.2599385,Bajo
3.323,90.0,0.0,3.096837,Bajo
1.473,95.0,0.0,4.198285,Bajo
1.873,91.0,0.0,1.1384199,Bajo
1.573,92.0,0.0,2.16,Bajo
0.973,95.0,0.0,1.8,Bajo
1.073,94.0,0.1,2.52,Bajo
0.973,94.0,0.0,1.8,Bajo
0.923,94.0,0.0,1.8,Bajo
0.573,95.0,0.0,1.4399999,Bajo
0.673,94.0,0.0,0.35999998,Bajo
0.673,94.0,0.0,3.219938,Bajo
0.723,94.0,0.3,3.6,Bajo
1.123,91.0,0.2,1.5273507,Bajo
1.173,90.0,0.1,1.8,Bajo
0.073,98.0,0.0,3.396233,Bajo
1.323,95.0,0.0,5.3999996,Bajo
2.873,89.0,0.0,12.224107,Bajo
3.923,86.0,0.0,19.245697,Moderado
4.9729996,80.0,0.0,23.042812,Moderado
6.123,66.0,0.0,26.27753,Alto
6.4729996,59.0,0.0,27.466372,Alto
6.623,56.0,0.0,25.772078,Alto
6.4230003,58.0,0.0,21.03152,Moderado
5.773,61.0,0.0,17.373497,Moderado
4.223,72.0,0.0,9.904906,Bajo
2.423,81.0,0.0,5.495161,Bajo
1.673,82.0,0.0,5.6920996,Bajo
1.223,82.0,0.0,5.0911684,Bajo
0.673,85.0,0.0,6.1305785,Bajo
0.373,86.0,0.0,6.6087217,Bajo
1.273,84.0,1.1,10.805999,Bajo
1.073,90.0,0.8,14.081477,Bajo
1.423,85.0,0.0,16.78156,Moderado
1.323,87.0,0.2,13.18308,Bajo
1.473,85.0,0.0,4.1046314,Bajo
1.473,83.0,0.0,3.096837,Bajo
1.223,85.0,0.0,9.387651,Bajo
0.973,92.0,0.0,15.978484,Moderado
2.223,82.0,0.0,19.191748,Moderado
3.173,78.0,0.0,20.966715,Moderado
4.623,67.0,0.0,27.887802,Alto
5.7229996,59.0,0.0,29.738703,Alto
6.273,56.0,0.0,28.551426,Alto
6.573,54.0,0.0,26.121714,Alto
6.9230003,51.0,0.0,26.341572,Alto
7.073,50.0,0.0,22.782625,Alto
7.023,50.0,0.0,19.770523,Moderado
6.4729996,51.0,0.0,16.179985,Moderado
4.9230003,60.0,0.0,9.387651,Moderado
3.123,70.0,0.0,4.8433046,Bajo
1.823,75.0,0.0,4.3349743,Bajo
1.073,80.0,0.0,2.968636,Bajo
0.423,85.0,0.0,2.2768397,Bajo
0.023000002,88.0,0.0,1.8,Bajo
-0.02700001,88.0,0.0,2.2768397,Bajo
0.17300001,86.0,0.0,2.1897945,Bajo
-0.32700002,90.0,0.0,3.6,Bajo
-0.527,93.0,0.0,4.1046314,Bajo
-0.677,95.0,0.0,5.0528407,Bajo
-0.827,97.0,0.0,6.2145634,Bajo
-0.977,98.0,0.0,7.628263,Bajo
-0.727,98.0,0.0,7.5170207,Bajo
-0.477,100.0,0.0,6.9899354,Bajo
1.123,91.0,0.0,15.629972,Moderado
2.473,81.0,0.0,16.923828,Moderado
3.673,70.0,0.0,17.414476,Moderado
4.9230003,61.0,0.0,19.06301,Moderado
5.4729996,58.0,0.0,20.12461,Moderado
5.623,58.0,0.0,19.13426,Moderado
5.623,58.0,0.0,18.511143,Moderado
5.273,60.0,0.0,17.902534,Moderado
4.4729996,64.0,0.0,16.171976,Moderado
3.273,71.0,0.0,11.440978,Moderado
1.673,79.0,0.0,7.208994,Bajo
0.823,80.0,0.0,8.4042845,Bajo
0.273,84.0,0.0,7.771331,Bajo
-0.17699999,87.0,0.0,7.69592,Bajo
-0.627,89.0,0.0,7.2359104,Bajo
-1.027,91.0,0.0,6.849467,Bajo
-1.327,92.0,0.0,7.2,Bajo
-2.927,98.0,0.0,5.8048253,Bajo
-3.227,98.0,0.0,6.130579,Bajo
-3.477,98.0,0.0,6.12,Bajo
-3.527,97.0,0.0,6.130579,Bajo
-3.527,96.0,0.0,6.489992,Bajo
-3.377,95.0,0.0,6.519877,Bajo
-2.227,95.0,0.0,6.130579,Bajo
0.673,81.0,0.0,8.647496,Bajo
2.773,71.0,0.0,12.429127,Moderado
4.123,63.0,0.0,14.986553,Moderado
5.123,54.0,0.0,15.778518,Moderado
5.6730003,50.0,0.0,17.238699,Moderado
6.073,48.0,0.0,17.477621,Moderado
6.023,48.0,0.0,17.906157,Moderado
5.623,51.0,0.0,17.786331,Moderado
4.9729996,54.0,0.0,15.7908325,Moderado
3.573,62.0,0.0,10.182337,Moderado
1.623,74.0,0.0,6.1094027,Bajo
0.573,78.0,0.0,5.8603754,Bajo
-0.127,81.0,0.0,5.6233797,Bajo
-0.827,83.0,0.0,5.6233797,Bajo
-1.027,82.0,0.0,5.4833565,Bajo
-0.92700005,80.0,0.0,5.0142193,Bajo
-1.027,81.0,0.0,3.7585104,Bajo
-1.427,85.0,0.0,3.219938,Bajo
-2.127,89.0,0.0,3.319036,Bajo
-2.927,94.0,0.0,3.5455887,Bajo
-3.827,100.0,0.0,3.7064266,Bajo
-4.127,100.0,0.0,3.396233,Bajo
-4.3269997,100.0,0.0,3.096837,Bajo
-3.477,99.0,0.0,1.8,Bajo
-0.32700002,87.0,0.0,0.8049845,Bajo
2.373,70.0,0.0,1.1384199,Bajo
3.823,60.0,0.0,4.0249224,Bajo
4.4729996,54.0,0.0,8.049845,Moderado
4.823,53.0,0.1,9.0,Moderado
4.823,57.0,0.2,7.8625183,Bajo
4.823,56.0,0.2,6.924738,Bajo
4.9230003,52.0,0.0,6.28713,Bajo
4.523,54.0,0.0,5.154415,Bajo
3.573,65.0,0.1,2.0364676,Bajo
2.573,69.0,0.2,2.2768397,Bajo
1.273,84.0,0.2,3.4152596,Bajo
0.573,91.0,0.1,5.154415,Bajo
0.473,89.0,0.0,5.634891,Bajo
0.023000002,89.0,0.0,5.154415,Bajo
-0.527,91.0,0.0,4.802999,Bajo
-0.877,91.0,0.0,3.9763298,Bajo
-1.027,89.0,0.0,1.8,Bajo
-1.227,90.0,0.0,1.8,Bajo
-1.327,91.0,0.0,1.2979984,Bajo
-1.627,92.0,0.0,2.968636,Bajo
-2.577,96.0,0.0,3.563818,Bajo
-3.077,97.0,0.0,3.8773184,Bajo
-1.577,92.0,0.0,5.937272,Bajo
0.373,80.0,0.0,9.36,Bajo
1.873,70.0,0.0,12.904882,Moderado
3.023,65.0,0.0,14.84318,Moderado
3.723,59.0,0.0,13.493999,Moderado
4.373,54.0,0.0,11.457958,Moderado
4.873,47.0,0.0,12.599998,Moderado
4.9230003,46.0,0.0,11.923557,Moderado
4.573,47.0,0.0,12.397806,Moderado
3.923,48.0,0.0,12.55879,Moderado
2.823,54.0,0.0,10.464797,Moderado
1.223,66.0,0.0,7.628263,Bajo
0.623,73.0,0.0,7.5685663,Bajo
0.17300001,77.0,0.0,7.5685663,Bajo
-0.127,75.0,0.0,7.92,Bajo
-0.677,77.0,0.0,7.5942073,Bajo
-1.127,79.0,0.0,6.9899354,Bajo
-1.377,79.0,0.0,6.830519,Bajo
-1.677,78.0,0.0,5.315336,Bajo
-1.777,77.0,0.0,4.8965297,Bajo
-1.927,78.0,0.0,4.6938257,Bajo
-2.327,80.0,0.0,4.39436,Bajo
-2.627,82.0,0.0,4.0249224,Bajo
-2.777,83.0,0.0,3.8939953,Bajo
-1.077,78.0,0.0,4.896529,Bajo
1.223,66.0,0.0,7.289444,Bajo
2.773,51.0,0.0,10.948973,Moderado
3.523,44.0,0.0,9.826088,Moderado
4.1730003,40.0,0.0,10.966713,Moderado
4.573,36.0,0.0,11.770403,Moderado
4.623,38.0,0.0,12.682018,Moderado
4.7229996,37.0,0.0,13.608762,Moderado
4.323,40.0,0.0,14.05845,Moderado
3.723,44.0,0.0,13.551501,Moderado
2.573,50.0,0.0,10.464797,Moderado
1.023,62.0,0.0,6.4096174,Bajo
-0.02700001,67.0,0.0,6.519877,Bajo
-0.77699995,72.0,0.0,7.2359104,Bajo
-1.127,74.0,0.0,7.9932976,Bajo
-1.227,74.0,0.0,9.178235,Bajo
-1.227,73.0,0.0,10.829959,Moderado
-1.577,77.0,0.0,12.57426,Moderado
-1.677,84.0,0.0,15.5843,Moderado
-1.427,84.0,0.0,16.263872,Moderado
-1.277,82.0,0.0,16.65754,Moderado
-1.077,81.0,0.0,17.298738,Moderado
-0.977,84.0,0.0,18.511143,Moderado
-0.577,86.0,0.0,18.511143,Moderado
1.023,85.0,0.0,18.448023,Moderado
2.823,71.0,0.0,22.104116,Moderado
4.573,63.0,0.0,27.943514,Alto
5.373,58.0,0.0,25.620771,Alto
6.023,52.0,0.0,26.674032,Alto
6.2229996,49.0,0.0,26.882141,Alto
6.373,50.0,0.0,29.714724,Alto
6.023,50.0,0.0,28.58545,Alto
5.4230003,54.0,0.0,28.639803,Alto
4.573,58.0,0.0,27.534704,Alto
3.423,63.0,0.0,26.437336,Alto
2.623,73.0,0.0,25.20257,Alto
2.423,78.0,0.0,24.251284,Moderado
2.1729999,77.0,0.0,25.6233,Alto
1.623,80.0,0.0,23.933907,Moderado
1.473,82.0,0.0,25.006397,Moderado
1.573,79.0,0.0,27.381308,Alto
1.673,75.0,0.0,27.038372,Alto
1.873,77.0,0.0,26.932714,Alto
1.823,74.0,0.0,27.908709,Alto
1.823,76.0,0.0,27.193705,Alto
1.873,75.0,0.0,27.419146,Alto
1.723,78.0,0.0,26.400545,Alto
1.873,74.0,0.0,28.880886,Alto
2.473,70.0,0.0,32.078403,Alto
3.423,67.0,0.0,34.162083,Alto
4.323,65.0,0.0,36.537785,Muy alto
5.123,60.0,0.0,39.606544,Muy alto
5.9729996,55.0,0.0,41.039997,Muy alto
6.323,56.0,0.0,40.326424,Muy alto
6.273,55.0,0.0,40.345707,Muy alto
5.9729996,58.0,0.0,41.401566,Muy alto
5.6730003,64.0,0.0,37.095722,Muy alto
4.773,68.0,0.0,33.497414,Alto
3.723,69.0,0.0,30.248568,Alto
2.823,69.0,0.0,28.19285,Alto
2.1230001,76.0,0.0,28.856194,Alto
1.673,76.0,0.0,27.595823,Alto
1.173,70.0,0.0,26.901417,Alto
0.573,70.0,0.0,25.38702,Alto
0.023000002,75.0,0.0,22.702845,Moderado
-0.32700002,78.0,0.0,19.839235,Moderado
-0.32700002,71.0,0.0,16.520823,Moderado
-0.77699995,68.0,0.0,14.84318,Moderado
-1.177,69.0,0.0,12.979984,Moderado
-1.427,70.0,0.0,9.83268,Bajo
-1.527,71.0,0.0,7.9932976,Bajo
-1.577,69.0,0.0,9.36,Bajo
-0.627,66.0,0.0,12.7279215,Moderado
0.823,58.0,0.0,15.141414,Moderado
2.1230001,49.0,0.0,16.965895,Moderado
2.973,43.0,0.0,16.676977,Moderado
3.523,44.0,0.0,19.296133,Alto
3.873,43.0,0.0,21.746502,Alto
4.323,42.0,0.0,23.358425,Alto
4.223,44.0,0.0,24.162947,Alto
4.073,46.0,0.0,23.540806,Alto
3.673,50.0,0.0,21.9718,Alto
3.073,57.0,0.0,18.64369,Moderado
2.473,69.0,0.0,16.23596,Moderado
1.973,81.0,0.0,15.893093,Moderado
2.073,85.0,0.0,17.651016,Moderado
1.873,86.0,0.0,17.935081,Moderado
1.673,85.0,0.0,18.25026,Moderado
1.473,87.0,0.0,19.137648,Moderado
1.673,86.0,0.0,20.870687,Moderado
1.123,85.0,0.0,19.0392,Moderado
1.073,87.0,0.0,19.386591,Moderado
1.073,88.0,0.0,19.0392,Moderado
1.373,87.0,0.0,20.082708,Moderado
1.823,85.0,0.0,22.180206,Moderado
2.023,84.0,0.0,22.530937,Moderado
2.873,83.0,0.0,23.510508,Moderado
4.273,76.0,0.0,27.952787,Alto
5.9729996,68.0,0.0,30.293522,Alto
6.9230003,63.0,0.0,32.09052,Alto
7.323,61.0,0.0,33.528355,Alto
7.623,59.0,0.0,36.40453,Muy alto
7.823,58.0,0.0,38.183765,Muy alto
7.7229996,60.0,0.0,35.543507,Muy alto
7.2229996,62.0,0.0,32.078403,Alto
6.273,64.0,0.0,30.317043,Alto
5.273,64.0,0.0,27.952787,Alto
4.6730003,69.0,0.0,24.187069,Alto
4.123,71.0,0.0,25.922499,Alto
3.673,70.0,0.0,27.0024,Alto
3.123,69.0,0.0,30.978832,Alto
2.423,73.0,0.0,32.04202,Alto
2.1230001,75.0,0.0,32.760002,Alto
2.1729999,76.0,0.0,34.567497,Alto
2.723,73.0,0.0,37.806854,Muy alto
2.623,75.0,0.0,38.526726,Muy alto
2.623,77.0,0.0,38.881668,Muy alto
2.723,77.0,0.0,37.14286,Alto
2.973,78.0,0.0,36.424103,Alto
2.973,80.0,0.0,35.756172,Alto
4.323,75.0,0.0,33.21573,Alto
5.273,72.0,0.0,33.168877,Alto
6.573,68.0,0.0,32.169178,Alto
7.4729996,63.0,0.0,30.926489,Alto
8.473,58.0,0.0,30.758411,Alto
8.773,56.0,0.0,31.079071,Alto
9.172999,56.0,0.0,34.22841,Muy alto
8.873,57.0,0.0,33.280045,Alto
8.422999,59.0,0.0,32.305862,Alto
7.6730003,62.0,0.0,30.302078,Alto
6.7229996,67.0,0.0,26.6327,Alto
5.623,73.0,0.0,23.469128,Moderado
4.9729996,77.0,0.0,22.33161,Moderado
4.573,80.0,0.0,20.883104,Moderado
4.123,84.0,0.0,18.374111,Moderado
3.823,87.0,0.0,17.28,Moderado
3.623,88.0,0.0,18.359999,Moderado
3.673,89.0,0.0,18.733839,Moderado
4.4230003,88.0,0.0,21.67487,Moderado
4.573,86.0,0.0,22.366402,Moderado
4.4729996,86.0,0.0,22.033648,Moderado
4.323,86.0,0.0,21.485697,Moderado
4.273,85.0,0.0,21.322214,Moderado
4.523,84.0,0.0,23.400002,Moderado
6.073,72.0,0.0,26.302181,Alto
7.2229996,63.0,0.0,30.619051,Alto
8.173,59.0,0.0,33.933697,Muy alto
8.672999,54.0,0.0,35.821354,Muy alto
8.523,53.0,0.0,38.491394,Muy alto
8.422999,52.0,0.0,39.122574,Muy alto
8.873,52.0,0.0,36.67232,Muy alto
8.823,55.0,0.0,35.516148,Muy alto
8.273,55.0,0.0,36.161636,Muy alto
7.373,59.0,0.0,32.283787,Alto
6.773,65.0,0.0,30.37683,Alto
5.9729996,69.0,0.0,27.74103,Alto
5.4230003,73.0,0.0,24.144165,Moderado
5.123,76.0,0.0,23.97989,Moderado
4.9729996,77.0,0.0,23.675303,Moderado
4.6730003,79.0,0.0,21.398056,Moderado
4.273,79.0,0.0,20.523157,Moderado
3.873,82.0,0.0,19.93048,Moderado
3.373,83.0,0.0,18.1041,Moderado
3.123,84.0,0.0,17.208603,Moderado
2.623,87.0,0.0,15.034041,Moderado
2.223,90.0,0.0,14.145756,Moderado
1.923,91.0,0.0,12.641076,Bajo
1.873,92.0,0.0,12.10157,Bajo
3.473,84.0,0.0,14.84318,Moderado
5.7229996,72.0,0.0,19.809813,Moderado
7.323,63.0,0.0,23.000591,Alto
8.223,59.0,0.0,24.703976,Alto
8.723,56.0,0.0,25.537172,Alto
8.922999,55.0,0.0,26.64,Alto
8.873,55.0,0.0,28.551426,Alto
8.523,57.0,0.0,28.99062,Alto
8.323,55.0,0.0,28.03612,Alto
8.023,56.0,0.0,27.534704,Alto
6.9729996,62.0,0.0,27.06472,Alto
6.023,65.0,0.0,25.264202,Alto
5.773,68.0,0.1,25.683926,Alto
5.4729996,71.0,0.1,24.962307,Alto
5.6730003,70.0,0.0,24.192429,Alto
5.573,71.0,0.0,25.1614,Alto
5.4230003,73.0,0.0,25.460936,Alto
5.523,73.0,0.0,25.455843,Alto
5.073,72.0,0.0,23.042812,Moderado
4.873,76.0,0.0,20.63023,Moderado
4.773,78.0,0.0,19.513195,Moderado
4.573,81.0,0.0,17.10284,Moderado
4.623,80.0,0.0,16.485485,Moderado
4.9230003,80.0,0.0,16.676977,Moderado
6.1730003,76.0,0.0,17.873556,Moderado
6.4729996,75.0,0.2,21.734581,Moderado
6.9230003,73.0,0.6,22.702845,Moderado
7.573,65.0,0.4,23.710857,Moderado
8.073,61.0,0.2,25.772078,Moderado
8.422999,60.0,0.2,25.603062,Moderado
8.373,59.0,0.3,29.168886,Alto
8.173,59.0,0.3,27.504095,Moderado
7.9230003,58.0,0.0,24.64094,Alto
7.273,58.0,0.0,21.077686,Moderado
6.2229996,60.0,0.0,16.93531,Moderado
5.2229996,62.0,0.0,13.324863,Moderado
4.223,68.0,0.0,12.964998,Moderado
3.273,73.0,0.0,12.620554,Moderado
2.1729999,78.0,0.0,12.429127,Moderado
1.473,81.0,0.0,13.1041975,Moderado
0.773,80.0,0.0,12.181625,Moderado
0.373,76.0,0.0,10.24578,Bajo
-0.277,83.0,0.0,4.452954,Bajo
-0.07699999,83.0,0.0,1.08,Bajo
-0.07699999,84.0,0.2,2.6208394,Bajo
-0.227,87.0,0.0,2.9024127,Bajo
-0.17699999,88.0,0.0,1.2979984,Bajo
0.073,86.0,0.0,1.2979984,Bajo
0.723,84.0,0.0,2.8116899,Bajo
2.223,72.0,0.0,0.35999998,Bajo
3.573,61.0,0.0,1.2979984,Bajo
4.773,54.0,0.0,4.1046314,Bajo
5.823,48.0,0.0,7.729527,Moderado
6.2229996,45.0,0.0,10.931203,Moderado
5.9230003,48.0,0.0,11.966953,Moderado
5.873,50.0,0.0,13.75558,Moderado
5.873,49.0,0.0,13.202726,Moderado
5.823,46.0,0.0,12.864649,Moderado
5.2229996,46.0,0.0,12.43434,Moderado
3.673,52.0,0.0,10.163227,Moderado
2.473,60.0,0.0,10.931203,Moderado
1.423,65.0,0.0,11.043261,Moderado
0.623,67.0,0.0,12.181625,Moderado
0.273,69.0,0.0,13.358861,Moderado
0.223,72.0,0.0,15.273505,Moderado
0.223,72.0,0.0,16.516901,Moderado
-0.07699999,78.0,0.0,16.610792,Moderado
-0.02700001,80.0,0.0,18.388212,Moderado
0.223,82.0,0.0,18.899143,Moderado
0.623,83.0,0.0,18.792551,Moderado
1.223,81.0,0.0,19.130875,Moderado
1.723,81.0,0.0,19.809813,Moderado
2.973,78.0,0.0,19.242327,Moderado
5.073,73.0,0.0,21.479666,Moderado
7.373,61.0,0.0,25.210283,Alto
8.623,53.0,0.0,26.882141,Alto
9.172999,54.0,0.0,28.30983,Alto
9.873,49.0,0.0,29.381382,Alto
9.773,46.0,0.0,29.070974,Alto
10.073,44.0,0.0,28.835976,Alto
9.773,48.0,0.0,26.642431,Alto
9.123,51.0,0.0,26.400545,Alto
8.123,55.0,0.0,23.535301,Alto
7.2229996,58.0,0.0,18.079027,Moderado
6.4230003,66.0,0.0,14.81259,Moderado
5.823,75.0,0.0,15.192682,Moderado
5.623,70.0,0.0,17.208603,Moderado
5.573,69.0,0.0,19.171478,Moderado
5.273,70.0,0.0,20.018072,Moderado
5.273,69.0,0.0,21.479664,Moderado
5.023,67.0,0.0,20.972897,Moderado
4.9230003,66.0,0.0,19.64228,Moderado
4.9230003,65.0,0.0,19.64228,Moderado
5.073,64.0,0.0,21.758419,Moderado
4.873,66.0,0.0,21.470612,Moderado
4.9729996,68.0,0.1,23.090569,Moderado
6.7229996,63.0,0.1,16.923828,Moderado
7.323,60.0,0.1,19.201874,Moderado
8.672999,53.0,0.1,22.104116,Alto
9.373,51.0,0.1,24.57511,Alto
10.473,45.0,0.0,26.407907,Alto
10.873,43.0,0.0,26.576681,Alto
10.473,46.0,0.0,28.357855,Alto
10.123,46.0,0.0,24.079666,Alto
10.773,42.0,0.0,22.9724,Alto
10.573,42.0,0.0,19.969458,Alto
9.773,46.0,0.0,13.18308,Moderado
8.123,55.0,0.0,6.12,Bajo
7.323,57.0,0.0,3.396233,Bajo
7.023,58.0,0.0,2.0991426,Bajo
6.4729996,60.0,0.0,2.0991426,Bajo
5.373,65.0,0.0,3.671294,Bajo
4.4230003,70.0,0.0,3.671294,Bajo
4.023,74.0,0.0,2.4149535,Bajo
3.223,72.0,0.0,2.16,Bajo
2.873,74.0,0.0,3.0758414,Bajo
2.773,75.0,0.0,3.096837,Bajo
2.623,77.0,0.0,2.5959969,Bajo
2.573,79.0,0.0,5.4833565,Bajo
2.773,81.0,0.0,3.7585104,Bajo
3.273,82.0,0.0,4.2136917,Bajo
4.773,74.0,0.0,5.6920996,Bajo
6.7229996,65.0,0.0,6.130579,Bajo
8.672999,57.0,0.0,7.342588,Moderado
10.373,49.0,0.0,6.489992,Moderado
12.023,42.0,0.0,7.2,Moderado
13.073,38.0,0.0,8.557102,Moderado
13.223,36.0,0.0,14.799459,Moderado
11.823,41.0,0.0,22.725668,Alto
10.123,50.0,0.0,23.871555,Alto
8.973,52.0,0.0,26.807312,Alto
7.523,61.0,0.1,22.104116,Alto
6.323,65.0,0.1,18.11841,Moderado
5.4729996,66.0,0.0,16.73516,Moderado
5.023,60.0,0.0,15.379206,Moderado
4.373,60.0,0.0,11.923557,Moderado
3.173,69.0,0.0,10.739832,Moderado
1.973,80.0,0.0,9.686609,Bajo
1.323,81.0,0.0,8.39657,Bajo
0.923,81.0,0.0,6.297428,Bajo
0.523,83.0,0.0,3.4152596,Bajo
-0.427,88.0,0.0,5.5887027,Bajo
0.773,74.0,0.0,9.0645685,Bajo
2.323,71.0,0.0,20.275383,Moderado
3.273,71.0,0.0,19.652176,Moderado
5.373,56.0,0.0,26.925497,Alto
6.1730003,51.0,0.0,35.426632,Muy alto
6.123,56.0,0.1,34.94968,Muy alto
6.773,49.0,0.0,32.49785,Muy alto
5.773,53.0,0.3,34.597477,Alto
5.573,49.0,0.0,38.156605,Muy alto
5.2229996,49.0,0.1,37.1969,Muy alto
4.523,55.0,0.0,35.65454,Muy alto
4.123,52.0,0.0,33.26252,Muy alto
3.423,55.0,0.0,30.430117,Alto
2.523,58.0,0.0,27.333935,Alto
1.623,61.0,0.0,27.25559,Alto
1.123,65.0,0.0,25.071096,Alto
0.873,68.0,0.0,23.241617,Moderado
0.673,70.0,0.0,21.758419,Moderado
0.523,72.0,0.0,21.068459,Moderado
0.423,75.0,0.0,20.326454,Moderado
-0.32700002,77.0,0.0,20.188908,Moderado
-0.37699997,78.0,0.0,18.388212,Moderado
-0.477,76.0,0.0,15.941944,Moderado
-0.677,78.0,0.0,13.779114,Moderado
-0.727,80.0,0.0,13.044722,Moderado
-0.37699997,82.0,0.0,11.966954,Bajo
1.423,79.0,0.0,16.548256,Moderado
2.573,70.0,0.0,22.17144,Moderado
3.773,62.0,0.0,18.472595,Moderado
4.773,64.0,0.0,12.599998,Moderado
5.523,59.0,0.0,21.94524,Alto
4.7229996,73.0,0.2,21.407139,Moderado
5.023,75.0,0.3,18.947083,Moderado
5.1730003,73.0,0.2,21.09305,Moderado
6.623,65.0,0.2,20.87379,Moderado
6.823,63.0,0.2,21.9718,Moderado
6.7229996,64.0,0.1,14.693999,Moderado
6.323,70.0,0.0,11.503113,Moderado
5.373,79.0,0.0,10.990322,Bajo
5.073,82.0,0.0,9.726664,Bajo
5.023,82.0,0.0,9.686609,Bajo
4.6730003,83.0,0.0,10.009036,Bajo
4.4729996,85.0,0.0,10.805998,Bajo
4.1730003,88.0,0.0,10.144082,Bajo
4.073,90.0,0.0,8.891343,Bajo
3.973,91.0,0.1,8.287822,Bajo
3.573,91.0,0.0,7.7879906,Bajo
3.223,92.0,0.0,6.9247384,Bajo
3.073,92.0,0.0,6.6087217,Bajo
3.473,91.0,0.0,7.5685663,Bajo
5.273,87.0,0.0,12.10157,Bajo
7.373,76.0,0.0,24.18707,Moderado
8.223,73.0,0.0,23.313995,Moderado
9.223,67.0,0.0,25.071096,Alto
9.123,67.0,0.0,24.975283,Alto
9.123,68.0,0.0,26.282465,Alto
9.373,66.0,0.1,24.923338,Alto
9.973,62.0,0.0,27.047956,Alto
10.073,60.0,0.0,28.174456,Alto
9.523,58.0,0.0,25.509243,Alto
8.773,60.0,0.0,22.668568,Alto
8.023,64.0,0.0,18.947083,Moderado
7.373,66.0,0.0,22.101183,Moderado
6.623,65.0,0.0,25.764534,Alto
5.9729996,65.0,0.0,28.829233,Alto
6.023,66.0,0.0,29.714724,Alto
6.2229996,65.0,0.0,30.158459,Alto
5.9230003,67.0,0.0,29.795301,Alto
5.623,71.0,0.0,26.434887,Alto
5.573,75.0,0.1,27.212759,Alto
5.523,79.0,0.3,27.21038,Moderado
5.573,81.0,0.5,26.729847,Moderado
5.6730003,81.0,0.4,25.44566,Moderado
6.323,78.0,0.2,25.671307,Moderado
8.323,64.0,0.0,27.792374,Alto
8.523,66.0,0.2,30.926489,Alto
9.172999,65.0,0.4,32.569557,Alto
9.523,65.0,0.3,35.728977,Alto
9.473,66.0,0.3,38.243114,Alto
9.873,62.0,0.1,38.723015,Muy alto
10.323,59.0,0.0,40.796116,Muy alto
9.922999,59.0,0.0,40.35213,Muy alto
9.273,63.0,0.0,38.6208,Muy alto
8.473,67.0,0.0,37.003025,Muy alto
7.6730003,71.0,0.1,35.98559,Alto
7.123,73.0,0.1,35.364388,Alto
7.323,71.0,0.1,33.971867,Alto
7.1730003,71.0,0.1,34.942265,Alto
7.2229996,70.0,0.1,35.419315,Alto
7.023,71.0,0.0,34.298386,Alto
6.873,72.0,0.1,33.014175,Alto
6.823,72.0,0.0,32.36398,Alto
7.323,71.0,0.0,34.477398,Alto
7.1730003,71.0,0.6,32.553635,Alto
7.1730003,70.0,0.4,32.06426,Alto
7.023,69.0,0.1,32.10667,Alto
6.6730003,70.0,0.0,30.871965,Alto
6.523,70.0,0.0,28.772987,Alto
8.273,60.0,0.0,25.992401,Alto
8.573,60.0,0.0,25.992401,Alto
9.723,55.0,0.0,27.959743,Alto
9.873,56.0,0.0,27.908709,Alto
10.623,53.0,0.2,27.21038,Moderado
10.023,57.0,0.4,28.73242,Alto
9.823,45.0,0.0,31.52005,Muy alto
8.973,47.0,0.0,29.598919,Alto
8.023,48.0,0.1,27.117346,Alto
7.4230003,49.0,0.0,25.006397,Alto
6.623,49.0,0.0,21.707731,Alto
5.773,50.0,0.0,18.0036,Moderado
4.623,57.0,0.0,16.946787,Moderado
3.823,66.0,0.0,18.782204,Moderado
3.173,71.0,0.0,20.192118,Moderado
2.673,74.0,0.0,20.721119,Moderado
2.273,71.0,0.0,22.461807,Moderado
1.873,71.0,0.0,24.933735,Alto
1.423,72.0,0.0,27.009598,Alto
1.073,74.0,0.0,26.282465,Alto
0.773,76.0,0.0,25.210283,Alto
0.673,77.0,0.0,24.50381,Moderado
0.573,77.0,0.0,23.469128,Moderado
1.073,73.0,0.0,23.266697,Moderado
2.523,67.0,0.0,26.042212,Alto
3.573,60.0,0.0,27.834309,Alto
4.573,54.0,0.0,29.215502,Alto
4.873,55.0,0.0,27.343414,Alto
5.623,58.0,0.0,27.231804,Alto
5.773,63.0,0.1,30.631746,Alto
6.623,58.0,0.1,31.087412,Alto
6.873,61.0,0.1,32.553635,Alto
6.4729996,68.0,0.2,34.30594,Alto
6.1730003,72.0,0.2,39.081146,Alto
5.823,73.0,0.3,36.862663,Alto
5.623,71.0,0.1,38.906654,Muy alto
5.523,72.0,0.1,41.616997,Muy alto
5.023,77.0,0.3,39.047966,Alto
4.4729996,81.0,0.4,35.191723,Alto
3.823,83.0,0.5,35.29102,Alto
3.323,75.0,0.1,33.97187,Alto
3.073,71.0,0.0,33.168877,Alto
2.373,71.0,0.0,33.1376,Alto
2.373,71.0,0.0,31.427404,Alto
2.323,70.0,0.0,31.608328,Alto
2.273,70.0,0.0,32.489876,Alto
2.1230001,71.0,0.0,31.655441,Alto
2.523,69.0,0.0,32.44996,Alto
3.423,68.0,0.0,35.62363,Alto
4.223,63.0,0.0,37.29086,Muy alto
4.373,66.0,0.3,37.10795,Alto
4.323,67.0,0.3,38.521683,Alto
3.723,73.0,0.5,39.241653,Alto
4.623,67.0,0.3,38.82162,Alto
5.573,64.0,0.7,37.47633,Alto
5.4729996,67.0,0.7,41.674564,Alto
4.823,72.0,0.9,37.16902,Alto
5.073,72.0,0.2,32.696644,Alto
4.4729996,79.0,0.2,26.496098,Moderado
3.823,84.0,0.5,27.333935,Moderado
3.673,83.0,0.0,28.04305,Alto
3.473,84.0,0.0,26.826641,Alto
3.373,84.0,0.2,27.504093,Moderado
3.373,81.0,0.0,30.376833,Alto
3.023,79.0,0.0,31.765793,Alto
2.773,74.0,0.0,31.550869,Alto
2.073,80.0,0.0,29.869154,Alto
1.823,76.0,0.0,31.569351,Alto
1.273,75.0,0.0,30.676142,Alto
0.873,73.0,0.0,28.58545,Alto
0.673,72.0,0.0,27.908709,Alto
1.023,72.0,0.0,28.266306,Alto
1.723,73.0,0.0,32.32992,Alto
2.723,65.0,0.0,37.079998,Muy alto
3.873,58.0,0.0,39.37353,Muy alto
4.4729996,54.0,0.0,43.683296,Muy alto
5.023,55.0,0.1,40.94832,Muy alto
5.073,56.0,0.1,40.83898,Muy alto
5.1730003,55.0,0.2,41.230606,Muy alto
5.273,53.0,0.1,41.04631,Muy alto
5.073,54.0,0.1,39.98594,Muy alto
4.373,58.0,0.0,36.707645,Muy alto
3.273,67.0,0.0,35.02561,Alto
2.423,75.0,0.0,28.079998,Alto
2.223,81.0,0.2,23.904108,Moderado
2.023,86.0,0.4,22.66857,Moderado
2.823,80.0,0.1,27.80403,Alto
3.173,76.0,0.0,32.353966,Alto
3.123,78.0,0.1,32.32992,Alto
3.023,79.0,0.2,29.810522,Moderado
3.023,77.0,0.1,30.563978,Alto
2.523,84.0,0.3,27.217524,Moderado
2.723,83.0,0.0,26.368616,Alto
2.523,84.0,0.0,25.43802,Moderado
2.323,83.0,0.0,26.674032,Alto
2.773,78.0,0.0,28.460497,Alto
3.973,72.0,0.0,33.62099,Alto
4.9729996,64.0,0.0,32.112724,Alto
6.123,57.0,0.0,31.06239,Alto
7.123,55.0,0.1,27.66384,Alto
7.1730003,61.0,0.4,27.534704,Moderado
7.073,51.0,0.3,24.675106,Moderado
7.2229996,45.0,0.0,23.507751,Alto
6.9230003,40.0,0.0,21.915691,Alto
6.573,38.0,0.0,22.183128,Alto
5.9230003,40.0,0.0,21.986542,Alto
4.9230003,45.0,0.0,20.073025,Alto
3.423,54.0,0.0,18.25026,Moderado
1.873,63.0,0.0,21.129883,Moderado
1.123,67.0,0.0,20.617662,Moderado
0.573,70.0,0.0,21.129883,Moderado
0.17300001,68.0,0.0,21.068459,Moderado
-0.227,65.0,0.0,19.930477,Moderado
-0.577,65.0,0.0,18.58451,Moderado
-1.327,71.0,0.0,15.815435,Moderado
-1.427,73.0,0.0,13.722565,Moderado
-1.377,75.0,0.0,14.618837,Moderado
-1.327,70.0,0.0,14.332341,Moderado
-1.727,72.0,0.0,13.679999,Moderado
-1.227,73.0,0.0,13.556282,Moderado
0.823,69.0,0.0,16.071491,Moderado
2.673,51.0,0.0,19.93048,Moderado
3.823,41.0,0.0,22.702845,Alto
4.573,41.0,0.0,24.20314,Alto
4.623,42.0,0.0,24.826954,Alto
4.9729996,44.0,0.0,23.993399,Alto
5.623,45.0,0.0,24.967499,Alto
5.773,47.0,0.0,25.744402,Alto
5.7229996,50.0,0.0,23.83896,Alto
5.373,56.0,0.0,21.38897,Alto
4.6730003,69.0,0.0,22.104116,Moderado
3.973,77.0,0.0,21.605999,Moderado
3.573,85.0,0.0,22.530937,Moderado
3.673,86.0,0.0,22.862125,Moderado
3.673,83.0,0.0,26.661882,Alto
3.723,82.0,0.0,27.722336,Alto
3.523,83.0,0.0,26.28,Alto
3.623,83.0,0.0,25.919998,Moderado
4.023,82.0,0.0,24.490587,Moderado
4.1730003,80.0,0.0,26.282465,Alto
4.223,79.0,0.0,26.28986,Alto
4.123,80.0,0.0,26.661882,Alto
4.123,80.0,0.0,25.919998,Alto
4.873,77.0,0.0,27.0,Alto
6.073,69.0,0.0,30.259275,Alto
7.523,63.0,0.0,31.810638,Alto
8.623,58.0,0.0,33.26252,Alto
9.422999,56.0,0.0,33.971867,Muy alto
9.922999,53.0,0.0,33.3792,Muy alto
10.023,52.0,0.0,33.93179,Muy alto
9.573,52.0,0.0,35.554443,Muy alto
8.973,54.0,0.0,34.66858,Muy alto
8.023,57.0,0.0,33.88019,Muy alto
7.323,60.0,0.0,31.63087,Alto
6.573,64.0,0.0,29.888672,Alto
5.573,70.0,0.0,27.153164,Alto
4.573,73.0,0.0,24.122683,Moderado
4.223,80.0,0.0,22.782625,Moderado
4.023,82.0,0.0,21.647945,Moderado
4.073,83.0,0.0,21.707731,Moderado
4.1730003,83.0,0.0,22.505037,Moderado
4.123,84.0,0.0,22.553936,Moderado
4.223,82.0,0.0,24.216522,Moderado
4.4230003,82.0,0.0,24.087738,Moderado
4.623,83.0,0.0,23.933907,Moderado
4.9729996,83.0,0.0,23.535301,Moderado
5.123,82.0,0.0,22.751316,Moderado
5.823,79.0,0.0,23.110207,Moderado
7.623,69.0,0.0,32.169178,Alto
9.073,62.0,0.0,35.65454,Muy alto
10.273,56.0,0.0,39.279613,Muy alto
10.823,53.0,0.0,40.513996,Muy alto
10.773,52.0,0.0,39.84958,Muy alto
11.123,50.0,0.0,39.378475,Muy alto
11.523,49.0,0.0,38.37843,Muy alto
11.172999,50.0,0.0,37.29086,Muy alto
10.773,51.0,0.0,37.641953,Muy alto
10.073,56.0,0.0,37.936893,Muy alto
9.273,64.0,0.0,35.85932,Muy alto
8.173,73.0,0.0,32.048088,Alto
7.323,75.0,0.0,30.978832,Alto
7.023,76.0,0.0,30.993471,Alto
6.6730003,77.0,0.0,30.317043,Alto
6.2229996,80.0,0.0,29.070974,Alto
6.123,81.0,0.0,29.122198,Alto
6.123,81.0,0.0,29.381382,Alto
5.873,79.0,0.0,34.471764,Alto
5.823,80.0,0.0,34.518726,Alto
5.9729996,79.0,0.0,34.786133,Alto
6.073,77.0,0.0,35.369884,Alto
5.9230003,77.0,0.0,36.764088,Alto
6.4230003,76.0,0.0,37.827415,Muy alto
7.1730003,71.0,0.0,36.721764,Muy alto
8.373,65.0,0.0,39.246605,Muy alto
9.223,61.0,0.0,40.018333,Muy alto
9.823,59.0,0.0,41.348316,Muy alto
9.973,58.0,0.0,42.06304,Muy alto
10.123,59.0,0.0,41.66368,Muy alto
10.823,56.0,0.0,43.45276,Muy alto
10.172999,59.0,0.0,42.699093,Muy alto
9.523,62.0,0.0,41.305977,Muy alto
8.573,66.0,0.0,39.609814,Muy alto
7.7229996,68.0,0.0,38.848316,Muy alto
6.6730003,70.0,0.0,39.345543,Muy alto
5.9230003,71.0,0.0,41.476624,Muy alto
5.7229996,72.0,0.0,41.784824,Muy alto
5.573,74.0,0.0,41.079453,Muy alto
5.323,73.0,0.0,42.51812,Muy alto
4.9729996,73.0,0.0,43.68033,Muy alto
5.023,74.0,0.0,41.167694,Muy alto
5.2229996,73.0,0.0,39.299404,Muy alto
5.2229996,73.0,0.0,39.28126,Muy alto
5.2229996,73.0,0.0,38.221085,Muy alto
5.1730003,73.0,0.0,36.735878,Muy alto
5.1730003,71.0,0.0,36.0072,Alto
5.523,69.0,0.0,36.388508,Muy alto
6.373,67.0,0.0,36.721764,Muy alto
7.323,63.0,0.0,38.519997,Muy alto
8.273,59.0,0.0,41.079453,Muy alto
8.422999,58.0,0.0,42.273567,Muy alto
8.773,56.0,0.0,41.982853,Muy alto
9.172999,54.0,0.0,41.305977,Muy alto
10.123,53.0,0.0,38.921646,Muy alto
10.023,50.0,0.0,40.03938,Muy alto
9.323,53.0,0.0,38.546906,Muy alto
8.922999,58.0,0.0,37.483242,Muy alto
7.623,70.0,0.1,36.17955,Muy alto
6.873,73.0,0.0,33.805515,Alto
6.9230003,73.0,0.0,27.181787,Alto
6.623,76.0,0.0,27.333935,Alto
6.273,77.0,0.0,26.368616,Alto
6.023,78.0,0.0,26.208395,Alto
5.823,78.0,0.0,25.38702,Alto
5.7229996,79.0,0.0,26.901417,Alto
5.323,79.0,0.0,26.052162,Alto
5.373,77.0,0.0,26.661882,Alto
5.023,70.0,0.0,29.239891,Alto
4.573,71.0,0.0,28.44,Alto
4.573,74.0,0.0,26.400545,Alto
5.2229996,71.0,0.0,26.405453,Alto
6.623,65.0,0.0,33.121956,Alto
7.623,59.0,0.0,36.40453,Muy alto
8.223,57.0,0.0,35.821354,Muy alto
9.073,56.0,0.0,35.39186,Muy alto
9.973,46.0,0.0,35.80507,Muy alto
9.922999,44.0,0.0,36.088093,Muy alto
9.873,45.0,0.0,35.105072,Muy alto
9.873,42.0,0.0,38.59395,Muy alto
9.573,46.0,0.0,33.39473,Muy alto
8.773,50.0,0.0,32.335934,Muy alto
7.623,54.0,0.0,30.657122,Alto
6.323,60.0,0.0,27.51116,Alto
5.323,68.0,0.0,23.42491,Alto
4.7229996,72.0,0.0,24.648829,Alto
4.373,74.0,0.0,25.050413,Alto
4.223,75.0,0.0,25.40743,Alto
4.273,75.0,0.0,25.509243,Alto
4.1730003,75.0,0.0,22.530937,Moderado
3.973,76.0,0.0,21.41319,Moderado
4.073,77.0,0.0,22.768398,Moderado
4.323,79.0,0.0,24.535524,Moderado
4.873,78.0,0.0,25.699057,Alto
5.123,78.0,0.0,24.648829,Moderado
5.873,73.0,0.0,25.651104,Alto
7.023,66.0,0.0,27.117346,Alto
7.773,60.0,0.0,29.660152,Alto
8.672999,53.0,0.0,34.627434,Muy alto
9.323,52.0,0.0,30.49818,Alto
9.672999,51.0,0.0,33.97187,Muy alto
9.073,58.0,0.2,33.46645,Alto
8.723,59.0,0.3,30.035742,Alto
8.473,66.0,0.4,28.202042,Moderado
8.273,68.0,0.5,28.594517,Moderado
8.123,70.0,0.4,28.883131,Moderado
7.7229996,73.0,0.3,27.959742,Moderado
7.373,75.0,0.1,25.699057,Alto
7.273,75.0,0.1,23.087763,Moderado
7.023,78.0,0.0,21.41319,Moderado
6.773,81.0,0.0,21.068459,Moderado
6.623,82.0,0.0,20.380579,Moderado
6.523,83.0,0.0,20.082708,Moderado
6.373,84.0,0.0,19.64558,Moderado
6.323,84.0,0.0,19.93048,Moderado
6.373,84.0,0.0,18.792551,Moderado
6.373,84.0,0.0,18.64369,Moderado
6.573,79.0,0.0,18.448023,Moderado
6.623,77.0,0.0,18.844202,Moderado
7.123,77.0,0.0,19.13426,Moderado
8.373,68.0,0.0,22.180206,Moderado
9.273,65.0,0.0,22.104116,Moderado
9.922999,65.0,0.0,23.73271,Alto
10.422999,63.0,0.0,24.590923,Alto
10.623,64.0,0.0,26.368616,Alto
10.473,65.0,0.0,25.620771,Alto
11.273,58.0,0.0,30.926489,Alto
10.922999,58.0,0.0,30.018473,Alto
10.422999,61.0,0.0,28.357857,Alto
10.323,65.0,0.0,27.66384,Alto
9.873,65.0,0.0,25.952478,Alto
8.823,68.0,0.0,28.079998,Alto
8.323,69.0,0.0,27.553524,Alto
8.323,68.0,0.0,28.856194,Alto
8.023,70.0,0.2,29.574827,Moderado
7.9230003,74.0,0.4,27.908709,Moderado
8.273,72.0,0.2,27.558228,Moderado
8.523,69.0,0.0,27.598173,Alto
8.922999,66.0,0.0,23.565569,Alto
8.523,68.0,0.1,23.363974,Alto
8.573,67.0,0.0,24.387178,Alto
8.223,69.0,0.1,24.472057,Alto
7.9729996,71.0,0.3,22.415602,Moderado
8.323,70.0,0.1,22.415602,Moderado
10.573,61.0,0.1,27.212759,Alto
11.373,58.0,0.0,28.84721,Alto
12.623,54.0,0.0,29.142216,Alto
13.373,52.0,0.0,30.267845,Alto
13.373,53.0,0.0,30.811037,Alto
13.723,52.0,0.0,31.435646,Alto
14.373,50.0,0.0,33.326744,Muy alto
14.073,52.0,0.0,33.48774,Muy alto
12.672999,60.0,0.1,32.20944,Alto
11.273,68.0,0.3,29.947153,Moderado
10.273,73.0,0.8,26.576681,Moderado
10.023,71.0,0.4,24.766848,Moderado
10.523,64.0,0.2,23.507753,Moderado
10.323,65.0,0.0,24.86868,Alto
9.873,70.0,0.6,24.703976,Moderado
9.473,72.0,0.6,23.03156,Moderado
9.172999,72.0,0.5,23.667091,Moderado
9.023,70.0,0.0,23.18579,Moderado
8.873,68.0,0.0,24.86868,Alto
8.723,70.0,0.0,25.277023,Alto
8.273,73.0,0.0,21.398056,Moderado
7.523,79.0,0.0,17.651016,Moderado
7.123,79.0,0.0,16.394829,Moderado
8.073,67.0,0.0,21.746504,Moderado
9.273,61.0,0.0,20.957443,Moderado
10.323,55.0,0.0,21.96295,Alto
11.223,49.0,0.0,20.16,Alto
11.373,46.0,0.0,22.104116,Alto
11.523,45.0,0.0,23.441502,Alto
11.873,47.0,0.0,23.400002,Alto
12.273,43.0,0.0,27.112564,Alto
12.973,43.0,0.0,26.052162,Alto
12.223,46.0,0.1,25.420181,Alto
11.623,48.0,0.0,21.479666,Alto
10.723,53.0,0.0,19.586117,Moderado
9.623,59.0,0.0,15.137133,Moderado
9.023,64.0,0.0,9.83268,Moderado
8.173,71.0,0.0,11.620809,Moderado
7.573,78.0,0.0,12.144331,Moderado
7.273,78.0,0.0,12.496718,Moderado
6.573,82.0,0.2,15.941944,Bajo
6.023,81.0,0.2,18.214718,Bajo
5.2229996,70.0,0.0,20.991426,Moderado
3.973,74.0,0.0,20.240196,Moderado
3.373,75.0,0.0,18.391735,Moderado
2.823,78.0,0.0,15.273505,Moderado
2.473,81.0,0.0,12.758432,Moderado
3.723,75.0,0.0,11.966953,Moderado
5.823,64.0,0.0,11.792404,Moderado
7.773,55.0,0.0,14.578888,Moderado
9.473,45.0,0.0,19.694992,Alto
9.723,46.0,0.0,22.057161,Alto
9.672999,48.0,0.0,24.57511,Alto
10.373,44.0,0.0,24.66197,Alto
10.773,41.0,0.0,25.992397,Alto
10.573,42.0,0.0,26.407907,Alto
10.422999,43.0,0.1,25.872456,Alto
9.223,51.0,0.2,24.651457,Moderado
7.823,64.0,0.5,20.46941,Moderado
7.273,68.0,0.9,18.35647,Moderado
7.273,68.0,0.2,24.023088,Moderado
6.4230003,71.0,0.0,22.065973,Moderado
5.623,75.0,0.0,22.065973,Moderado
4.823,76.0,0.0,21.897945,Moderado
4.4230003,76.0,0.0,22.539564,Moderado
4.4729996,63.0,0.0,25.872454,Alto
3.823,64.0,0.0,24.94413,Alto
3.623,68.0,0.0,25.729298,Alto
3.423,72.0,0.0,25.323128,Alto
3.373,73.0,0.0,24.993439,Alto
3.573,69.0,0.0,26.727423,Alto
3.873,57.0,0.0,30.317043,Alto
5.1730003,55.0,0.0,36.258274,Muy alto
6.023,51.0,0.0,36.04677,Muy alto
7.073,44.0,0.0,38.243114,Muy alto
7.573,43.0,0.0,36.359997,Muy alto
8.422999,39.0,0.0,36.158054,Muy alto
8.323,40.0,0.0,34.743263,Muy alto
8.273,44.0,0.0,35.281837,Muy alto
7.7229996,55.0,0.4,34.786133,Alto
7.623,53.0,0.1,35.39186,Muy alto
7.4729996,53.0,0.1,33.21573,Muy alto
6.9729996,57.0,0.0,29.539747,Alto
6.623,59.0,0.0,25.264202,Alto
6.073,63.0,0.0,22.253124,Moderado
5.623,68.0,0.0,22.702845,Moderado
5.1730003,70.0,0.0,21.659918,Moderado
5.073,74.0,0.0,22.104116,Moderado
5.1730003,74.0,0.0,22.79684,Moderado
5.023,76.0,0.0,22.086521,Moderado
4.7229996,77.0,0.0,19.829433,Moderado
4.773,79.0,0.0,19.93048,Moderado
4.523,82.0,0.0,18.214718,Moderado
4.273,85.0,0.0,17.533146,Moderado
4.373,85.0,0.0,16.965895,Moderado
5.573,80.0,0.0,18.079027,Moderado
7.1730003,69.0,0.0,24.546085,Alto
8.873,60.0,0.0,21.986542,Alto
9.973,50.0,0.0,26.867676,Alto
10.723,48.0,0.0,27.438046,Alto
11.473,43.0,0.0,27.792374,Alto
11.723,41.0,0.0,27.009598,Alto
11.922999,40.0,0.0,25.744402,Alto
11.773,42.0,0.0,23.565567,Alto
11.323,45.0,0.0,21.479666,Alto
10.672999,45.0,0.0,19.839235,Alto
9.873,49.0,0.0,18.782204,Moderado
8.922999,55.0,0.0,14.759999,Moderado
7.273,64.0,0.0,11.879999,Moderado
6.323,71.0,0.0,10.739833,Moderado
5.623,75.0,0.0,11.165805,Moderado
5.373,77.0,0.0,10.990322,Moderado
4.823,81.0,0.0,11.631956,Bajo
4.573,84.0,0.0,11.27553,Bajo
4.4729996,84.0,0.0,9.0,Bajo
4.023,86.0,0.0,7.42159,Bajo
3.673,87.0,0.0,7.24486,Bajo
3.573,86.0,0.0,6.792466,Bajo
4.023,85.0,0.0,6.696387,Bajo
6.073,76.0,0.0,9.693296,Bajo
8.373,68.0,0.0,12.682018,Moderado
10.523,60.0,0.0,16.575644,Moderado
12.223,54.0,0.0,19.08,Moderado
13.373,47.0,0.0,21.434364,Alto
14.172999,44.0,0.0,22.553936,Alto
14.922999,42.0,0.0,21.611996,Alto
16.173,37.0,0.0,23.363974,Alto
16.273,33.0,0.0,24.472057,Alto
15.922999,35.0,0.0,24.144167,Alto
15.273,38.0,0.0,23.000591,Alto
14.373,41.0,0.0,20.620806,Alto
12.973,48.0,0.0,15.256526,Moderado
11.223,57.0,0.0,9.511088,Moderado
9.623,67.0,0.0,7.968939,Bajo
8.273,74.0,0.0,6.725354,Bajo
6.9729996,82.0,0.0,5.937272,Bajo
6.023,86.0,0.0,5.634891,Bajo
5.373,88.0,0.0,5.8048253,Bajo
4.7229996,87.0,0.0,7.628263,Bajo
4.823,85.0,0.0,10.587917,Bajo
4.4230003,89.0,0.0,11.966954,Bajo
4.123,91.0,0.0,12.0694,Bajo
4.4729996,86.0,0.0,12.864649,Moderado
6.273,75.0,0.0,16.434305,Moderado
8.873,62.0,0.0,19.809813,Moderado
9.473,66.0,0.1,22.314194,Moderado
9.473,69.0,0.4,22.79684,Moderado
10.123,65.0,0.4,26.576681,Moderado
9.973,64.0,0.4,30.599998,Alto
9.323,67.0,0.5,30.7542,Alto
10.823,57.0,0.1,37.19342,Muy alto
11.623,52.0,0.0,39.45245,Muy alto
11.073,58.0,0.1,38.526726,Muy alto
10.023,57.0,0.0,32.385994,Alto
8.773,46.0,0.1,35.178837,Muy alto
7.4729996,54.0,0.0,28.357857,Alto
6.273,69.0,0.0,28.496904,Alto
6.123,68.0,0.0,30.21642,Alto
5.823,69.0,0.0,29.834423,Alto
5.523,70.0,0.0,29.940662,Alto
5.373,69.0,0.0,30.216421,Alto
5.273,68.0,0.0,30.472675,Alto
4.873,70.0,0.0,22.450264,Moderado
4.773,73.0,0.0,19.995398,Moderado
4.7229996,75.0,0.0,18.847641,Moderado
4.573,78.0,0.2,18.218275,Bajo
5.1730003,78.0,0.5,19.862083,Moderado
6.323,76.0,0.7,28.019936,Moderado
7.4729996,70.0,1.1,31.259941,Alto
8.173,72.0,1.0,35.768856,Alto
9.123,69.0,0.8,42.476948,Alto
9.023,68.0,0.5,44.596428,Muy alto
8.173,68.0,0.8,43.13395,Alto
8.422999,63.0,0.6,43.666977,Muy alto
9.922999,48.0,0.0,55.49374,Extremo
8.723,50.0,0.0,54.170128,Extremo
7.873,52.0,0.0,54.38741,Extremo
6.873,58.0,0.0,51.131405,Extremo
6.1730003,59.0,0.0,46.668274,Muy alto
5.323,59.0,0.0,38.36492,Muy alto
4.573,63.0,0.0,36.36,Muy alto
3.923,67.0,0.0,33.497414,Alto
3.323,70.0,0.0,31.75355,Alto
2.773,68.0,0.0,31.487139,Alto
2.273,69.0,0.0,28.82249,Alto
1.873,77.0,0.0,26.903828,Alto
2.1729999,76.0,0.0,28.528723,Alto
2.073,75.0,0.0,28.410364,Alto
1.873,75.0,0.0,27.595823,Alto
1.523,78.0,0.0,25.651104,Alto
1.723,77.0,0.0,23.828083,Moderado
3.073,70.0,0.0,26.28986,Alto
4.573,57.0,0.0,31.278593,Alto
5.2229996,48.0,0.0,33.58821,Muy alto
6.123,39.0,0.0,32.69664,Muy alto
6.773,37.0,0.0,33.697998,Muy alto
7.4230003,34.0,0.0,35.06999,Muy alto
7.623,35.0,0.0,36.2082,Muy alto
7.9729996,34.0,0.0,31.875755,Muy alto
7.7229996,36.0,0.0,31.450073,Muy alto
7.2229996,35.0,0.0,30.758411,Muy alto
6.6730003,38.0,0.0,26.64,Alto
6.023,39.0,0.0,22.963936,Alto
5.123,44.0,0.0,15.226764,Moderado
3.773,51.0,0.0,9.114471,Moderado
2.973,59.0,0.0,5.154415,Bajo
2.223,64.0,0.0,6.489992,Bajo
1.923,68.0,0.0,6.489992,Bajo
2.023,68.0,0.0,9.449572,Bajo
2.023,66.0,0.0,9.504272,Moderado
1.223,65.0,0.0,11.753876,Moderado
1.723,68.0,0.0,13.397612,Moderado
2.473,74.0,0.0,16.904673,Moderado
2.923,76.0,0.0,19.66536,Moderado
3.673,75.0,0.1,23.565569,Moderado
3.973,80.0,0.4,26.787966,Moderado
3.723,87.0,0.6,24.458813,Moderado
5.073,84.0,1.0,22.768396,Moderado
6.073,82.0,0.9,23.358425,Moderado
6.9729996,79.0,0.5,20.608229,Moderado
7.9729996,77.0,0.2,18.35647,Bajo
8.473,74.0,0.5,18.25026,Moderado
8.273,83.0,1.8,17.902534,Bajo
8.623,80.0,1.9,15.03835,Bajo
8.073,74.0,0.9,27.047956,Moderado
7.4729996,62.0,0.2,38.046055,Alto
5.7229996,64.0,0.0,42.60338,Muy alto
3.923,66.0,0.0,44.398376,Muy alto
2.723,69.0,0.0,39.014767,Muy alto
1.973,70.0,0.0,39.239998,Muy alto
1.573,63.0,0.0,38.535137,Muy alto
1.323,61.0,0.0,37.14286,Muy alto
1.173,64.0,0.0,36.145508,Muy alto
1.023,66.0,0.0,34.589985,Alto
0.473,67.0,0.0,27.51116,Alto
0.323,68.0,0.0,26.124195,Alto
0.17300001,69.0,0.0,25.099514,Alto
0.023000002,71.0,0.0,22.91026,Moderado
0.223,71.0,0.0,20.966715,Moderado
1.423,66.0,0.0,21.829777,Moderado
3.523,51.0,0.0,25.562534,Alto
4.623,45.0,0.0,24.57511,Alto
5.523,42.0,0.0,22.963936,Alto
5.873,41.0,0.0,20.730501,Alto
6.873,39.0,0.0,20.46941,Alto
7.6730003,36.0,0.0,18.792551,Alto
7.773,37.0,0.0,15.042659,Moderado
7.623,39.0,0.0,11.525623,Moderado
7.773,40.0,0.0,9.339208,Moderado
7.523,41.0,0.0,9.220499,Moderado
6.873,45.0,0.0,9.693296,Moderado
5.873,52.0,0.0,9.449572,Moderado
5.7229996,61.0,0.0,0.8049845,Bajo
5.073,66.0,0.0,2.7416782,Bajo
4.4729996,73.0,0.0,0.5091169,Bajo
3.923,73.0,0.0,3.319036,Bajo
2.923,75.0,0.0,6.12,Bajo
2.723,76.0,0.0,7.072878,Bajo
2.523,81.0,0.0,5.4477882,Bajo
2.323,78.0,0.0,5.315336,Bajo
1.873,75.0,0.0,6.193674,Bajo
1.123,75.0,0.0,6.9153743,Bajo
1.173,75.0,0.0,5.904439,Bajo
3.373,68.0,0.0,6.9247384,Bajo
6.023,50.0,0.0,17.414476,Moderado
6.7229996,45.0,0.0,18.0036,Moderado
7.4729996,42.0,0.0,18.359999,Alto
8.173,40.0,0.0,18.532133,Alto
8.973,35.0,0.0,18.64369,Alto
8.773,37.0,0.0,19.09358,Alto
8.873,38.0,0.0,18.844202,Alto
7.873,45.0,0.0,22.45315,Alto
7.4729996,51.0,0.1,24.023088,Alto
6.373,52.0,0.0,24.344624,Alto
4.9729996,53.0,0.0,23.73271,Alto
3.423,58.0,0.0,21.096123,Moderado
2.023,64.0,0.0,14.8257065,Moderado
1.123,70.0,0.0,10.805998,Moderado
0.423,72.0,0.0,10.00256,Bajo
0.023000002,69.0,0.0,10.966713,Moderado
-0.277,66.0,0.0,10.137692,Moderado
-0.427,59.0,0.0,12.57426,Moderado
-1.127,65.0,0.0,3.2599385,Bajo
-1.427,67.0,0.0,1.484318,Bajo
-1.227,64.0,0.0,2.16,Bajo
-1.527,66.0,0.0,4.379589,Bajo
-1.927,73.0,0.0,4.896529,Bajo
0.373,65.0,0.0,7.42159,Bajo
2.723,48.0,0.0,13.32,Moderado
4.123,42.0,0.0,13.202726,Moderado
5.1730003,41.0,0.0,13.246826,Moderado
6.1730003,38.0,0.0,13.044722,Moderado
7.123,37.0,0.0,14.081477,Moderado
7.873,34.0,0.0,13.363711,Moderado
8.223,34.0,0.0,11.592895,Moderado
8.573,34.0,0.0,10.383987,Moderado
8.422999,35.0,0.0,10.086427,Moderado
8.123,38.0,0.0,11.384199,Moderado
7.373,42.0,0.0,13.207634,Moderado
6.073,48.0,0.0,13.905509,Moderado
4.123,57.0,0.0,11.726277,Moderado
2.773,65.0,0.0,9.422101,Moderado
1.973,70.0,0.0,7.9526596,Bajo
1.173,75.0,0.0,7.2805495,Bajo
0.623,80.0,0.0,7.5942073,Bajo
0.523,82.0,0.0,7.928178,Bajo
0.122999996,83.0,0.0,7.9932976,Bajo
0.17300001,82.0,0.0,9.0645685,Bajo
0.122999996,84.0,0.0,9.3669195,Bajo
0.073,85.0,0.0,8.669949,Bajo
0.523,83.0,0.0,9.028754,Bajo
2.423,75.0,0.0,11.525623,Moderado
5.1730003,64.0,0.0,13.797913,Moderado
6.773,56.0,0.0,16.09969,Moderado
7.823,51.0,0.0,17.238699,Moderado
8.773,49.0,0.0,18.043148,Moderado
9.422999,48.0,0.0,18.998316,Moderado
9.623,48.0,0.0,19.813087,Alto
10.273,43.0,0.0,20.326454,Alto
10.023,44.0,0.0,21.603,Alto
9.523,46.0,0.0,22.406927,Alto
8.623,48.0,0.0,22.881958,Alto
7.573,51.0,0.0,22.79684,Alto
6.4230003,56.0,0.0,21.862406,Alto
5.323,63.0,0.0,21.188072,Moderado
4.4729996,69.0,0.0,20.240196,Moderado
3.873,72.0,0.0,19.45333,Moderado
3.473,74.0,0.0,18.359999,Moderado
3.323,76.0,0.0,17.654688,Moderado
3.123,76.0,0.0,18.0036,Moderado
2.023,77.0,0.0,16.215992,Moderado
1.873,78.0,0.0,16.575644,Moderado
1.773,77.0,0.0,16.263872,Moderado
1.823,77.0,0.0,16.595179,Moderado
2.473,73.0,0.0,17.698677,Moderado
3.773,67.0,0.0,21.602999,Moderado
5.023,58.0,0.0,26.661882,Alto
6.323,52.0,0.0,28.496904,Alto
7.523,48.0,0.0,29.627363,Alto
8.422999,45.0,0.0,29.69727,Alto
9.023,44.0,0.0,28.943642,Alto
9.223,44.0,0.0,28.910038,Alto
9.573,43.0,0.0,31.06239,Muy alto
9.273,44.0,0.0,31.421213,Muy alto
8.473,47.0,0.0,31.06239,Alto
7.873,51.0,0.0,29.574827,Alto
6.9729996,54.0,0.0,27.362366,Alto
6.073,58.0,0.0,24.967499,Alto
5.6730003,60.0,0.0,24.216522,Alto
5.273,64.0,0.0,21.841648,Moderado
5.023,67.0,0.0,19.9954,Moderado
4.823,70.0,0.0,18.947083,Moderado
4.623,73.0,0.1,19.734436,Moderado
3.973,78.0,0.1,19.721298,Moderado
3.873,76.0,0.2,18.556595,Bajo
3.723,78.0,0.0,16.311613,Moderado
3.773,80.0,0.0,15.463246,Moderado
4.023,78.0,0.0,16.45007,Moderado
4.573,76.0,0.1,20.140705,Moderado
5.523,73.0,0.0,21.900904,Moderado
7.2229996,65.0,0.0,22.288042,Moderado
8.523,60.0,0.0,26.729847,Alto
10.223,51.0,0.0,31.765793,Alto
11.073,48.0,0.0,34.131718,Muy alto
11.073,52.0,0.1,34.838253,Muy alto
10.573,57.0,0.2,33.3559,Alto
9.723,59.0,0.3,31.435646,Alto
10.073,57.0,0.1,29.947151,Alto
9.672999,60.0,0.1,30.735231,Alto
9.273,62.0,0.1,28.1169,Alto
8.823,65.0,0.0,26.400545,Alto
7.9729996,69.0,0.0,26.079508,Alto
6.9729996,73.0,0.0,25.2924,Alto
6.373,75.0,0.0,22.68,Moderado
5.9230003,76.0,0.0,20.163212,Moderado
5.1730003,77.0,0.0,17.731598,Moderado
4.623,80.0,0.0,18.416384,Moderado
4.323,79.0,0.0,19.45333,Moderado
3.973,82.0,0.0,19.803272,Moderado
3.323,72.0,0.0,22.3229,Moderado
2.623,77.0,0.0,20.880001,Moderado
2.473,80.0,0.0,20.880001,Moderado
3.273,72.0,0.0,21.626984,Moderado
4.6730003,65.0,0.0,22.42427,Moderado
6.523,56.0,0.0,23.893261,Alto
7.4230003,50.0,0.0,24.884306,Alto
8.273,49.0,0.0,23.266697,Alto
8.723,51.0,0.0,22.392462,Alto
9.073,50.0,0.0,23.535301,Alto
10.073,40.0,0.0,23.377836,Alto
10.223,36.0,0.0,24.482647,Alto
9.773,39.0,0.0,22.81957,Alto
9.922999,40.0,0.0,21.746504,Alto
9.973,40.0,0.0,22.033648,Alto
9.223,44.0,0.0,19.852295,Alto
8.373,48.0,0.0,16.394829,Moderado
6.6730003,54.0,0.0,9.904906,Moderado
5.2229996,63.0,0.0,5.0911684,Bajo
3.873,70.0,0.0,4.32,Bajo
2.923,75.0,0.0,4.39436,Bajo
2.573,76.0,0.0,4.6938257,Bajo
3.123,74.0,0.0,4.8965297,Bajo
2.873,80.0,0.3,6.489992,Bajo
3.073,82.0,0.0,8.28,Bajo
3.473,87.0,0.1,11.212135,Bajo
3.423,92.0,0.5,11.792404,Bajo
4.273,86.0,0.1,11.570515,Bajo
5.373,83.0,0.0,14.336861,Moderado
6.323,83.0,0.4,11.874544,Bajo
7.023,82.0,0.5,15.175612,Bajo
7.9230003,80.0,0.4,10.383987,Bajo
8.873,76.0,0.6,11.901798,Bajo
9.873,69.0,0.5,18.947083,Moderado
10.273,62.0,0.3,28.202042,Moderado
9.573,65.0,0.0,30.962095,Alto
9.473,62.0,0.0,29.16889,Alto
9.672999,58.0,0.0,29.957968,Alto
9.623,55.0,0.0,28.910038,Alto
8.773,58.0,0.0,27.397867,Alto
7.823,61.0,0.0,26.282465,Alto
6.4230003,70.0,0.0,22.7057,Moderado
5.773,72.0,0.0,18.448023,Moderado
5.073,73.0,0.0,15.542662,Moderado
4.373,76.0,0.0,14.707222,Moderado
3.873,78.0,0.0,12.55879,Moderado
3.473,83.0,0.0,10.799999,Bajo
3.573,85.0,0.0,14.021525,Moderado
4.1730003,81.0,0.0,17.673029,Moderado
4.823,77.0,0.0,19.969458,Moderado
5.273,74.0,0.0,21.385939,Moderado
5.9230003,70.0,0.0,22.545315,Moderado
7.073,64.0,0.0,27.438046,Alto
8.873,56.0,0.0,25.63847,Alto
9.873,53.0,0.0,28.460497,Alto
10.573,51.0,0.0,31.235058,Alto
10.773,50.0,0.0,30.261421,Alto
10.723,52.0,0.0,33.672993,Muy alto
11.523,48.0,0.0,35.31121,Muy alto
12.123,47.0,0.0,35.42846,Muy alto
12.023,48.0,0.0,34.50746,Muy alto
12.023,48.0,0.0,32.28981,Muy alto
11.573,51.0,0.0,29.215502,Alto
10.773,52.0,0.0,27.381308,Alto
9.723,57.0,0.0,23.893261,Alto
8.823,60.0,0.0,21.980644,Alto
8.422999,61.0,0.0,21.794127,Alto
8.123,65.0,0.0,21.924562,Moderado
7.7229996,69.0,0.0,20.774214,Moderado
7.323,71.0,0.0,18.218275,Moderado
7.073,73.0,0.0,17.287498,Moderado
7.023,72.0,0.0,17.974781,Moderado
7.123,70.0,0.0,18.171976,Moderado
7.2229996,67.0,0.0,17.786331,Moderado
7.1730003,66.0,0.0,16.641972,Moderado
7.6730003,62.0,0.0,17.429354,Moderado
8.672999,58.0,0.0,22.322903,Alto
9.373,60.0,0.0,20.073025,Moderado
10.023,56.0,0.0,21.370783,Alto
11.023,52.0,0.0,21.67487,Alto
11.623,50.0,0.0,23.773632,Alto
12.073,48.0,0.0,24.863466,Alto
12.473,44.0,0.0,25.992401,Alto
13.473,44.0,0.0,24.27265,Alto
13.523,43.0,0.1,25.959969,Alto
12.922999,44.0,0.0,26.576681,Alto
12.023,47.0,0.0,24.826954,Alto
10.922999,52.0,0.0,23.532547,Alto
9.672999,58.0,0.0,21.261345,Alto
8.422999,62.0,0.0,19.513195,Moderado
7.623,62.0,0.0,18.514643,Moderado
7.323,58.0,0.0,17.555307,Moderado
6.6730003,60.0,0.0,16.981165,Moderado
6.1730003,56.0,0.0,15.990646,Moderado
5.873,55.0,0.0,15.941944,Moderado
5.823,61.0,0.0,14.512064,Moderado
5.4729996,62.0,0.0,13.527572,Moderado
5.1730003,65.0,0.0,13.0447235,Moderado
4.873,69.0,0.0,11.983188,Moderado
5.4230003,69.0,0.0,12.88981,Moderado
6.7229996,65.0,0.0,16.676977,Moderado
8.573,59.0,0.0,20.12461,Moderado
9.123,56.0,0.0,19.852295,Moderado
9.623,55.0,0.0,18.014393,Moderado
10.823,51.0,0.0,17.771753,Moderado
11.672999,48.0,0.0,20.380579,Alto
11.922999,44.0,0.0,20.799152,Alto
11.623,44.0,0.0,20.188908,Alto
11.273,39.0,0.0,18.775303,Alto
10.823,38.0,0.0,17.414474,Alto
9.922999,42.0,0.0,16.42247,Moderado
8.873,46.0,0.0,14.84318,Moderado
7.573,51.0,0.1,11.480557,Moderado
6.323,52.0,0.0,11.019764,Moderado
5.073,55.0,0.1,9.0,Moderado
3.973,60.0,0.0,7.5599995,Bajo
3.023,64.0,0.0,7.42159,Bajo
2.073,67.0,0.0,7.968939,Bajo
1.373,69.0,0.0,8.557102,Bajo
0.373,75.0,0.0,8.311245,Bajo
-0.02700001,76.0,0.0,7.754637,Bajo
-0.477,79.0,0.0,7.42159,Bajo
-0.877,80.0,0.0,6.28713,Bajo
0.023000002,76.0,0.0,6.297428,Bajo
2.523,65.0,0.0,9.793059,Moderado
5.373,55.0,0.0,13.896187,Moderado
6.823,48.0,0.0,16.904673,Moderado
8.173,44.0,0.0,19.721298,Alto
8.922999,43.0,0.0,22.461807,Alto
8.623,44.0,0.0,23.068108,Alto
9.273,48.0,0.0,25.809765,Alto
9.223,51.0,0.1,26.903828,Alto
8.773,58.0,0.1,26.903828,Alto
8.273,61.0,0.3,29.024128,Moderado
8.273,60.0,0.3,23.411074,Moderado
7.9729996,59.0,0.0,24.648829,Alto
7.123,55.0,0.0,22.253124,Alto
6.073,63.0,0.0,23.266697,Alto
5.323,63.0,0.0,20.188908,Moderado
4.773,65.0,0.0,19.45333,Moderado
4.273,69.0,0.0,17.015474,Moderado
3.973,71.0,0.0,17.026896,Moderado
3.873,70.0,0.0,18.161278,Moderado
3.573,72.0,0.0,17.208603,Moderado
3.473,73.0,0.0,16.766108,Moderado
3.373,74.0,0.0,16.071491,Moderado
3.423,73.0,0.0,15.484185,Moderado
4.273,70.0,0.0,15.509274,Moderado
5.573,63.0,0.0,22.61419,Alto
6.9729996,54.0,0.0,23.000591,Alto
7.6730003,50.0,0.0,24.72495,Alto
8.123,51.0,0.0,23.871555,Alto
9.373,44.0,0.0,24.819122,Alto
9.773,42.0,0.0,26.7565,Alto
9.723,42.0,0.0,28.36471,Alto
10.473,39.0,0.0,33.709534,Muy alto
9.723,40.0,0.0,35.52162,Muy alto
9.723,41.0,0.0,32.83705,Muy alto
9.172999,44.0,0.0,29.275326,Alto
8.473,49.0,0.0,27.691935,Alto
7.873,55.0,0.0,23.73271,Alto
7.273,59.0,0.0,18.678415,Moderado
6.1730003,63.0,0.0,14.05845,Moderado
5.4729996,67.0,0.0,12.218805,Moderado
5.4230003,73.0,0.1,10.691453,Moderado
5.323,78.0,0.2,9.504273,Bajo
5.523,78.0,0.1,9.107359,Bajo
6.073,72.0,0.7,8.350138,Bajo
6.023,72.0,0.8,8.905908,Bajo
5.9729996,70.0,0.5,8.4042845,Bajo
6.4230003,68.0,0.6,9.028754,Bajo
6.6730003,69.0,0.5,10.182337,Bajo
7.2229996,69.0,0.5,12.287555,Bajo
10.023,59.0,0.5,13.441071,Bajo
11.573,54.0,0.1,15.716793,Moderado
13.623,45.0,0.0,22.159746,Alto
14.373,41.0,0.0,27.959743,Alto
14.623,40.0,0.0,28.165257,Alto
14.672999,41.0,0.0,26.865265,Alto
15.023,38.0,0.0,30.25928,Muy alto
14.073,45.0,0.0,24.33664,Alto
13.422999,49.0,0.0,19.64558,Alto
12.723,53.0,0.0,16.23596,Moderado
11.073,66.0,0.5,11.177405,Bajo
10.422999,71.0,0.2,5.6002855,Bajo
10.023,76.0,0.1,4.3498964,Bajo
9.523,76.0,0.0,5.1165614,Bajo
8.873,76.0,0.0,6.379216,Bajo
8.173,81.0,0.0,9.007196,Bajo
7.4729996,81.0,0.0,10.799999,Bajo
6.773,80.0,0.0,11.159999,Bajo
6.573,85.0,0.0,10.538843,Bajo
6.123,83.0,0.0,11.542478,Bajo
5.6730003,81.0,0.0,12.849528,Moderado
5.623,79.0,0.0,13.5515,Moderado
5.9729996,75.0,0.0,11.435313,Moderado
6.4729996,74.0,0.0,7.6367526,Bajo
7.2229996,61.0,0.0,5.315336,Bajo
7.573,53.0,0.0,10.239453,Moderado
8.873,46.0,0.0,13.009903,Moderado
9.973,41.0,0.0,14.986553,Moderado
10.773,35.0,0.0,17.414474,Alto
11.123,32.0,0.0,18.671474,Alto
11.473,33.0,0.0,16.055355,Moderado
11.373,32.0,0.0,15.580141,Moderado
10.922999,33.0,0.0,14.512064,Moderado
9.723,38.0,0.0,14.021525,Moderado
8.422999,47.0,0.0,10.703569,Moderado
7.4230003,50.0,0.1,5.4119864,Bajo
6.7229996,58.0,0.0,0.8049845,Bajo
5.623,57.0,0.0,4.6102495,Bajo
3.573,68.0,0.0,6.1094027,Bajo
2.323,69.0,0.0,6.489992,Bajo
1.423,71.0,0.0,7.968939,Bajo
0.923,72.0,0.0,9.178235,Bajo
0.523,76.0,0.0,7.8954163,Bajo
0.17300001,77.0,0.0,7.8954163,Bajo
-0.227,80.0,0.0,6.9247384,Bajo
-0.477,83.0,0.0,6.489992,Bajo
0.773,76.0,0.0,7.928177,Bajo
2.923,65.0,0.0,10.799999,Moderado
5.523,60.0,0.0,13.397612,Moderado
6.873,55.0,0.0,15.459054,Moderado
8.273,51.0,0.0,15.941944,Moderado
8.973,50.0,0.0,17.22742,Moderado
9.723,50.0,0.0,19.486609,Moderado
10.672999,50.0,0.0,21.578989,Alto
11.073,50.0,0.0,22.870626,Alto
10.473,54.0,0.0,25.44566,Alto
10.273,57.0,0.0,25.14852,Alto
10.123,58.0,0.0,24.315327,Alto
9.672999,59.0,0.0,23.4,Alto
9.123,61.0,0.0,22.59699,Alto
8.173,68.0,0.2,19.228851,Moderado
7.873,71.0,0.1,16.595179,Moderado
7.873,72.0,0.2,17.31746,Bajo
7.7229996,70.0,0.1,22.608458,Moderado
7.4230003,71.0,0.1,20.188908,Moderado
7.1730003,73.0,0.3,19.134262,Moderado
7.1730003,70.0,0.0,16.595179,Moderado
6.823,72.0,0.1,16.08761,Moderado
6.7229996,71.0,0.1,15.575981,Moderado
6.6730003,72.0,0.0,16.904673,Moderado
6.573,73.0,0.0,17.072504,Moderado
6.773,66.0,0.0,19.0392,Moderado
7.9230003,59.0,0.0,20.316889,Moderado
8.773,52.0,0.0,21.707731,Alto
10.172999,46.0,0.0,22.33161,Alto
10.823,44.0,0.0,22.668568,Alto
10.973,43.0,0.0,24.40046,Alto
11.023,35.0,0.0,22.380884,Alto
9.373,37.0,0.0,24.884306,Alto
8.973,37.0,0.0,25.171696,Alto
8.422999,33.0,0.0,26.474077,Alto
7.573,32.0,0.0,23.871555,Alto
6.573,36.0,0.0,22.461807,Alto
5.323,43.0,0.0,20.082708,Alto
3.673,53.0,0.0,18.416384,Moderado
2.573,61.0,0.0,18.014393,Moderado
1.723,67.0,0.0,17.462784,Moderado
1.023,70.0,0.0,15.815435,Moderado
0.473,76.0,0.0,12.661564,Moderado
0.023000002,80.0,0.0,10.163227,Bajo
-0.227,83.0,0.0,9.290511,Bajo
-0.17699999,81.0,0.0,8.4963045,Bajo
-0.227,86.0,0.0,8.913181,Bajo
-0.127,90.0,0.0,9.422101,Bajo
1.073,86.0,0.0,10.703569,Bajo
3.323,69.0,0.0,20.456745,Moderado
3.973,68.0,0.0,18.374111,Moderado
4.823,63.0,0.0,18.472595,Moderado
5.873,66.0,0.3,18.359999,Moderado
6.023,70.0,1.0,16.981165,Bajo
6.523,65.0,0.5,16.071491,Bajo
7.023,62.0,1.0,16.520823,Moderado
7.023,58.0,0.3,20.532627,Moderado
7.2229996,54.0,0.4,20.418695,Moderado
7.273,52.0,0.0,20.545246,Alto
7.023,50.0,0.0,20.898611,Alto
6.273,51.0,0.0,20.008356,Moderado
5.373,55.0,0.0,19.245697,Moderado
4.123,61.0,0.0,16.394829,Moderado
3.123,67.0,0.0,12.6462,Moderado
2.1230001,75.0,0.0,11.165805,Moderado
1.123,81.0,0.0,10.495713,Bajo
0.673,83.0,0.0,10.105681,Bajo
0.423,82.0,0.0,9.726665,Bajo
0.17300001,85.0,0.0,9.726665,Bajo
-0.02700001,83.0,0.0,8.647496,Bajo
-0.17699999,84.0,0.0,7.5942073,Bajo
-0.17699999,84.0,0.0,7.5685663,Bajo
1.123,78.0,0.0,9.007196,Bajo
2.973,70.0,0.0,12.074766,Moderado
5.2229996,57.0,0.0,14.799459,Moderado
6.1730003,53.0,0.2,14.759999,Moderado
5.873,59.0,0.5,13.797913,Bajo
5.6730003,62.0,1.0,14.48972,Bajo
6.073,59.0,0.8,14.007655,Bajo
7.4729996,47.0,0.2,14.4,Moderado
7.6730003,41.0,0.0,15.696165,Moderado
7.523,40.0,0.0,15.277749,Moderado
7.4729996,38.0,0.0,15.94601,Moderado
7.123,39.0,0.0,17.399586,Moderado
6.4729996,39.0,0.0,16.45007,Moderado
5.523,42.0,0.0,14.345898,Moderado
3.923,50.0,0.0,9.422101,Moderado
2.323,61.0,0.0,6.5693827,Bajo
1.473,68.0,0.0,5.495161,Bajo
0.873,73.0,0.0,4.6938257,Bajo
0.723,76.0,0.0,4.6800003,Bajo
0.723,77.0,0.0,4.73506,Bajo
0.523,78.0,0.0,5.937272,Bajo
0.673,75.0,0.0,7.2805495,Bajo
0.373,83.0,0.1,10.239453,Bajo
0.273,93.0,0.1,8.39657,Bajo
1.323,90.0,0.0,9.6932955,Bajo
2.623,82.0,0.0,14.044615,Moderado
3.323,80.0,0.1,15.84,Moderado
4.073,79.0,0.1,15.484185,Moderado
4.7229996,79.0,0.2,13.679999,Bajo
5.773,77.0,0.2,11.966954,Bajo
7.373,67.0,0.0,13.324863,Moderado
8.273,66.0,0.1,11.440978,Moderado
9.023,63.0,0.1,11.27553,Moderado
9.573,61.0,0.1,12.324414,Moderado
9.473,65.0,0.3,13.339445,Bajo
9.172999,68.0,0.4,11.874544,Bajo
8.173,77.0,0.6,14.336861,Bajo
7.123,83.0,0.7,11.966954,Bajo
6.4230003,89.0,1.4,11.298495,Bajo
5.823,94.0,1.4,10.829959,Bajo
5.4230003,96.0,0.8,9.826088,Bajo
5.323,96.0,0.5,7.928178,Bajo
5.123,97.0,0.4,5.95906,Bajo
5.123,97.0,0.1,6.8777895,Bajo
4.823,97.0,0.0,4.39436,Bajo
4.823,97.0,0.0,4.1046314,Bajo
4.873,96.0,0.0,4.32,Bajo
4.9729996,94.0,0.0,5.3999996,Bajo
5.1730003,92.0,0.0,7.289444,Bajo
5.373,88.0,0.0,9.931042,Bajo
5.623,87.0,0.0,8.891343,Bajo
6.023,84.0,0.0,7.968939,Bajo
7.1730003,78.0,0.0,6.9153743,Bajo
8.573,69.0,0.0,8.089993,Bajo
9.373,71.0,0.3,9.3669195,Bajo
10.023,68.0,1.0,9.746631,Bajo
9.573,63.0,1.0,11.966953,Bajo
9.223,64.0,0.3,12.43434,Bajo
9.023,67.0,0.5,11.503113,Bajo
8.823,71.0,0.6,10.829958,Bajo
8.323,76.0,0.4,8.049845,Bajo
7.823,82.0,0.4,4.198285,Bajo
7.573,83.0,0.3,0.8049845,Bajo
6.773,89.0,0.4,2.6208394,Bajo
6.1730003,94.0,0.6,2.6208394,Bajo
5.6730003,96.0,0.4,2.16,Bajo
5.273,97.0,0.1,1.8,Bajo
5.123,95.0,0.0,2.6208394,Bajo
4.9729996,91.0,0.0,5.4477882,Bajo
4.823,90.0,0.0,3.8939953,Bajo
4.6730003,90.0,0.0,3.2599385,Bajo
4.4729996,87.0,0.0,4.8965297,Bajo
4.823,78.0,0.0,7.491114,Bajo
5.373,70.0,0.0,11.113451,Moderado
6.523,66.0,0.0,15.646544,Moderado
6.823,59.0,0.0,18.1041,Moderado
6.773,55.0,0.0,18.792551,Moderado
7.023,52.0,0.0,17.782688,Moderado
7.1730003,51.0,0.0,17.992796,Moderado
6.9230003,49.0,0.0,17.654686,Moderado
6.523,57.0,0.0,12.661564,Moderado
6.1730003,55.0,0.1,11.966953,Moderado
6.023,54.0,0.0,11.384199,Moderado
5.573,56.0,0.1,9.6932955,Moderado
5.323,56.0,0.0,8.12197,Moderado
4.823,60.0,0.0,5.3999996,Bajo
4.373,66.0,0.0,4.3349743,Bajo
3.273,72.0,0.0,3.319036,Bajo
2.373,78.0,0.0,3.396233,Bajo
1.073,86.0,0.0,6.849467,Bajo
0.523,82.0,0.0,8.669949,Bajo
0.122999996,80.0,0.0,10.041354,Bajo
-0.427,78.0,0.0,9.6932955,Bajo
-0.877,79.0,0.0,9.114471,Bajo
-1.177,80.0,0.0,9.422101,Bajo
-1.127,79.0,0.0,10.446206,Bajo
-0.07699999,76.0,0.0,12.979984,Moderado
1.823,66.0,0.0,17.643673,Moderado
4.123,53.0,0.0,21.461555,Alto
5.4230003,48.0,0.0,20.456745,Alto
6.623,45.0,0.0,17.49615,Moderado
7.7229996,42.0,0.0,14.529915,Moderado
8.523,41.0,0.0,12.218805,Moderado
9.123,41.0,0.0,10.587918,Moderado
9.473,40.0,0.0,8.854829,Moderado
9.723,40.0,0.0,7.5170207,Moderado
9.723,40.0,0.0,6.489992,Moderado
9.623,41.0,0.0,3.7064266,Bajo
9.373,44.0,0.0,5.495161,Moderado
8.373,46.0,0.0,15.7908325,Moderado
5.9230003,57.0,0.0,18.837322,Moderado
4.573,67.0,0.0,16.516901,Moderado
3.923,72.0,0.0,14.689589,Moderado
3.623,77.0,0.0,12.9249525,Moderado
3.173,81.0,0.0,10.853866,Bajo
2.773,85.0,0.0,9.885262,Bajo
2.473,86.0,0.0,8.766573,Bajo
2.223,86.0,0.0,8.049845,Bajo
2.023,87.0,0.0,6.193674,Bajo
1.873,88.0,0.0,5.0911684,Bajo
2.723,85.0,0.0,6.638072,Bajo
3.223,84.0,0.1,6.792466,Bajo
3.673,83.0,0.2,6.638072,Bajo
4.823,78.0,0.0,4.6938257,Bajo
5.573,73.0,0.0,3.96,Bajo
6.1730003,65.0,0.0,5.3999996,Bajo
6.7229996,61.0,0.0,8.311245,Moderado
6.773,60.0,0.0,11.183201,Moderado
6.773,63.0,0.1,11.901798,Moderado
6.7229996,65.0,0.2,13.363711,Bajo
7.023,63.0,0.1,14.154915,Moderado
7.073,65.0,0.1,14.973576,Moderado
6.9729996,65.0,0.0,14.05845,Moderado
6.7229996,68.0,0.0,11.631956,Moderado
5.623,78.0,0.0,6.489992,Bajo
4.323,86.0,0.0,4.802999,Bajo
4.023,88.0,0.0,3.7585104,Bajo
3.623,90.0,0.0,3.5455887,Bajo
3.173,91.0,0.0,2.5959969,Bajo
2.873,92.0,0.0,2.0364676,Bajo
2.723,93.0,0.0,3.4152596,Bajo
1.873,97.0,0.0,4.1046314,Bajo
1.773,97.0,0.1,3.8773184,Bajo
2.023,96.0,0.2,3.5455887,Bajo
2.623,94.0,0.1,3.7585104,Bajo
3.673,92.0,0.0,2.16,Bajo
5.523,85.0,0.0,7.172949,Bajo
7.1730003,76.0,0.0,9.826088,Bajo
8.623,68.0,0.0,11.200571,Moderado
9.623,60.0,0.1,12.031756,Moderado
10.973,58.0,0.1,12.245293,Moderado
10.922999,60.0,0.5,15.542662,Moderado
10.223,67.0,0.5,16.595179,Moderado
10.422999,66.0,0.5,17.654688,Moderado
10.973,60.0,0.1,19.513195,Moderado
10.373,58.0,0.0,19.694992,Moderado
9.672999,52.0,0.0,19.161337,Moderado
8.523,54.0,0.0,17.31746,Moderado
7.1730003,61.0,0.0,15.683776,Moderado
5.773,67.0,0.0,14.417988,Moderado
4.823,74.0,0.0,14.113653,Moderado
3.873,78.0,0.0,12.57426,Moderado
3.123,83.0,0.0,12.224107,Moderado
2.673,88.0,0.0,12.0694,Bajo
2.573,89.0,0.0,14.118243,Moderado
2.523,90.0,0.0,14.799459,Moderado
2.723,87.0,0.0,16.24394,Moderado
3.023,83.0,0.0,16.24394,Moderado
4.123,76.0,0.0,19.652176,Moderado
5.523,66.0,0.0,24.842607,Alto
7.073,58.0,0.0,24.569832,Alto
8.023,54.0,0.0,25.849905,Alto
8.922999,49.0,0.0,26.415268,Alto
9.473,48.0,0.0,27.09822,Alto
9.723,47.0,0.1,28.146843,Alto
9.873,45.0,0.0,29.68636,Alto
9.773,46.0,0.0,30.421598,Alto
9.422999,45.0,0.0,31.487143,Muy alto
8.973,42.0,0.0,29.827904,Alto
8.523,43.0,0.0,28.694056,Alto
7.773,45.0,0.0,27.086262,Alto
6.9729996,49.0,0.0,24.014996,Alto
5.7229996,54.0,0.0,23.34455,Alto
4.823,60.0,0.0,18.998314,Moderado
4.273,67.0,0.0,17.654688,Moderado
3.773,73.0,0.0,17.313717,Moderado
3.373,79.0,0.0,17.771753,Moderado
3.423,81.0,0.0,18.129137,Moderado
3.523,80.0,0.0,18.289274,Moderado
3.723,80.0,0.0,18.35647,Moderado
3.923,81.0,0.0,18.782204,Moderado
4.123,79.0,0.0,19.137648,Moderado
4.223,80.0,0.1,18.03237,Moderado
4.6730003,83.0,0.1,18.218275,Moderado
6.1730003,80.0,0.3,20.523157,Moderado
7.123,76.0,0.2,23.936617,Moderado
8.823,74.0,0.2,26.042212,Moderado
10.023,70.0,0.0,30.24214,Alto
10.723,65.0,0.0,31.97319,Alto
11.573,64.0,0.0,33.145424,Alto
11.723,65.0,0.0,37.936893,Muy alto
10.873,69.0,0.0,35.50155,Muy alto
11.172999,67.0,0.0,41.312252,Muy alto
10.873,68.0,0.0,39.47708,Muy alto
10.422999,70.0,0.0,38.059677,Muy alto
9.623,73.0,0.0,38.948273,Muy alto
9.273,74.0,0.0,38.006863,Muy alto
8.823,76.0,0.0,33.96233,Alto
8.573,78.0,0.0,31.394394,Alto
8.422999,79.0,0.0,29.539747,Alto
8.623,79.0,0.0,28.8,Alto
8.773,78.0,0.0,28.808998,Alto
8.973,78.0,0.0,27.595823,Alto
8.922999,79.0,0.0,26.987997,Alto
8.723,81.0,0.0,26.124195,Alto
8.723,81.0,0.0,25.932495,Alto
9.023,80.0,0.0,25.96496,Alto
9.623,78.0,0.0,26.867676,Alto
11.523,69.0,0.0,28.766228,Alto
12.623,66.0,0.0,31.06239,Alto
13.672999,63.0,0.0,31.68818,Alto
14.223,59.0,0.0,32.998474,Alto
13.823,58.0,0.0,32.32992,Alto
14.073,56.0,0.0,31.394394,Alto
14.672999,57.0,0.0,34.679794,Muy alto
14.323,58.0,0.0,32.809414,Alto
13.873,58.0,0.0,32.402,Alto
12.973,59.0,0.0,30.676142,Alto
12.023,61.0,0.0,29.660152,Alto
11.172999,64.0,0.0,26.576681,Alto
10.223,67.0,0.0,25.630886,Alto
8.973,69.0,0.0,23.143827,Moderado
8.073,70.0,0.0,22.027763,Moderado
7.323,72.0,0.0,16.946787,Moderado
6.4230003,78.0,0.0,10.966713,Bajo
5.823,82.0,0.0,7.127636,Bajo
5.573,82.0,0.0,4.5820518,Bajo
5.4729996,82.0,0.0,7.7043357,Bajo
6.573,69.0,0.0,14.654254,Moderado
8.173,59.0,0.0,23.132626,Alto
9.073,61.0,0.0,26.903828,Alto
9.623,64.0,0.0,28.99062,Alto
11.573,59.0,0.0,24.967497,Alto
12.223,57.0,0.0,29.46947,Alto
13.323,51.0,0.0,29.144438,Alto
13.223,46.0,0.0,30.472675,Alto
12.672999,46.0,0.0,30.911821,Alto
13.123,44.0,0.0,33.47032,Muy alto
13.223,43.0,0.0,36.317204,Muy alto
12.323,45.0,0.0,35.900864,Muy alto
11.323,49.0,0.0,35.62363,Muy alto
9.573,59.0,0.3,32.919827,Alto
9.023,59.0,0.1,31.786186,Alto
8.273,64.0,0.3,28.901073,Moderado
8.473,67.0,0.1,28.948118,Alto
7.523,74.0,0.1,29.947151,Alto
7.1730003,75.0,0.0,28.112288,Alto
6.823,75.0,0.0,30.453527,Alto
6.323,77.0,0.0,29.598919,Alto
5.4230003,76.0,0.0,26.64,Alto
5.623,77.0,0.0,25.006397,Alto
5.1730003,70.0,0.0,28.006058,Alto
4.623,67.0,0.0,26.208395,Alto
4.023,67.0,0.0,26.220753,Alto
4.123,68.0,0.0,27.153164,Alto
4.773,61.0,0.0,28.594517,Alto
6.273,44.0,0.0,29.957972,Alto
7.373,37.0,0.0,30.302078,Muy alto
8.123,32.0,0.0,29.651413,Muy alto
8.823,32.0,0.0,29.414444,Muy alto
9.223,34.0,0.0,28.483257,Alto
9.573,36.0,0.0,28.664682,Alto
10.223,38.0,0.0,30.85307,Muy alto
10.123,40.0,0.1,31.559088,Muy alto
10.073,40.0,0.0,31.012281,Muy alto
9.523,48.0,0.0,29.339449,Alto
9.373,49.0,0.0,30.903435,Alto
8.373,58.0,0.0,28.19285,Alto
7.523,63.0,0.0,25.60053,Alto
6.773,65.0,0.0,24.48,Alto
6.523,64.0,0.0,22.691425,Alto
6.123,65.0,0.0,21.67487,Moderado
5.573,64.0,0.0,19.652176,Moderado
4.823,66.0,0.0,17.026896,Moderado
3.573,77.0,0.0,13.708391,Moderado
3.173,82.0,0.0,11.503113,Bajo
2.923,85.0,0.0,9.107359,Bajo
2.873,88.0,0.0,7.289445,Bajo
4.323,83.0,0.0,8.913181,Bajo
6.4230003,70.0,0.0,12.229406,Moderado
8.573,52.0,0.0,15.546833,Moderado
9.973,47.0,0.0,12.261157,Moderado
11.823,41.0,0.0,10.383987,Moderado
13.473,35.0,0.0,18.448023,Alto
13.922999,35.0,0.0,20.478907,Alto
13.773,40.0,0.0,20.26899,Alto
14.023,40.0,0.0,19.469976,Alto
13.922999,42.0,0.0,18.671474,Alto
13.223,48.0,0.0,17.208603,Moderado
12.473,55.0,0.0,16.800856,Moderado
11.672999,57.0,0.0,15.856354,Moderado
10.873,63.0,0.0,14.973577,Moderado
10.672999,69.0,0.0,14.168641,Moderado
9.323,79.0,0.0,14.113653,Moderado
8.273,87.0,0.1,15.124284,Moderado
7.773,91.0,0.1,13.722565,Moderado
7.7229996,93.0,0.0,10.1376915,Bajo
7.573,95.0,0.0,8.049845,Bajo
7.273,96.0,0.0,7.7043357,Bajo
7.123,96.0,0.0,5.1919937,Bajo
6.9230003,97.0,0.0,1.2979984,Bajo
7.023,97.0,0.0,2.5959969,Bajo
8.573,82.0,0.0,14.007655,Moderado
9.922999,66.0,0.0,22.862125,Alto
11.323,60.0,0.0,16.75064,Moderado
12.373,53.0,0.0,20.018072,Alto
13.273,43.0,0.0,27.07669,Alto
13.873,38.0,0.0,28.772987,Alto
13.523,42.0,0.2,30.466295,Alto
13.623,41.0,0.2,32.777794,Alto
13.873,37.0,0.0,31.614477,Muy alto
13.422999,35.0,0.0,33.190357,Muy alto
12.073,39.0,0.0,32.2396,Muy alto
11.123,42.0,0.0,31.293089,Muy alto
9.773,44.0,0.0,28.696312,Alto
8.973,46.0,0.0,25.744402,Alto
8.323,49.0,0.0,20.447239,Alto
7.023,56.0,0.0,14.57889,Moderado
6.023,64.0,0.0,8.714677,Moderado
5.123,70.0,0.0,4.6938252,Bajo
4.9230003,73.0,0.0,2.52,Bajo
5.123,77.0,0.6,0.5091169,Bajo
4.4729996,83.0,1.6,4.5820518,Bajo
4.573,85.0,0.6,3.6,Bajo
4.773,85.0,0.3,9.605998,Bajo
4.073,83.0,0.2,23.039999,Moderado
4.6730003,66.0,0.0,32.169178,Alto
5.4729996,61.0,0.0,31.712711,Alto
6.4729996,60.0,0.0,27.72,Alto
7.373,54.0,0.0,28.082308,Alto
8.123,50.0,0.1,28.08923,Alto
8.973,48.0,0.1,27.729347,Alto
9.473,48.0,0.3,27.117346,Alto
9.623,49.0,0.3,26.437336,Moderado
9.973,44.0,0.1,26.319422,Alto
9.922999,44.0,0.2,24.29133,Moderado
9.223,46.0,0.1,22.26477,Alto
8.672999,48.0,0.1,19.855558,Alto
8.023,52.0,0.1,18.359999,Moderado
7.523,54.0,0.0,15.192682,Moderado
7.773,57.0,0.0,9.693296,Moderado
6.9230003,63.0,0.0,6.151683,Bajo
6.623,68.0,0.3,10.966713,Bajo
6.373,72.0,0.7,14.759999,Bajo
5.773,81.0,1.1,12.682018,Bajo
6.273,78.0,0.1,19.171478,Moderado
5.9729996,74.0,0.0,28.185955,Alto
5.2229996,74.0,0.0,30.351225,Alto
4.7229996,72.0,0.0,32.219494,Alto
4.223,73.0,0.0,31.569351,Alto
4.6730003,71.0,0.0,29.122198,Alto
5.323,69.0,0.0,31.278593,Alto
5.9729996,66.0,0.0,33.04361,Alto
7.123,57.0,0.0,35.66908,Muy alto
7.823,53.0,0.0,37.44692,Muy alto
8.422999,49.0,0.0,36.832767,Muy alto
8.573,49.0,0.1,34.38895,Muy alto
8.873,47.0,0.0,32.2034,Muy alto
8.873,45.0,0.2,33.933697,Alto
8.723,46.0,0.1,32.112724,Muy alto
8.473,47.0,0.1,29.957968,Alto
8.073,48.0,0.0,27.757376,Alto
7.373,51.0,0.1,25.942488,Alto
6.9230003,52.0,0.0,23.42491,Alto
5.9230003,56.0,0.0,20.380579,Moderado
4.573,69.0,0.0,15.941944,Moderado
3.923,73.0,0.0,12.979984,Moderado
3.523,73.0,0.0,14.57889,Moderado
2.873,79.0,0.0,14.512064,Moderado
2.223,85.0,0.0,12.682018,Moderado
1.773,90.0,0.0,10.948973,Bajo
1.573,89.0,0.0,9.826088,Bajo
1.373,89.0,0.0,9.339208,Bajo
1.573,88.0,0.0,9.511088,Bajo
3.173,78.0,0.0,11.753877,Moderado
4.873,64.0,0.0,19.130875,Moderado
6.273,56.0,0.0,18.03237,Moderado
7.373,52.0,0.0,18.709612,Moderado
8.672999,45.0,0.1,19.770523,Alto
9.323,45.0,0.2,21.2522,Moderado
9.473,47.0,0.3,21.659916,Moderado
9.823,45.0,0.2,22.427162,Moderado
9.773,46.0,0.3,23.34455,Moderado
9.023,49.0,0.3,23.087763,Moderado
9.172999,48.0,0.1,22.42427,Alto
8.573,52.0,0.1,21.647945,Alto
8.073,51.0,0.1,20.008356,Alto
7.123,56.0,0.2,19.06301,Moderado
5.773,65.0,0.1,16.676977,Moderado
4.7229996,74.0,0.0,15.484185,Moderado
3.773,78.0,0.0,13.905509,Moderado
3.023,82.0,0.0,11.841756,Bajo
2.523,85.0,0.0,10.703569,Bajo
2.223,86.0,0.0,11.043261,Bajo
1.473,92.0,0.0,9.346143,Bajo
1.273,92.0,0.0,10.041354,Bajo
1.173,92.0,0.0,10.041354,Bajo
1.323,92.0,0.0,10.239453,Bajo
2.873,83.0,0.0,12.620554,Moderado
4.773,68.0,0.0,17.309973,Moderado
6.373,58.0,0.0,16.904673,Moderado
7.4230003,56.0,0.2,16.375053,Moderado
8.123,56.0,0.4,17.10284,Moderado
8.573,56.0,0.4,17.31746,Moderado
9.323,52.0,0.5,16.831684,Moderado
10.172999,45.0,0.0,19.373219,Alto
10.023,45.0,0.1,19.35314,Alto
10.223,42.0,0.1,19.862083,Alto
10.123,40.0,0.1,20.371038,Alto
9.773,41.0,0.0,20.620804,Alto
9.073,45.0,0.0,20.150354,Alto
8.023,48.0,0.0,18.504139,Moderado
6.523,55.0,0.0,14.973577,Moderado
4.823,66.0,0.0,12.849528,Moderado
3.823,73.0,0.0,12.6462,Moderado
3.423,74.0,0.0,12.979984,Moderado
3.473,74.0,0.0,13.339445,Moderado
3.523,73.0,0.0,14.417988,Moderado
3.523,70.0,0.0,18.228943,Moderado
3.373,75.0,0.0,18.733839,Moderado
3.323,76.0,0.0,20.532627,Moderado
3.473,79.0,0.0,21.986542,Moderado
4.273,77.0,0.0,24.522316,Moderado
5.4729996,66.0,0.0,28.162956,Alto
6.623,62.0,0.0,30.413074,Alto
7.773,59.0,0.0,29.738703,Alto
9.073,59.0,0.0,30.018473,Alto
9.373,62.0,0.0,30.24214,Alto
9.422999,63.0,0.0,30.317043,Alto
10.023,63.0,0.0,31.845251,Alto
10.123,64.0,0.0,33.190357,Alto
10.573,64.0,0.0,33.487743,Alto
10.873,64.0,0.0,33.1376,Alto
10.623,66.0,0.0,32.048088,Alto
10.223,67.0,0.0,32.44996,Alto
9.473,70.0,0.0,29.899511,Alto
8.723,73.0,0.0,28.802248,Alto
7.773,79.0,0.0,26.009842,Alto
7.323,82.0,0.0,24.648829,Moderado
7.273,83.0,0.0,23.933907,Moderado
7.273,83.0,0.0,22.862125,Moderado
7.123,82.0,0.0,23.623243,Moderado
6.823,82.0,0.0,22.314192,Moderado
6.7229996,82.0,0.0,23.675303,Moderado
6.6730003,82.0,0.0,23.219301,Moderado
7.1730003,82.0,0.0,21.96,Moderado
8.123,79.0,0.0,24.1388,Moderado
8.823,78.0,0.0,25.620771,Alto
10.373,70.0,0.0,30.5173,Alto
10.672999,68.0,0.0,31.450073,Alto
10.273,70.0,0.0,31.912327,Alto
10.973,69.0,0.0,32.26572,Alto
11.223,69.0,0.0,34.03476,Alto
12.672999,63.0,0.0,35.9946,Muy alto
13.623,60.0,0.0,38.134518,Muy alto
13.273,63.0,0.0,36.537785,Muy alto
13.873,62.0,0.0,37.095722,Muy alto
13.123,65.0,0.0,35.296524,Muy alto
12.223,69.0,0.0,35.821354,Muy alto
11.273,70.0,0.0,37.827415,Muy alto
10.823,68.0,0.0,39.122574,Muy alto
9.723,70.0,0.0,39.908073,Muy alto
9.273,70.0,0.0,41.587402,Muy alto
8.773,71.0,0.0,41.312252,Muy alto
8.173,72.0,0.1,41.137775,Muy alto
7.4230003,77.0,0.3,38.761486,Alto
7.373,76.0,0.3,38.526726,Alto
6.373,76.0,0.1,36.0072,Alto
5.273,74.0,0.0,33.857227,Alto
5.023,67.0,0.0,34.404022,Alto
4.9230003,52.0,0.0,36.032383,Muy alto
5.323,47.0,0.0,36.08091,Muy alto
6.273,42.0,0.0,33.809345,Muy alto
6.9230003,38.0,0.0,34.338036,Muy alto
7.6730003,34.0,0.0,36.06115,Muy alto
8.173,34.0,0.0,37.290855,Muy alto
8.922999,38.0,0.0,35.69813,Muy alto
9.323,39.0,0.0,36.785236,Muy alto
10.073,38.0,0.0,39.619625,Muy alto
9.523,41.0,0.0,40.20573,Muy alto
8.773,46.0,0.0,40.165417,Muy alto
7.9230003,49.0,0.0,39.67847,Muy alto
7.023,52.0,0.0,40.83739,Muy alto
6.4729996,55.0,0.0,39.732323,Muy alto
6.073,61.0,0.0,43.956867,Muy alto
5.2229996,64.0,0.0,44.6458,Muy alto
5.1730003,69.0,0.0,44.639996,Muy alto
5.1730003,75.0,0.0,43.199997,Muy alto
5.4230003,76.0,0.0,41.054203,Muy alto
5.6730003,76.0,0.0,39.32083,Muy alto
5.773,76.0,0.0,39.081146,Muy alto
6.073,76.0,0.0,37.017033,Alto
6.273,76.0,0.0,34.292713,Alto
6.9230003,71.0,0.0,33.3559,Alto
7.823,67.0,0.0,34.292713,Alto
9.073,59.0,0.0,34.80848,Muy alto
10.373,54.0,0.0,39.04797,Muy alto
11.123,50.0,0.0,38.868332,Muy alto
12.123,46.0,0.0,37.909554,Muy alto
12.773,43.0,0.0,36.23682,Muy alto
13.223,41.0,0.0,34.895866,Muy alto
13.323,41.0,0.0,33.626774,Muy alto
13.073,41.0,0.0,35.900864,Muy alto
12.672999,43.0,0.0,33.96233,Muy alto
12.223,44.0,0.0,33.161064,Muy alto
11.623,46.0,0.0,32.23357,Muy alto
10.773,50.0,0.0,31.655441,Alto
9.723,54.0,0.0,30.472675,Alto
8.773,61.0,0.0,30.190672,Alto
7.6730003,70.0,0.0,26.661882,Alto
7.123,75.0,0.0,25.570139,Alto
6.9230003,78.0,0.0,25.241108,Alto
6.823,81.0,0.0,25.651104,Alto
6.773,81.0,0.0,26.649727,Alto
6.823,81.0,0.0,27.381308,Alto
6.623,80.0,0.0,26.28986,Alto
6.2229996,81.0,0.0,23.40277,Moderado
6.273,81.0,0.0,20.523155,Moderado
7.7229996,74.0,0.0,20.883104,Moderado
9.573,64.0,0.0,22.608458,Alto
11.172999,56.0,0.0,22.314192,Alto
12.523,52.0,0.0,20.969805,Alto
13.773,48.0,0.0,19.734436,Alto
14.823,46.0,0.0,18.947083,Alto
15.723,43.0,0.0,19.469975,Alto
16.423,42.0,0.0,19.592731,Alto
17.223001,40.0,0.0,17.076298,Moderado
17.473001,39.0,0.0,16.171976,Moderado
17.373001,38.0,0.0,16.766108,Moderado
16.823,40.0,0.0,18.161278,Alto
15.823,42.0,0.0,19.64558,Alto
14.273,47.0,0.0,20.431387,Alto
12.473,53.0,0.0,18.94024,Moderado
10.623,60.0,0.0,15.484185,Moderado
9.223,68.0,0.0,13.75558,Moderado
8.123,74.0,0.0,12.6462,Moderado
7.4729996,77.0,0.0,11.928989,Moderado
7.1730003,77.0,0.0,10.661107,Bajo
7.123,75.0,0.0,8.473393,Bajo
6.6730003,78.0,0.0,6.924738,Bajo
5.823,82.0,0.0,5.8603754,Bajo
5.4729996,84.0,0.0,4.379589,Bajo
7.2229996,78.0,0.0,3.9763298,Bajo
9.223,67.0,0.0,6.12,Bajo
11.723,59.0,0.0,1.1384199,Bajo
13.573,52.0,0.0,3.7064266,Bajo
15.723,48.0,0.0,5.3517847,Moderado
17.873001,45.0,0.0,9.0,Moderado
19.823,43.0,0.0,10.587918,Moderado
20.323,39.0,0.0,11.503113,Moderado
21.573,37.0,0.0,10.24578,Moderado
21.723001,36.0,0.0,14.05845,Moderado
21.423,33.0,0.0,18.35647,Alto
19.823,38.0,0.0,20.730501,Alto
18.123001,42.0,0.0,20.49156,Alto
16.023,47.0,0.0,20.780453,Alto
14.523,52.0,0.0,18.844202,Moderado
12.473,59.0,0.0,16.700275,Moderado
10.823,66.0,0.0,16.62249,Moderado
9.422999,71.0,0.0,16.575644,Moderado
8.573,70.0,0.0,16.563911,Moderado
8.023,66.0,0.0,16.62249,Moderado
7.9230003,67.0,0.0,14.764389,Moderado
7.4230003,67.0,0.0,13.324863,Moderado
6.873,67.0,0.0,10.948973,Moderado
6.773,68.0,0.0,10.446206,Moderado
7.823,64.0,0.0,10.948973,Moderado
9.123,59.0,0.0,10.464797,Moderado
9.323,64.0,0.0,4.5820518,Bajo
10.123,62.0,0.0,1.8,Bajo
11.473,56.0,0.0,2.7416782,Bajo
12.672999,50.0,0.0,6.87779,Moderado
13.672999,45.0,0.0,18.079027,Moderado
13.573,47.0,0.0,20.545246,Alto
13.773,48.0,0.0,21.2522,Alto
13.723,49.0,0.0,20.275383,Alto
13.723,50.0,0.0,20.478907,Alto
13.073,52.0,0.0,19.353138,Moderado
12.773,53.0,0.0,19.386593,Moderado
11.873,60.0,0.1,18.919704,Moderado
10.873,65.0,0.1,16.434305,Moderado
9.723,75.0,0.1,14.4,Moderado
8.973,82.0,0.2,13.783817,Bajo
8.523,85.0,0.3,13.513193,Bajo
8.173,88.0,0.6,14.57889,Bajo
7.9729996,88.0,0.6,15.463246,Bajo
7.623,89.0,0.4,15.978484,Bajo
7.4230003,88.0,0.2,15.192682,Bajo
7.1730003,84.0,0.1,18.089775,Moderado
6.9230003,80.0,0.0,18.0036,Moderado
7.323,75.0,0.0,20.523155,Moderado
7.9729996,67.0,0.0,24.490587,Alto
9.373,60.0,0.0,27.551172,Alto
10.273,55.0,0.0,28.266306,Alto
11.422999,48.0,0.0,27.595825,Alto
11.922999,39.0,0.0,28.696312,Alto
12.023,37.0,0.0,28.348713,Alto
11.922999,37.0,0.0,26.867676,Alto
11.873,33.0,0.0,26.282463,Alto
11.623,34.0,0.0,23.34455,Alto
11.223,35.0,0.0,21.518847,Alto
10.723,37.0,0.0,19.586117,Alto
10.223,39.0,0.0,17.902534,Alto
9.523,42.0,0.0,15.629971,Moderado
8.422999,49.0,0.0,9.9571085,Moderado
6.7229996,58.0,0.0,5.6920996,Bajo
5.373,66.0,0.0,3.319036,Bajo
4.6730003,70.0,0.0,1.9386592,Bajo
3.923,72.0,0.0,2.9024127,Bajo
2.773,79.0,0.0,3.0758414,Bajo
2.573,74.0,0.0,2.2768397,Bajo
2.473,74.0,0.0,2.0991426,Bajo
1.773,76.0,0.0,3.6,Bajo
2.573,74.0,0.0,5.0142193,Bajo
4.6730003,72.0,0.0,6.696387,Bajo
7.2229996,64.0,0.0,15.077082,Moderado
8.873,48.0,0.0,16.595179,Moderado
10.273,39.0,0.0,20.46941,Alto
11.473,36.0,0.0,22.539564,Alto
11.773,35.0,0.0,24.514387,Alto
11.422999,36.0,0.0,25.11758,Alto
10.723,43.0,0.0,24.633049,Alto
9.672999,50.0,0.0,25.338476,Alto
9.773,52.0,0.0,23.068108,Alto
10.172999,50.0,0.0,22.881958,Alto
10.273,51.0,0.0,22.226902,Alto
10.223,52.0,0.0,21.42227,Alto
9.823,56.0,0.0,18.998316,Moderado
9.623,55.0,0.0,15.463246,Moderado
8.523,65.0,0.1,12.88981,Moderado
7.623,71.0,0.0,11.966954,Moderado
7.073,77.0,0.0,11.200571,Moderado
6.4729996,80.0,0.0,10.97262,Bajo
5.873,84.0,0.0,10.195057,Bajo
5.4230003,87.0,0.0,9.085988,Bajo
5.1730003,90.0,0.0,9.085988,Bajo
4.823,91.0,0.0,8.854829,Bajo
4.9729996,91.0,0.0,9.387651,Bajo
6.523,83.0,0.0,14.33234,Moderado
7.823,71.0,0.0,21.175835,Moderado
8.523,62.0,0.0,22.007162,Alto
9.123,57.0,0.0,23.510508,Alto
9.922999,53.0,0.1,24.014996,Alto
10.172999,49.0,0.1,24.798223,Alto
10.172999,49.0,0.0,28.664682,Alto
9.873,52.0,0.0,26.081993,Alto
10.922999,49.0,0.1,28.576382,Alto
10.422999,58.0,0.1,25.6233,Alto
10.373,62.0,0.1,26.903828,Alto
9.773,67.0,0.3,26.111792,Moderado
9.373,69.0,0.4,27.504095,Moderado
9.422999,72.0,0.1,25.38702,Alto
9.323,73.0,0.2,22.427162,Moderado
8.723,76.0,0.1,20.65848,Moderado
8.523,78.0,0.1,20.326454,Moderado
8.173,80.0,0.0,20.326454,Moderado
7.7229996,84.0,0.1,21.273533,Moderado
7.4729996,82.0,0.5,25.651104,Moderado
6.9230003,72.0,0.1,24.84,Alto
6.123,70.0,0.0,28.082308,Alto
5.323,68.0,0.0,25.582806,Alto
5.1730003,66.0,0.0,23.40277,Alto
5.9729996,63.0,0.0,26.282465,Alto
6.9729996,57.0,0.0,29.88,Alto
7.823,51.0,0.0,29.899511,Alto
8.723,48.0,0.0,30.24214,Alto
9.623,44.0,0.0,29.899511,Alto
10.023,43.0,0.0,30.317043,Alto
10.422999,41.0,0.0,30.344814,Muy alto
10.922999,39.0,0.0,30.293522,Muy alto
11.273,39.0,0.0,32.169178,Muy alto
11.422999,39.0,0.0,30.317043,Muy alto
11.323,39.0,0.0,28.47643,Alto
10.773,41.0,0.0,26.642431,Alto
10.023,43.0,0.0,24.933735,Alto
9.323,46.0,0.0,23.377836,Alto
8.473,49.0,0.0,21.129885,Alto
7.323,56.0,0.0,16.516901,Moderado
6.373,64.0,0.0,12.879752,Moderado
5.4729996,72.0,0.0,10.464797,Moderado
4.9230003,76.0,0.0,9.673221,Bajo
4.9729996,75.0,0.0,11.246759,Moderado
4.073,80.0,0.0,9.085988,Bajo
3.723,81.0,0.0,8.161764,Bajo
3.723,80.0,0.0,8.534353,Bajo
3.973,78.0,0.0,8.089993,Bajo
5.4230003,72.0,0.0,9.693296,Bajo
7.523,61.0,0.0,15.072783,Moderado
8.473,56.0,0.0,16.075521,Moderado
9.823,47.0,0.0,17.610588,Moderado
10.073,45.0,0.0,20.150354,Alto
11.273,41.0,0.1,20.371038,Alto
12.073,35.0,0.1,19.469976,Alto
11.672999,36.0,0.0,20.833395,Alto
11.672999,39.0,0.3,22.881956,Moderado
11.422999,43.0,0.3,19.08,Moderado
12.672999,35.0,0.0,15.158522,Moderado
12.723,36.0,0.0,17.163355,Alto
11.422999,48.0,0.0,17.163355,Moderado
10.573,57.0,0.1,14.494192,Moderado
8.973,70.0,0.1,11.4862,Moderado
7.873,82.0,0.2,9.449572,Bajo
7.073,88.0,0.1,10.028439,Bajo
6.573,92.0,0.0,4.73506,Bajo
6.073,96.0,0.5,5.4477882,Bajo
5.823,97.0,0.0,4.0249224,Bajo
5.573,97.0,0.0,6.0347,Bajo
5.323,98.0,0.0,3.96,Bajo
5.073,99.0,0.0,2.8799999,Bajo
5.273,98.0,0.0,2.52,Bajo
6.4230003,93.0,0.0,1.9386592,Bajo
7.823,82.0,0.0,3.2399998,Bajo
9.823,74.0,0.0,2.0991426,Bajo
11.172999,64.0,0.0,7.771331,Bajo
12.323,58.0,0.0,11.503113,Moderado
13.373,59.0,0.2,12.57426,Bajo
13.723,52.0,0.2,15.990646,Moderado
13.323,54.0,0.8,19.33639,Moderado
13.922999,54.0,0.4,17.713316,Moderado
13.473,51.0,0.5,20.858265,Moderado
13.823,44.0,0.0,23.313995,Alto
13.273,45.0,0.0,23.510508,Alto
12.223,51.0,0.0,21.746504,Alto
10.323,62.0,0.0,19.852295,Moderado
9.023,71.0,0.1,16.299694,Moderado
8.073,75.0,0.2,14.205182,Bajo
7.023,77.0,0.0,14.408997,Moderado
6.273,80.0,0.0,15.281989,Moderado
5.573,83.0,0.0,15.484185,Moderado
5.023,85.0,0.0,15.484185,Moderado
4.523,81.0,0.0,17.771753,Moderado
3.873,75.0,0.0,16.65754,Moderado
3.323,77.0,0.0,16.65754,Moderado
3.523,75.0,0.0,17.673029,Moderado
4.623,65.0,0.0,19.443333,Moderado
5.9729996,59.0,0.0,21.626984,Alto
7.9230003,45.0,0.0,27.288855,Alto
8.773,43.0,0.0,26.795223,Alto
8.773,44.0,0.0,27.086262,Alto
9.723,44.0,0.0,28.137634,Alto
10.172999,44.0,0.1,28.835976,Alto
10.773,42.0,0.1,29.339449,Alto
10.573,42.0,0.0,32.136932,Muy alto
10.422999,42.0,0.1,31.700449,Muy alto
10.023,44.0,0.1,31.450073,Muy alto
9.573,46.0,0.0,29.96662,Alto
9.023,47.0,0.0,28.639803,Alto
8.173,49.0,0.0,26.717722,Alto
7.373,53.0,0.0,25.420181,Alto
6.273,58.0,0.0,21.647945,Alto
5.323,66.0,0.0,20.163212,Moderado
4.4729996,72.0,0.0,19.523155,Moderado
3.873,75.0,0.0,18.584509,Moderado
3.423,78.0,0.0,17.377226,Moderado
2.873,79.0,0.0,15.281989,Moderado
2.273,82.0,0.0,13.450708,Moderado
1.823,84.0,0.0,12.313893,Bajo
2.323,83.0,0.0,12.224107,Bajo
4.323,73.0,0.0,15.03835,Moderado
6.523,61.0,0.0,19.416653,Moderado
8.723,54.0,0.0,22.3229,Alto
9.823,50.0,0.0,23.444265,Alto
10.973,46.0,0.0,22.91026,Alto
11.773,43.0,0.0,22.91026,Alto
11.973,43.0,0.0,22.104116,Alto
12.473,41.0,0.0,23.14103,Alto
13.273,38.0,0.0,22.33161,Alto
13.273,39.0,0.0,23.0653,Alto
12.473,45.0,0.0,23.177402,Alto
11.973,49.0,0.0,22.392462,Alto
11.773,50.0,0.0,21.24,Alto
11.172999,52.0,0.0,21.626984,Alto
10.123,56.0,0.0,19.469976,Moderado
9.273,62.0,0.0,19.09358,Moderado
8.523,67.0,0.0,19.296133,Moderado
8.023,72.0,0.0,19.562946,Moderado
7.573,75.0,0.0,18.709612,Moderado
7.623,75.0,0.0,17.873556,Moderado
7.573,75.0,0.0,19.201874,Moderado
7.023,78.0,0.0,16.75064,Moderado
6.523,82.0,0.0,14.512064,Moderado
7.073,81.0,0.0,15.517629,Moderado
8.823,74.0,0.0,19.803272,Moderado
10.023,70.0,0.0,23.110207,Moderado
11.323,67.0,0.0,25.241108,Alto
12.773,62.0,0.0,25.212852,Alto
14.373,58.0,0.0,25.932495,Alto
15.422999,56.0,0.0,25.671307,Alto
16.073,55.0,0.0,25.346148,Alto
16.173,56.0,0.0,27.288855,Alto
17.023,53.0,0.0,28.623962,Alto
17.323,53.0,0.0,29.381382,Alto
17.173,54.0,0.0,29.427662,Alto
16.273,57.0,0.0,29.381382,Alto
15.172999,60.0,0.0,28.856194,Alto
14.023,64.0,0.0,27.0024,Alto
12.823,67.0,0.0,25.942488,Alto
11.672999,72.0,0.0,23.828083,Alto
10.873,76.0,0.0,22.007162,Moderado
10.523,78.0,0.0,20.957443,Moderado
10.323,79.0,0.0,20.598795,Moderado
10.273,79.0,0.0,19.959719,Moderado
10.273,78.0,0.0,20.240196,Moderado
9.873,81.0,0.0,18.94024,Moderado
9.573,83.0,0.0,18.25026,Moderado
10.073,82.0,0.0,18.692286,Moderado
11.223,77.0,0.0,20.617662,Moderado
12.273,73.0,0.0,23.42491,Moderado
13.573,67.0,0.0,25.199999,Alto
14.473,64.0,0.0,25.942488,Alto
15.922999,59.0,0.0,26.700743,Alto
16.723001,57.0,0.0,26.836306,Alto
17.123001,56.0,0.0,25.683926,Alto
17.673,54.0,0.0,26.400545,Alto
17.473001,53.0,0.0,26.836306,Alto
17.823,52.0,0.0,25.683926,Alto
17.473001,54.0,0.0,26.009842,Alto
16.823,56.0,0.0,26.368616,Alto
16.173,58.0,0.0,24.905132,Alto
15.273,62.0,0.0,23.042812,Alto
14.323,64.0,0.0,21.316135,Moderado
13.623,68.0,0.0,18.844202,Moderado
12.672999,74.0,0.0,15.03835,Moderado
12.123,77.0,0.0,13.896187,Moderado
11.573,80.0,0.0,13.207634,Moderado
11.073,83.0,0.0,12.43434,Moderado
11.223,82.0,0.0,12.10157,Moderado
10.723,85.0,0.0,10.966713,Bajo
10.172999,89.0,0.0,9.693296,Bajo
10.373,88.0,0.0,9.83268,Bajo
11.723,80.0,0.0,13.1041975,Moderado
13.422999,72.0,0.0,17.654686,Moderado
15.922999,59.0,0.0,23.587555,Alto
17.023,54.0,0.0,25.96496,Alto
18.073,50.0,0.0,28.036118,Alto
18.073,50.0,0.0,28.528723,Alto
18.423,49.0,0.0,30.009838,Alto
18.723001,47.0,0.0,31.845247,Muy alto
17.823,47.0,0.0,33.2781,Muy alto
16.673,51.0,0.0,34.567497,Muy alto
14.422999,52.0,0.0,36.764088,Muy alto
14.172999,52.0,0.0,38.986523,Muy alto
12.922999,54.0,0.0,37.14286,Muy alto
10.223,56.0,0.0,39.771442,Muy alto
8.823,62.0,0.0,41.476624,Muy alto
7.7229996,68.0,0.0,37.123665,Muy alto
7.573,67.0,0.0,31.92654,Alto
7.1730003,67.0,0.0,29.024128,Alto
6.6730003,68.0,0.0,25.325686,Alto
6.1730003,71.0,0.0,21.24305,Moderado
5.7229996,77.0,0.0,21.077686,Moderado
5.323,78.0,0.0,20.721119,Moderado
4.9729996,77.0,0.0,19.245697,Moderado
5.073,76.0,0.0,18.844202,Moderado
6.1730003,70.0,0.0,21.986542,Moderado
7.4230003,60.0,0.0,25.241108,Alto
8.922999,53.0,0.0,26.302181,Alto
10.422999,46.0,0.0,28.1169,Alto
11.672999,44.0,0.0,29.627363,Alto
12.373,42.0,0.0,28.943642,Alto
13.473,39.0,0.0,28.08923,Alto
14.273,38.0,0.0,29.16,Alto
14.373,38.0,0.0,31.75355,Muy alto
14.473,37.0,0.0,33.12,Muy alto
13.973,41.0,0.0,31.68,Muy alto
13.422999,43.0,0.0,29.88217,Alto
12.523,44.0,0.0,29.522196,Alto
11.523,47.0,0.0,27.021591,Alto
10.922999,52.0,0.0,24.162945,Alto
9.873,55.0,0.0,23.411074,Alto
8.773,53.0,0.0,22.007162,Alto
8.273,58.0,0.0,17.313717,Moderado
7.6730003,67.0,0.1,13.450708,Moderado
6.9230003,76.0,0.2,9.957108,Bajo
6.7229996,82.0,0.1,8.0899935,Bajo
6.9729996,85.0,0.7,12.768586,Bajo
6.873,74.0,0.2,22.065973,Moderado
6.773,74.0,0.1,23.188583,Moderado
7.1730003,74.0,0.2,22.59699,Moderado
7.873,71.0,0.2,24.95452,Moderado
8.672999,64.0,0.0,29.69727,Alto
9.073,66.0,0.8,31.883888,Alto
10.323,59.0,0.0,30.657122,Alto
11.723,50.0,0.1,34.247337,Muy alto
12.473,47.0,0.1,35.1862,Muy alto
11.823,48.0,0.4,35.690872,Alto
12.422999,45.0,0.1,40.53159,Muy alto
12.073,44.0,0.0,40.456375,Muy alto
11.223,47.0,0.0,40.076588,Muy alto
10.523,50.0,0.0,38.774857,Muy alto
9.823,52.0,0.0,36.939926,Muy alto
9.073,53.0,0.0,35.105072,Muy alto
7.773,55.0,0.0,33.541878,Muy alto
6.773,63.0,0.0,30.413074,Alto
5.873,69.0,0.0,30.259275,Alto
5.273,67.0,0.0,31.75355,Alto
4.9230003,66.0,0.0,31.06239,Alto
4.6730003,68.0,0.0,28.1169,Alto
4.823,72.0,0.0,27.0024,Alto
4.773,74.0,0.0,26.009842,Alto
4.9230003,74.0,0.0,27.36947,Alto
5.2229996,70.0,0.0,27.397867,Alto
6.323,69.0,0.0,28.521906,Alto
7.623,65.0,0.0,32.41799,Alto
9.273,60.0,0.0,32.399998,Alto
10.323,59.0,0.0,31.353085,Alto
10.723,59.0,0.0,32.169178,Alto
11.223,58.0,0.0,31.97319,Alto
11.723,57.0,0.0,35.756172,Muy alto
11.672999,59.0,0.1,35.1862,Muy alto
11.473,60.0,0.4,36.217144,Alto
11.223,62.0,0.2,33.04361,Alto
10.573,70.0,0.6,32.058193,Alto
10.473,74.0,0.6,26.208395,Moderado
10.323,76.0,0.5,24.20314,Moderado
10.172999,77.0,0.1,26.807312,Alto
10.172999,73.0,0.0,28.58545,Alto
9.523,75.0,0.0,28.880886,Alto
8.922999,77.0,0.0,27.729347,Alto
8.523,79.0,0.0,26.282465,Alto
7.9729996,81.0,0.0,25.56,Alto
7.773,81.0,0.0,25.562534,Alto
8.073,82.0,0.0,27.362366,Alto
8.023,79.0,0.0,26.121714,Alto
7.4729996,66.0,0.0,29.59235,Alto
6.773,71.0,0.0,27.059933,Alto
7.573,67.0,0.0,28.551426,Alto
8.922999,55.0,0.0,31.608328,Alto
9.873,47.0,0.0,29.250967,Alto
10.873,43.0,0.0,31.311722,Muy alto
11.523,41.0,0.0,31.875755,Muy alto
12.172999,40.0,0.0,30.96837,Muy alto
12.973,38.0,0.0,30.5173,Muy alto
13.172999,39.0,0.0,30.96837,Muy alto
13.773,39.0,0.0,34.509335,Muy alto
13.523,40.0,0.0,33.00436,Muy alto
12.873,45.0,0.0,31.70658,Muy alto
11.922999,52.0,0.0,30.855171,Alto
11.273,57.0,0.0,25.959969,Alto
11.023,61.0,0.0,22.691425,Alto
11.073,60.0,0.0,21.791153,Alto
10.172999,61.0,0.0,25.071096,Alto
9.073,70.0,0.1,17.31746,Moderado
8.723,77.0,0.1,15.124284,Moderado
8.623,81.0,0.2,18.844202,Bajo
8.773,84.0,0.1,21.096123,Moderado
8.873,84.0,0.2,20.3774,Moderado
9.073,85.0,0.1,22.065973,Moderado
9.172999,85.0,0.1,22.26477,Moderado
9.523,85.0,0.2,24.280659,Moderado
10.123,84.0,0.1,28.174456,Alto
11.273,78.0,0.0,30.413074,Alto
12.073,65.0,0.0,34.606842,Alto
12.823,62.0,0.0,36.376038,Muy alto
13.973,54.0,0.0,37.938602,Muy alto
14.273,51.0,0.0,37.374172,Muy alto
14.373,48.0,0.0,39.18712,Muy alto
14.023,49.0,0.0,39.60818,Muy alto
14.023,47.0,0.0,45.766747,Muy alto
13.073,46.0,0.0,48.02999,Extremo
11.773,42.0,0.0,47.838024,Extremo
10.922999,46.0,0.0,44.91929,Muy alto
10.073,46.0,0.0,42.45253,Muy alto
9.723,47.0,0.0,41.38121,Muy alto
9.023,53.0,0.0,39.29116,Muy alto
7.573,65.0,0.0,36.813408,Muy alto
6.873,70.0,0.0,36.57501,Muy alto
6.623,72.0,0.0,36.832767,Muy alto
6.523,74.0,0.0,37.254345,Muy alto
6.4230003,73.0,0.0,40.991024,Muy alto
6.073,69.0,0.0,45.107872,Muy alto
5.873,72.0,0.0,43.738148,Muy alto
5.9729996,72.0,0.0,43.683296,Muy alto
6.123,71.0,0.0,43.135452,Muy alto
6.873,68.0,0.0,42.46474,Muy alto
8.173,62.0,0.0,40.016712,Muy alto
9.922999,57.0,0.0,44.700928,Muy alto
10.773,52.0,0.0,47.051323,Muy alto
11.723,48.0,0.0,48.530617,Extremo
12.323,46.0,0.0,49.54024,Extremo
12.623,46.0,0.0,49.59645,Extremo
12.773,45.0,0.0,49.007618,Extremo
13.373,44.0,0.0,53.386917,Extremo
13.023,44.0,0.0,51.844997,Extremo
12.373,46.0,0.0,51.19726,Extremo
11.623,46.0,0.0,48.945435,Extremo
10.873,47.0,0.0,46.941013,Extremo
9.672999,52.0,0.0,45.010075,Muy alto
8.973,53.0,0.0,42.73702,Muy alto
7.9230003,58.0,0.0,40.39867,Muy alto
7.2229996,62.0,0.0,39.640884,Muy alto
7.123,70.0,0.0,38.60234,Muy alto
7.023,74.0,0.0,40.06365,Muy alto
6.873,76.0,0.0,36.896046,Alto
7.373,77.0,0.0,31.259945,Alto
7.4230003,80.0,0.0,31.421213,Alto
7.6730003,73.0,0.0,36.145508,Alto
7.323,76.0,0.0,34.921856,Alto
8.323,71.0,0.0,35.656357,Alto
9.023,58.0,0.0,41.251034,Muy alto
9.723,57.0,0.0,41.66679,Muy alto
10.523,51.0,0.0,43.831387,Muy alto
11.073,40.0,0.0,48.2776,Extremo
11.523,43.0,0.0,45.845966,Muy alto
11.223,44.0,0.0,48.952057,Extremo
11.473,41.0,0.0,49.73736,Extremo
11.723,41.0,0.0,48.288334,Extremo
11.473,45.0,0.0,46.10952,Muy alto
11.623,43.0,0.0,45.435646,Muy alto
10.922999,45.0,0.0,42.366966,Muy alto
9.922999,49.0,0.0,38.639256,Muy alto
8.672999,51.0,0.0,35.598152,Muy alto
6.9729996,53.0,0.0,33.1845,Muy alto
5.123,51.0,0.0,29.644857,Alto
3.973,59.0,0.0,29.957972,Alto
3.523,59.0,0.0,29.035288,Alto
3.323,63.0,0.0,26.901417,Alto
3.223,64.0,0.0,27.852928,Alto
2.923,68.0,0.0,27.416782,Alto
2.873,65.0,0.0,26.807312,Alto
2.523,70.0,0.0,26.903828,Alto
2.873,66.0,0.0,24.64094,Alto
3.923,63.0,0.0,26.654589,Alto
5.023,56.0,0.0,28.820242,Alto
6.123,51.0,0.0,29.337238,Alto
7.323,44.0,0.0,30.261421,Alto
8.023,41.0,0.0,31.853388,Muy alto
9.023,34.0,0.0,31.902174,Muy alto
9.523,32.0,0.0,29.03752,Muy alto
9.672999,31.0,0.0,28.583183,Muy alto
9.573,32.0,0.0,29.882166,Muy alto
9.922999,32.0,0.0,31.353085,Muy alto
9.672999,33.0,0.0,31.557032,Muy alto
9.523,36.0,0.0,31.75355,Muy alto
8.773,43.0,0.0,31.722925,Muy alto
7.873,44.0,0.0,29.354902,Alto
6.823,50.0,0.0,27.66384,Alto
5.9230003,57.0,0.0,24.933735,Alto
5.373,60.0,0.0,23.051247,Alto
4.9729996,61.0,0.0,22.805367,Alto
4.623,65.0,0.0,21.479666,Moderado
4.373,70.0,0.0,19.416653,Moderado
3.873,72.0,0.0,16.23596,Moderado
3.273,81.0,0.0,12.245294,Moderado
2.823,86.0,0.0,11.570515,Bajo
3.173,73.0,0.0,11.792404,Moderado
5.073,62.0,0.0,12.849528,Moderado
7.523,54.0,0.0,17.643673,Moderado
9.672999,51.0,0.0,20.633371,Alto
10.773,56.0,0.0,23.828083,Alto
10.723,58.0,0.0,26.525429,Alto
12.023,53.0,0.0,28.739187,Alto
12.973,48.0,0.0,32.048088,Muy alto
12.823,50.0,0.0,31.355152,Alto
12.823,49.0,0.0,33.46645,Muy alto
12.422999,50.0,0.0,32.136932,Muy alto
11.723,60.0,0.1,28.496904,Alto
11.172999,66.0,0.3,25.223133,Moderado
10.922999,73.0,0.2,25.153671,Moderado
10.323,79.0,0.3,24.717085,Moderado
9.773,81.0,0.1,26.124195,Alto
9.422999,83.0,0.0,25.582806,Moderado
9.422999,84.0,0.0,26.987997,Alto
9.573,83.0,0.0,26.33911,Alto
9.373,83.0,0.0,24.336637,Moderado
9.573,78.0,0.0,27.44513,Alto
9.172999,79.0,0.0,30.962095,Alto
8.523,80.0,0.0,29.957968,Alto
7.9230003,80.0,0.0,29.528778,Alto
7.623,77.0,0.0,30.96837,Alto
8.273,73.0,0.0,32.44996,Alto
9.723,62.0,0.0,33.145424,Alto
10.873,52.0,0.0,33.441265,Muy alto
11.922999,46.0,0.0,32.79361,Muy alto
12.973,42.0,0.0,31.65135,Muy alto
13.672999,39.0,0.0,30.758411,Muy alto
13.973,38.0,0.0,31.559086,Muy alto
13.922999,38.0,0.0,32.571545,Muy alto
13.723,39.0,0.0,33.58821,Muy alto
13.373,40.0,0.0,34.04808,Muy alto
12.922999,42.0,0.0,34.509335,Muy alto
12.273,45.0,0.0,34.04808,Muy alto
11.473,49.0,0.0,33.014175,Muy alto
10.523,53.0,0.0,31.104082,Alto
9.623,57.0,0.0,29.168886,Alto
8.672999,61.0,0.0,26.6327,Alto
7.7229996,66.0,0.0,24.216522,Alto
7.023,70.0,0.0,22.319998,Moderado
6.623,73.0,0.0,21.647945,Moderado
6.4729996,76.0,0.0,21.746504,Moderado
6.323,79.0,0.0,21.188072,Moderado
5.9230003,82.0,0.0,19.734436,Moderado
5.573,85.0,0.0,17.917007,Moderado
5.873,84.0,0.0,17.447933,Moderado
7.323,75.0,0.0,19.652176,Moderado
9.422999,61.0,0.0,24.216522,Alto
11.323,50.0,0.0,28.739187,Alto
12.672999,44.0,0.0,30.652895,Alto
13.773,41.0,0.0,31.559088,Muy alto
14.723,39.0,0.0,31.491255,Muy alto
15.473,38.0,0.0,30.926489,Muy alto
16.073,39.0,0.0,30.035742,Muy alto
16.373001,40.0,0.0,28.73242,Alto
16.373001,41.0,0.0,27.155552,Alto
16.173,43.0,0.0,25.14852,Alto
15.823,45.0,0.0,23.087763,Alto
15.473,47.0,0.0,20.721119,Alto
14.973,50.0,0.0,18.391735,Moderado
14.172999,54.0,0.0,15.484185,Moderado
12.873,61.0,0.0,10.8955765,Moderado
11.273,70.0,0.0,6.28713,Bajo
9.873,77.0,0.0,3.8939953,Bajo
8.823,80.0,0.0,4.198285,Bajo
7.9230003,82.0,0.0,5.1165614,Bajo
7.323,83.0,0.0,6.297428,Bajo
9.422999,77.0,0.1,9.255571,Bajo
9.323,80.0,0.1,5.937272,Bajo
9.773,81.0,0.1,4.3498964,Bajo
11.323,75.0,0.0,6.989936,Bajo
9.773,80.0,0.1,9.19939,Bajo
11.273,80.0,0.3,13.207634,Bajo
13.422999,72.0,0.0,17.377226,Moderado
13.873,72.0,0.2,19.245697,Moderado
15.473,66.0,0.0,20.833395,Moderado
16.873001,58.0,0.0,29.519999,Alto
17.623001,55.0,0.0,29.574827,Alto
18.223001,53.0,0.0,29.598919,Alto
18.423,53.0,0.0,27.869207,Alto
18.723001,52.0,0.0,25.812277,Alto
17.923,56.0,0.0,24.923338,Alto
17.573,58.0,0.0,21.749481,Alto
17.023,60.0,0.0,20.724247,Moderado
16.673,60.0,0.0,18.792551,Moderado
15.473,65.0,0.0,14.658676,Moderado
14.273,70.0,0.0,12.682018,Moderado
12.873,76.0,0.0,13.18308,Moderado
11.873,82.0,0.0,11.983188,Moderado
11.473,84.0,0.0,12.904882,Moderado
12.373,79.0,0.1,11.966954,Moderado
12.973,77.0,0.2,12.261157,Bajo
12.922999,78.0,0.0,8.161764,Bajo
12.223,82.0,0.0,5.95906,Bajo
13.023,79.0,0.0,10.823973,Moderado
13.223,79.0,0.3,18.228943,Bajo
14.973,57.0,0.1,17.81909,Moderado
16.123001,51.0,0.0,25.919998,Alto
16.323,45.0,0.0,28.082308,Alto
17.473001,39.0,0.0,29.986076,Muy alto
17.523,34.0,0.0,32.736256,Muy alto
17.523,31.0,0.0,32.24161,Muy alto
17.423,27.0,0.0,32.41799,Muy alto
16.873001,27.0,0.0,30.962095,Muy alto
16.773,28.0,0.0,31.012281,Muy alto
16.323,28.0,0.0,30.855171,Muy alto
15.672999,30.0,0.0,28.883131,Muy alto
14.823,34.0,0.0,27.112564,Alto
13.723,36.0,0.0,24.522316,Alto
12.373,43.0,0.0,21.647945,Alto
11.523,47.0,0.0,19.852295,Alto
10.873,51.0,0.0,18.03237,Moderado
10.223,55.0,0.0,15.905319,Moderado
9.523,61.0,0.0,13.679999,Moderado
7.9230003,69.0,0.0,9.339208,Moderado
7.4729996,73.0,0.0,8.891343,Bajo
7.1730003,79.0,0.0,8.699793,Bajo
7.373,85.0,0.1,8.891343,Bajo
8.723,81.0,0.1,10.383987,Bajo
10.373,71.0,0.0,16.904673,Moderado
12.123,51.0,0.0,20.523157,Alto
13.373,44.0,0.0,23.871555,Alto
14.373,39.0,0.0,26.980793,Alto
15.073,39.0,0.0,27.231804,Alto
16.473001,36.0,0.0,27.852928,Alto
17.373001,33.0,0.0,28.091534,Alto
17.773,32.0,0.0,24.567198,Alto
18.273,31.0,0.0,25.133053,Alto
16.423,42.0,0.1,25.02971,Alto
13.922999,61.0,0.4,16.981165,Moderado
12.623,76.0,1.2,11.246759,Bajo
12.573,77.0,0.8,12.641076,Bajo
12.073,73.0,0.6,18.057508,Moderado
11.523,75.0,0.3,19.011953,Moderado
11.422999,77.0,0.1,18.0,Moderado
11.623,79.0,0.1,17.782686,Moderado
11.273,82.0,0.0,17.114204,Moderado
10.873,82.0,0.0,18.899143,Moderado
10.223,73.0,0.0,22.45315,Moderado
9.323,79.0,0.0,19.48661,Moderado
8.672999,83.0,0.0,16.171976,Moderado
8.273,85.0,0.0,14.578888,Moderado
9.373,79.0,0.0,15.379206,Moderado
11.023,66.0,0.0,20.833395,Moderado
12.172999,60.0,0.0,20.907913,Moderado
13.223,50.0,0.0,22.007162,Alto
14.023,46.0,0.0,22.751316,Alto
14.323,44.0,0.0,23.499481,Alto
14.473,44.0,0.0,23.266697,Alto
15.473,42.0,0.0,22.505037,Alto
16.073,39.0,0.0,21.626984,Alto
15.573,40.0,0.0,19.881649,Alto
15.223,42.0,0.0,18.844202,Alto
15.422999,42.0,0.0,17.673029,Moderado
15.223,43.0,0.0,16.203999,Moderado
14.623,44.0,0.0,12.959999,Moderado
13.373,56.0,0.0,9.007196,Moderado
12.023,63.0,0.0,6.130579,Bajo
10.973,70.0,0.0,5.0528407,Bajo
10.273,74.0,0.0,3.671294,Bajo
9.573,78.0,0.0,4.0249224,Bajo
9.273,78.0,0.0,4.32,Bajo
9.723,80.0,0.0,4.68,Bajo
9.623,75.0,0.0,5.771239,Bajo
9.523,71.0,0.0,8.350138,Bajo
9.273,69.0,0.0,10.086427,Moderado
9.373,64.0,0.0,14.05845,Moderado
9.672999,59.0,0.0,17.581125,Moderado
10.172999,55.0,0.0,17.106628,Moderado
11.223,46.0,0.0,20.275383,Alto
11.873,44.0,0.0,21.897945,Alto
12.573,39.0,0.0,23.313995,Alto
13.073,35.0,0.0,24.975283,Alto
12.422999,36.0,0.0,26.807312,Alto
13.073,35.0,0.0,24.535524,Alto
12.323,38.0,0.0,26.654589,Alto
11.773,41.0,0.0,27.77838,Alto
11.123,46.0,0.0,28.576382,Alto
10.823,50.0,0.0,25.233406,Alto
10.573,52.0,0.0,22.19773,Alto
9.823,60.0,0.0,20.907913,Moderado
8.873,66.0,0.0,18.72346,Moderado
8.123,71.0,0.0,17.057314,Moderado
7.6730003,75.0,0.0,18.129137,Moderado
7.2229996,75.0,0.0,17.81909,Moderado
6.6730003,74.0,0.0,18.228943,Moderado
6.4729996,74.0,0.0,20.929596,Moderado
6.273,75.0,0.0,20.5484,Moderado
6.073,76.0,0.0,18.486622,Moderado
5.873,80.0,0.0,15.281989,Moderado
6.873,77.0,0.0,13.905509,Moderado
8.623,71.0,0.0,17.917007,Moderado
10.573,60.0,0.0,22.33161,Alto
11.523,54.0,0.0,24.884306,Alto
12.422999,50.0,0.0,26.6327,Alto
12.973,47.0,0.0,27.155552,Alto
12.823,48.0,0.0,26.654589,Alto
12.273,51.0,0.0,24.94413,Alto
12.623,55.0,0.2,23.847115,Moderado
13.172999,53.0,0.1,28.820242,Alto
12.373,60.0,0.2,28.337282,Moderado
12.273,59.0,0.2,29.644857,Alto
11.323,65.0,0.4,28.657898,Moderado
10.273,72.0,0.6,24.514387,Moderado
10.073,75.0,0.7,20.570463,Moderado
9.523,79.0,0.7,19.586119,Moderado
9.323,78.0,0.5,20.172853,Moderado
9.223,79.0,0.3,18.875126,Moderado
9.073,79.0,0.1,18.374111,Moderado
8.823,78.0,0.0,17.414474,Moderado
8.473,78.0,0.0,16.79314,Moderado
8.023,80.0,0.0,15.0038395,Moderado
7.823,82.0,0.0,14.007655,Moderado
7.873,83.0,0.0,14.372974,Moderado
8.273,82.0,0.0,16.87398,Moderado
9.073,65.0,0.0,20.883104,Moderado
10.123,54.0,0.0,23.087763,Alto
10.973,47.0,0.0,22.862125,Alto
12.223,40.0,0.0,25.099514,Alto
12.973,38.0,0.0,25.49908,Alto
13.422999,37.0,0.0,25.49908,Alto
13.473,36.0,0.0,25.772078,Alto
13.123,35.0,0.0,28.639803,Alto
12.922999,34.0,0.0,28.291512,Alto
12.422999,37.0,0.0,27.504095,Alto
11.873,40.0,0.0,26.124195,Alto
11.373,41.0,0.0,24.503809,Alto
10.773,43.0,0.0,24.216522,Alto
9.473,48.0,0.0,25.210283,Alto
8.273,53.0,0.0,22.505037,Alto
7.523,62.0,0.1,22.668568,Alto
6.773,69.0,0.1,20.523157,Moderado
6.623,73.0,0.1,20.447239,Moderado
6.7229996,74.0,0.1,23.4,Moderado
6.323,73.0,0.0,23.18579,Moderado
6.2229996,76.0,0.0,23.18579,Moderado
6.123,79.0,0.0,22.702845,Moderado
6.323,77.0,0.0,23.023117,Moderado
7.023,74.0,0.0,26.564486,Alto
8.173,67.0,0.0,30.926493,Alto
9.523,59.0,0.0,31.765793,Alto
9.123,63.0,0.1,30.684587,Alto
10.473,58.0,0.1,28.33957,Alto
10.473,59.0,0.6,28.119204,Moderado
11.922999,53.0,0.4,29.957972,Alto
12.323,46.0,0.2,32.489876,Alto
13.172999,39.0,0.0,33.092598,Muy alto
12.573,41.0,0.3,31.452133,Alto
11.973,42.0,0.1,30.599998,Muy alto
11.172999,42.0,0.0,30.676142,Muy alto
10.023,46.0,0.0,29.301878,Alto
8.672999,49.0,0.0,27.908709,Alto
7.823,54.0,0.0,25.6233,Alto
6.4230003,60.0,0.0,24.122683,Alto
5.4729996,64.0,0.0,23.759998,Alto
4.6730003,64.0,0.0,25.20257,Alto
4.123,64.0,0.0,25.199999,Alto
3.523,68.0,0.0,24.482647,Alto
3.223,75.0,0.0,23.084955,Moderado
3.073,73.0,0.0,23.110207,Moderado
2.973,74.0,0.0,24.162945,Moderado
2.973,74.0,0.0,24.933735,Alto
3.823,69.0,0.0,26.649727,Alto
5.273,59.0,0.0,28.410364,Alto
6.4230003,56.0,0.0,27.534704,Alto
7.623,48.0,0.0,27.766712,Alto
8.573,43.0,0.0,27.44749,Alto
9.473,39.0,0.0,28.277763,Alto
10.073,37.0,0.0,28.99062,Alto
10.323,36.0,0.0,28.99062,Alto
10.323,37.0,0.0,29.651413,Muy alto
10.373,36.0,0.0,29.515608,Muy alto
9.873,37.0,0.0,28.84721,Alto
9.223,38.0,0.0,27.86921,Alto
8.422999,40.0,0.0,26.564486,Alto
7.4729996,43.0,0.0,24.162947,Alto
6.2229996,49.0,0.0,23.4,Alto
4.9729996,55.0,0.0,18.448023,Moderado
4.073,61.0,0.0,15.815435,Moderado
3.223,66.0,0.0,12.7279215,Moderado
2.373,72.0,0.0,11.183201,Moderado
1.923,74.0,0.0,11.212135,Moderado
1.373,80.0,0.0,10.086427,Bajo
1.373,78.0,0.0,9.746631,Bajo
1.123,80.0,0.0,9.746631,Bajo
1.573,79.0,0.0,9.72,Bajo
3.023,74.0,0.0,11.252519,Moderado
5.023,64.0,0.0,14.764389,Moderado
7.023,50.0,0.0,18.58451,Moderado
8.223,45.0,0.0,19.803272,Alto
9.573,41.0,0.0,20.188908,Alto
10.823,40.0,0.0,21.2522,Alto
12.172999,38.0,0.0,22.406927,Alto
12.773,41.0,0.0,24.703976,Alto
13.273,45.0,0.0,28.664682,Alto
13.023,50.0,0.0,29.122198,Alto
12.273,56.0,0.0,30.190672,Alto
11.873,59.0,0.0,30.141266,Alto
11.823,59.0,0.0,28.910038,Alto
11.373,64.0,0.0,29.301878,Alto
10.773,66.0,0.0,29.934166,Alto
9.873,71.0,0.0,27.038372,Alto
9.273,74.0,0.0,26.28986,Alto
8.773,78.0,0.0,24.144165,Moderado
8.373,81.0,0.0,22.33161,Moderado
8.073,82.0,0.0,21.24305,Moderado
7.7229996,76.0,0.0,21.9718,Moderado
7.4729996,62.0,0.0,23.157824,Alto
6.623,61.0,0.0,20.265795,Moderado
5.873,67.0,0.0,18.709612,Moderado
6.6730003,63.0,0.0,18.430452,Moderado
8.422999,53.0,0.0,22.461807,Alto
10.373,47.0,0.0,24.640942,Alto
11.373,42.0,0.0,24.48,Alto
12.623,39.0,0.0,24.33664,Alto
13.523,36.0,0.0,24.795612,Alto
14.123,34.0,0.0,26.099379,Alto
14.373,32.0,0.0,26.903828,Alto
14.473,32.0,0.0,28.146843,Alto
14.373,32.0,0.0,28.412645,Muy alto
14.023,33.0,0.0,29.024128,Muy alto
13.373,35.0,0.0,28.66468,Alto
12.422999,38.0,0.0,27.859905,Alto
11.323,40.0,0.0,26.208395,Alto
10.073,46.0,0.0,24.482647,Alto
8.373,57.0,0.0,21.897945,Alto
7.1730003,65.0,0.0,20.172853,Moderado
6.1730003,67.0,0.0,18.751125,Moderado
5.573,69.0,0.0,18.486622,Moderado
5.373,73.0,0.0,18.998314,Moderado
5.373,74.0,0.0,19.770523,Moderado
5.623,83.0,0.0,20.192118,Moderado
6.123,85.0,0.0,20.696085,Moderado
6.6730003,82.0,0.0,21.518847,Moderado
7.9230003,77.0,0.0,24.280659,Moderado
9.523,73.0,0.0,27.766712,Alto
11.273,65.0,0.0,34.674183,Muy alto
12.422999,61.0,0.0,37.777702,Muy alto
13.073,59.0,0.0,39.518097,Muy alto
13.573,57.0,0.0,41.476624,Muy alto
13.873,57.0,0.0,41.76155,Muy alto
13.073,63.0,0.0,40.326424,Muy alto
12.723,64.0,0.0,39.614723,Muy alto
11.922999,67.0,0.0,37.883907,Muy alto
12.573,62.0,0.0,39.04631,Muy alto
12.023,62.0,0.0,39.477077,Muy alto
11.773,59.0,0.0,40.031284,Muy alto
10.773,60.0,0.0,37.99322,Muy alto
9.723,60.0,0.0,45.464165,Muy alto
8.123,65.0,0.0,42.55468,Muy alto
7.373,69.0,0.0,41.399998,Muy alto
7.1730003,71.0,0.0,38.921646,Muy alto
7.073,72.0,0.0,37.97104,Muy alto
6.873,71.0,0.0,36.707645,Muy alto
7.023,68.0,0.0,32.43398,Alto
6.6730003,72.0,0.0,31.012281,Alto
6.4729996,77.0,0.1,31.526215,Alto
6.2229996,78.0,0.1,29.69727,Alto
6.2229996,76.0,0.0,29.427662,Alto
6.873,72.0,0.0,32.76791,Alto
9.273,58.0,0.0,36.088093,Muy alto
10.323,49.0,0.0,36.158054,Muy alto
11.323,42.0,0.0,35.309372,Muy alto
11.922999,39.0,0.0,35.309372,Muy alto
12.172999,36.0,0.0,37.24043,Muy alto
11.973,36.0,0.0,39.413013,Muy alto
10.873,37.0,0.0,38.385185,Muy alto
10.723,36.0,0.0,37.16902,Muy alto
10.123,39.0,0.0,37.123665,Muy alto
8.422999,43.0,0.0,37.930065,Muy alto
7.4729996,43.0,0.0,37.923225,Muy alto
6.273,46.0,0.0,34.94968,Muy alto
5.623,47.0,0.0,28.357857,Alto
4.4729996,51.0,0.0,25.729298,Alto
3.823,54.0,0.0,24.627787,Alto
3.423,57.0,0.0,23.510508,Alto
3.123,58.0,0.0,23.319553,Alto
2.873,61.0,0.0,22.7057,Alto
2.673,67.0,0.0,21.986542,Moderado
2.423,69.0,0.0,22.033648,Moderado
2.323,72.0,0.0,21.647945,Moderado
2.373,73.0,0.0,20.929596,Moderado
3.523,66.0,0.0,22.346113,Moderado
5.023,57.0,0.0,27.086262,Alto
6.4230003,53.0,0.0,28.227306,Alto
7.373,45.0,0.0,28.357857,Alto
7.6730003,43.0,0.0,27.959742,Alto
8.023,45.0,0.0,26.019806,Alto
8.623,44.0,0.0,23.83896,Alto
9.172999,39.0,0.0,23.000591,Alto
10.373,36.0,0.0,22.461807,Alto
10.922999,35.0,0.0,22.881958,Alto
11.023,34.0,0.0,24.651457,Alto
10.073,37.0,0.0,26.576681,Alto
8.823,38.0,0.0,26.121714,Alto
7.873,43.0,0.0,25.140787,Alto
7.023,49.0,0.0,22.870626,Alto
5.9230003,54.0,0.0,20.056877,Moderado
5.023,62.0,0.0,20.176065,Moderado
4.323,57.0,0.0,21.479666,Alto
3.773,59.0,0.0,21.129885,Moderado
3.473,67.0,0.0,22.782625,Moderado
3.173,67.0,0.0,21.2522,Moderado
2.973,78.0,0.0,19.110542,Moderado
2.873,70.0,0.0,16.808569,Moderado
3.023,79.0,0.0,16.520823,Moderado
4.823,65.0,0.0,22.42427,Moderado
6.2229996,58.0,0.0,22.148045,Alto
8.723,53.0,0.0,21.626984,Alto
9.623,53.0,0.0,29.723444,Alto
11.873,43.0,0.0,33.56312,Muy alto
12.073,44.0,0.0,34.838253,Muy alto
12.373,45.0,0.0,36.2082,Muy alto
12.823,46.0,0.1,38.243114,Muy alto
12.873,50.0,0.3,42.206066,Muy alto
12.473,53.0,0.3,41.750687,Muy alto
12.273,53.0,0.0,41.393738,Muy alto
11.922999,55.0,0.0,40.60347,Muy alto
11.773,54.0,0.0,37.38457,Muy alto
10.773,61.0,0.0,32.933605,Alto
9.672999,65.0,0.0,31.796375,Alto
8.523,70.0,0.0,27.416782,Alto
7.773,73.0,0.0,21.67487,Moderado
7.1730003,78.0,0.0,18.806337,Moderado
6.6730003,82.0,0.0,16.263872,Moderado
5.9230003,86.0,0.0,13.698934,Moderado
5.1730003,91.0,0.0,12.224107,Bajo
5.2229996,91.0,0.0,12.0694,Bajo
5.7229996,91.0,0.0,12.245293,Bajo
6.4230003,93.0,0.0,14.33234,Moderado
8.123,85.0,0.0,18.057508,Moderado
9.323,78.0,0.0,21.129885,Moderado
10.573,70.0,0.0,23.847115,Alto
11.422999,62.0,0.0,25.952478,Alto
11.323,64.0,0.2,20.61766,Moderado
10.823,70.0,0.6,17.906157,Moderado
10.723,70.0,0.6,17.786331,Moderado
10.273,78.0,1.5,19.770523,Moderado
10.323,83.0,2.4,18.532135,Bajo
10.422999,82.0,2.2,20.523157,Moderado
10.922999,80.0,0.6,22.17144,Moderado
11.922999,77.0,0.1,21.94524,Moderado
12.773,75.0,0.0,21.485697,Moderado
13.473,77.0,0.0,29.522196,Alto
13.723,71.0,0.0,31.435646,Alto
13.172999,72.0,0.0,33.11413,Alto
12.773,73.0,0.0,31.796375,Alto
12.172999,74.0,0.0,30.068083,Alto
11.573,77.0,0.0,27.553526,Alto
11.273,78.0,0.0,25.171696,Alto
10.373,82.0,0.0,18.792551,Moderado
9.723,86.0,0.0,13.708391,Moderado
9.723,86.0,0.0,10.00256,Bajo
9.773,88.0,0.0,6.989936,Bajo
10.273,90.0,0.0,6.638072,Bajo
11.922999,85.0,0.0,11.480557,Bajo
14.823,70.0,0.0,22.565422,Moderado
15.073,68.0,0.0,27.41678,Alto
14.323,75.0,0.2,26.420174,Moderado
13.873,75.0,0.3,27.038372,Moderado
13.023,68.0,0.3,24.087738,Moderado
13.323,61.0,0.1,26.27753,Alto
14.523,55.0,0.0,28.856194,Alto
15.172999,49.0,0.0,31.421213,Alto
14.273,46.0,0.0,31.1686,Muy alto
13.672999,49.0,0.0,29.88217,Alto
13.273,51.0,0.0,29.16889,Alto
12.672999,53.0,0.0,27.729347,Alto
11.573,60.0,0.0,27.038372,Alto
10.523,61.0,0.0,25.922499,Alto
9.672999,66.0,0.0,22.33161,Moderado
9.023,69.0,0.0,18.844202,Moderado
8.323,72.0,0.0,17.555305,Moderado
7.873,74.0,0.0,17.76081,Moderado
7.123,77.0,0.0,17.811815,Moderado
6.773,78.0,0.0,16.516901,Moderado
6.4729996,81.0,0.0,14.578888,Moderado
6.623,81.0,0.0,13.905509,Moderado
7.4729996,78.0,0.0,13.905509,Moderado
8.623,75.0,0.0,15.941944,Moderado
10.373,60.0,0.0,21.09305,Moderado
11.773,57.0,0.0,24.149532,Alto
12.823,55.0,0.0,32.058197,Alto
13.123,57.0,0.0,33.651817,Muy alto
12.723,60.0,0.0,35.320385,Muy alto
13.973,56.0,0.1,41.48912,Muy alto
14.573,54.0,0.1,39.45738,Muy alto
14.172999,58.0,0.1,38.639256,Muy alto
13.273,68.0,0.6,32.688713,Alto
13.373,55.0,0.1,37.579926,Muy alto
11.873,55.0,0.0,36.016193,Muy alto
10.672999,55.0,0.0,32.561596,Alto
9.823,60.0,0.0,32.09052,Alto
8.623,70.0,0.0,28.100763,Alto
8.373,70.0,0.0,26.437336,Alto
8.173,71.0,0.0,26.405453,Alto
7.873,73.0,0.0,25.40743,Alto
7.7229996,72.0,0.0,24.905132,Alto
7.073,75.0,0.0,25.2924,Alto
6.7229996,76.0,0.0,25.325686,Alto
6.4230003,77.0,0.0,22.91026,Moderado
6.1730003,76.0,0.0,22.45315,Moderado
6.773,71.0,0.0,23.400002,Moderado
7.6730003,69.0,0.3,30.551254,Moderado
8.523,70.0,0.6,36.233242,Alto
8.973,68.0,0.6,42.175346,Alto
10.523,62.0,0.1,37.815426,Muy alto
11.172999,62.0,0.0,37.095722,Muy alto
12.273,52.0,0.0,39.919437,Muy alto
12.323,49.0,0.0,40.957813,Muy alto
12.523,48.0,0.0,40.808823,Muy alto
12.273,46.0,0.0,40.883385,Muy alto
12.273,47.0,0.0,39.60818,Muy alto
11.623,51.0,0.0,39.71438,Muy alto
10.873,53.0,0.0,36.758804,Muy alto
9.623,62.0,0.1,36.088093,Muy alto
8.573,72.0,0.2,30.453527,Moderado
8.223,81.0,0.3,25.809765,Moderado
8.473,79.0,0.1,32.048088,Alto
8.422999,83.0,0.2,29.940662,Moderado
8.672999,80.0,0.5,32.48788,Moderado
8.473,82.0,0.8,31.205997,Moderado
8.573,79.0,0.4,31.427404,Moderado
8.823,77.0,0.0,33.75756,Alto
8.723,77.0,0.1,34.936695,Alto
8.623,79.0,0.0,33.481937,Alto
8.973,75.0,0.0,33.99475,Alto
9.672999,66.0,0.0,35.78697,Muy alto
11.573,57.0,0.0,36.860905,Muy alto
12.473,51.0,0.0,41.211746,Muy alto
13.123,48.0,0.0,42.033756,Muy alto
13.422999,48.0,0.0,41.235325,Muy alto
13.773,46.0,0.0,42.08922,Muy alto
13.523,46.0,0.0,42.877796,Muy alto
13.323,49.0,0.0,41.93961,Muy alto
13.273,55.0,0.0,38.36492,Muy alto
13.123,58.0,0.0,39.875587,Muy alto
12.623,60.0,0.0,36.862663,Muy alto
12.273,62.0,0.0,33.497414,Alto
11.623,66.0,0.0,32.761974,Alto
11.023,69.0,0.0,32.396,Alto
10.523,76.0,0.0,33.137604,Alto
10.523,76.0,0.0,31.99142,Alto
10.623,77.0,0.0,32.902103,Alto
10.623,80.0,0.0,31.771912,Alto
10.473,81.0,0.0,32.023815,Alto
10.573,78.0,0.0,32.90014,Alto
10.573,79.0,0.0,33.626774,Alto
10.623,79.0,0.0,33.033802,Alto
10.823,79.0,0.0,35.43578,Alto
11.223,78.0,0.0,38.26175,Muy alto
11.723,77.0,0.1,38.706276,Muy alto
12.873,70.0,0.2,36.785236,Alto
13.172999,70.0,0.0,37.1969,Muy alto
13.273,70.0,0.1,36.44722,Muy alto
12.823,69.0,0.0,39.254856,Muy alto
15.473,55.0,0.0,40.991024,Muy alto
15.873,45.0,0.0,42.877796,Muy alto
16.073,44.0,0.0,50.206768,Extremo
15.623,44.0,0.0,49.41975,Extremo
15.223,44.0,0.0,46.037792,Muy alto
14.623,44.0,0.0,43.986343,Muy alto
13.672999,46.0,0.0,42.150757,Muy alto
12.573,53.0,0.0,38.833305,Muy alto
12.223,53.0,0.0,33.202072,Muy alto
10.973,63.0,0.0,27.722336,Alto
10.323,72.0,0.0,17.462784,Moderado
10.373,76.0,0.1,14.336861,Moderado
10.073,80.0,0.5,11.753876,Bajo
10.373,89.0,0.7,14.336861,Bajo
12.223,85.0,0.5,31.614477,Moderado
12.273,85.0,0.5,34.177254,Alto
12.223,86.0,0.3,32.825207,Moderado
12.123,85.0,0.1,35.455887,Alto
12.172999,77.0,0.0,39.919437,Muy alto
12.373,72.0,0.0,38.243114,Muy alto
14.023,64.0,0.0,47.510452,Muy alto
14.473,58.0,0.0,48.828793,Extremo
15.172999,53.0,0.0,51.75117,Extremo
15.223,49.0,0.0,53.233765,Extremo
15.623,45.0,0.0,51.328728,Extremo
16.173,40.0,0.0,48.71852,Extremo
16.173,39.0,0.0,44.92073,Muy alto
16.073,39.0,0.0,43.17899,Muy alto
15.773,41.0,0.0,39.160656,Muy alto
15.273,46.0,0.0,33.041645,Muy alto
14.623,50.0,0.0,27.551172,Alto
14.172999,53.0,0.0,23.762726,Alto
13.422999,58.0,0.0,19.45333,Moderado
12.873,62.0,0.0,10.308831,Moderado
12.823,64.0,0.0,4.8965297,Bajo
12.672999,66.0,0.0,6.725354,Bajo
12.873,75.0,0.0,11.753876,Moderado
13.073,82.0,0.0,17.22742,Moderado
13.973,72.0,0.0,23.73271,Alto
14.123,69.0,0.0,23.686249,Alto
13.573,72.0,0.0,18.079027,Moderado
12.922999,73.0,0.0,15.683774,Moderado
12.823,72.0,0.0,15.484185,Moderado
12.922999,71.0,0.0,16.73516,Moderado
14.723,64.0,0.3,18.59845,Moderado
14.573,68.0,0.2,15.496736,Bajo
15.422999,66.0,0.2,15.281989,Bajo
18.023,51.0,0.0,33.059288,Muy alto
18.473001,47.0,0.0,52.379692,Extremo
17.623001,48.0,0.0,52.005985,Extremo
17.423,52.0,0.0,49.20951,Extremo
16.223,54.0,0.0,48.83941,Extremo
15.073,55.0,0.0,48.73315,Extremo
12.573,59.0,0.0,48.316505,Muy alto
11.373,58.0,0.0,49.241104,Extremo
9.773,52.0,0.0,48.539967,Extremo
9.073,55.0,0.0,41.741375,Muy alto
7.773,58.0,0.0,37.88048,Muy alto
7.1730003,59.0,0.0,35.397354,Muy alto
7.023,67.0,0.0,33.168877,Alto
6.6730003,70.0,0.0,31.311724,Alto
6.523,73.0,0.0,30.85307,Alto
6.373,73.0,0.0,27.343414,Alto
6.373,72.0,0.0,26.836306,Alto
6.273,69.0,0.0,23.675303,Alto
6.073,72.0,0.0,21.479666,Moderado
6.4230003,71.0,0.0,20.724247,Moderado
7.573,65.0,0.0,21.829777,Moderado
9.172999,56.0,0.0,22.862125,Alto
10.623,52.0,0.0,22.253124,Alto
11.723,48.0,0.0,20.724247,Alto
13.373,37.0,0.0,19.966211,Alto
14.823,31.0,0.0,22.782625,Alto
15.373,30.0,0.0,28.185953,Muy alto
15.523,33.0,0.0,25.11758,Alto
15.723,35.0,0.0,21.485697,Alto
16.573,30.0,0.0,22.065973,Alto
16.073,34.0,0.0,26.33911,Alto
13.672999,45.0,0.0,25.929996,Alto
12.073,56.0,0.2,21.791153,Moderado
11.172999,66.0,0.8,16.87398,Moderado
10.023,78.0,1.6,13.202726,Bajo
9.523,80.0,0.1,13.32,Moderado
9.223,79.0,0.0,10.390226,Bajo
9.823,76.0,0.0,15.03835,Moderado
9.523,72.0,0.0,18.668005,Moderado
8.672999,79.0,0.0,14.255272,Moderado
7.7229996,85.0,0.0,9.178235,Bajo
7.4729996,85.0,0.0,8.534353,Bajo
7.323,84.0,0.0,6.439876,Bajo
8.473,79.0,0.0,9.178235,Bajo
10.023,72.0,0.0,13.75558,Moderado
11.922999,61.0,0.0,15.141414,Moderado
14.172999,50.0,0.0,21.67487,Alto
15.422999,43.0,0.0,24.014996,Alto
15.973,42.0,0.0,23.424908,Alto
16.723001,39.0,0.0,21.892027,Alto
16.973001,38.0,0.0,20.421871,Alto
17.423,37.0,0.0,25.992401,Alto
17.773,37.0,0.0,24.27265,Alto
17.523,37.0,0.0,23.507753,Alto
16.723001,39.0,0.0,23.452555,Alto
15.723,43.0,0.0,22.89611,Alto
14.672999,46.0,0.0,22.33161,Alto
14.023,48.0,0.0,17.902534,Moderado
12.773,52.0,0.0,16.418526,Moderado
11.922999,58.0,0.0,14.759999,Moderado
11.223,62.0,0.0,13.363711,Moderado
10.623,65.0,0.0,12.144331,Moderado
9.073,74.0,0.0,9.885262,Bajo
7.9230003,79.0,0.0,9.360001,Bajo
7.323,83.0,0.0,10.163227,Bajo
7.023,85.0,0.0,10.028439,Bajo
6.9729996,87.0,0.0,8.854829,Bajo
7.873,83.0,0.0,8.217153,Bajo
10.323,69.0,0.0,11.246759,Moderado
14.123,45.0,0.0,18.947083,Alto
15.623,40.0,0.0,22.476227,Alto
16.973001,40.0,0.0,29.09103,Alto
17.473001,38.0,0.0,27.792374,Alto
18.373001,35.0,0.0,25.068514,Alto
19.423,32.0,0.0,25.992401,Alto
19.973001,30.0,0.0,22.59699,Alto
20.573,26.0,0.0,23.469128,Alto
20.723001,29.0,0.0,23.667091,Alto
18.523,38.0,0.0,18.581022,Alto
15.172999,57.0,0.3,19.829433,Moderado
13.473,71.0,0.9,13.397612,Bajo
14.023,65.0,0.5,28.551426,Moderado
11.873,78.0,0.9,23.266697,Moderado
10.773,61.0,0.2,29.88217,Alto
9.273,61.0,0.0,31.810638,Alto
8.373,63.0,0.0,29.381382,Alto
7.523,68.0,0.0,26.459389,Alto
7.4230003,68.0,0.0,22.963936,Moderado
7.073,68.0,0.0,24.014996,Alto
6.6730003,70.0,0.0,21.96,Moderado
6.323,70.0,0.0,19.211996,Moderado
6.4729996,67.0,0.0,19.137648,Moderado
7.573,61.0,0.0,23.587555,Alto
9.172999,51.0,0.0,28.112288,Alto
10.023,47.0,0.0,32.37999,Muy alto
10.823,45.0,0.0,31.259941,Muy alto
11.573,44.0,0.0,35.27449,Muy alto
11.323,47.0,0.0,37.581657,Muy alto
11.373,52.0,0.2,37.374172,Alto
11.672999,48.0,0.2,38.89666,Alto
12.323,46.0,0.1,38.948273,Muy alto
12.422999,44.0,0.0,39.061245,Muy alto
12.123,49.0,0.0,34.743263,Muy alto
11.172999,57.0,0.1,34.139313,Muy alto
10.323,67.0,0.1,25.140787,Alto
10.473,65.0,0.0,27.06472,Alto
9.773,72.0,0.0,26.260265,Alto
9.723,76.0,0.1,26.712873,Alto
9.672999,76.0,0.1,30.871965,Alto
9.422999,77.0,0.0,28.883131,Alto
8.922999,73.0,0.0,26.901417,Alto
8.573,63.0,0.0,24.033876,Alto
7.7229996,65.0,0.0,20.60823,Moderado
7.6730003,67.0,0.0,17.31746,Moderado
7.7229996,70.0,0.0,12.7279215,Moderado
7.9230003,73.0,0.0,10.233123,Moderado
9.473,75.0,0.0,13.237038,Moderado
11.573,65.0,0.0,23.933908,Alto
12.473,57.0,0.0,25.772078,Alto
13.422999,51.0,0.0,30.652895,Alto
14.273,48.0,0.0,31.667723,Muy alto
13.922999,51.0,0.0,29.519999,Alto
14.473,51.0,0.0,25.40743,Alto
15.023,47.0,0.0,28.241077,Alto
15.823,44.0,0.0,29.49804,Alto
15.523,52.0,0.0,31.722925,Alto
15.172999,55.0,0.0,33.667217,Muy alto
14.523,56.0,0.0,31.765793,Alto
13.922999,58.0,0.0,30.068083,Alto
13.473,59.0,0.0,26.82906,Alto
12.373,66.0,0.0,22.545315,Alto
11.672999,71.0,0.0,19.008547,Moderado
11.373,72.0,0.0,16.267857,Moderado
11.172999,75.0,0.1,15.077082,Moderado
11.223,76.0,0.1,15.30741,Moderado
11.523,72.0,0.0,16.563911,Moderado
11.623,72.0,0.0,18.218275,Moderado
11.573,74.0,0.0,19.08,Moderado
11.273,77.0,0.0,18.278645,Moderado
11.323,78.0,0.0,17.906157,Moderado
12.123,74.0,0.0,20.326454,Moderado
13.422999,68.0,0.0,25.516865,Alto
14.323,64.0,0.0,25.346148,Alto
15.672999,53.0,0.0,27.952787,Alto
16.473001,45.0,0.0,30.37683,Alto
16.223,44.0,0.0,30.24214,Alto
16.123001,42.0,0.0,29.179993,Alto
16.623001,37.0,0.0,31.68,Muy alto
16.423,36.0,0.0,31.682047,Muy alto
15.823,35.0,0.0,29.5551,Muy alto
15.023,36.0,0.0,28.137634,Alto
13.973,38.0,0.0,26.079508,Alto
12.922999,41.0,0.0,23.266697,Alto
11.973,43.0,0.0,20.12461,Alto
10.523,49.0,0.0,13.910169,Moderado
9.123,57.0,0.0,8.287822,Moderado
7.7229996,65.0,0.0,5.5887027,Bajo
7.1730003,68.0,0.0,3.671294,Bajo
7.023,70.0,0.0,3.8268526,Bajo
7.023,72.0,0.0,4.73506,Bajo
7.1730003,78.0,0.7,2.8799999,Bajo
7.2229996,81.0,0.3,1.9386592,Bajo
6.6730003,87.0,0.2,3.7064266,Bajo
7.023,87.0,0.1,5.771239,Bajo
7.7229996,84.0,0.1,8.350138,Bajo
8.323,83.0,0.3,9.114471,Bajo
9.723,82.0,0.1,11.119281,Bajo
11.023,81.0,0.2,13.004922,Bajo
12.373,74.0,0.2,15.281989,Bajo
14.073,62.0,0.1,16.375053,Moderado
15.823,56.0,0.1,18.58451,Moderado
15.973,56.0,0.0,17.610588,Moderado
16.523,57.0,0.1,17.10284,Moderado
16.723001,55.0,0.2,15.379206,Moderado
15.323,75.0,1.4,15.281989,Bajo
14.223,79.0,1.8,17.148247,Bajo
14.073,65.0,0.0,27.897097,Alto
13.023,68.0,0.0,29.934166,Alto
11.223,71.0,0.0,26.319422,Alto
10.373,72.0,0.0,25.6233,Alto
9.373,74.0,0.0,21.986542,Moderado
8.773,77.0,0.0,18.416384,Moderado
8.123,76.0,0.0,17.114204,Moderado
7.323,79.0,0.0,16.055353,Moderado
6.7229996,84.0,0.0,12.287555,Moderado
6.4230003,88.0,0.0,11.269782,Bajo
6.823,89.0,0.0,13.0447235,Moderado
7.4729996,86.0,0.0,13.202726,Moderado
9.123,79.0,0.0,17.902534,Moderado
9.873,65.0,0.0,20.240196,Moderado
10.873,56.0,0.0,20.188908,Moderado
11.873,49.0,0.0,20.883104,Alto
12.573,44.0,0.0,21.626984,Alto
12.973,41.0,0.0,24.387177,Alto
12.573,44.0,0.0,25.050413,Alto
12.623,46.0,0.0,23.441502,Alto
13.073,45.0,0.0,23.584808,Alto
12.873,46.0,0.0,23.157824,Alto
12.823,47.0,0.0,21.829777,Alto
12.422999,48.0,0.0,19.9954,Alto
11.873,49.0,0.0,17.377226,Moderado
10.873,51.0,0.0,13.450708,Moderado
9.223,61.0,0.0,6.989936,Bajo
8.073,70.0,0.0,5.00128,Bajo
7.823,73.0,0.0,4.32,Bajo
7.7229996,74.0,0.0,4.6800003,Bajo
7.573,74.0,0.0,4.6102495,Bajo
6.9729996,78.0,0.0,5.0142193,Bajo
7.023,78.0,0.1,5.5887027,Bajo
7.2229996,77.0,0.1,5.8048253,Bajo
7.2229996,86.0,0.3,5.3999996,Bajo
7.873,92.0,0.6,6.439876,Bajo
9.422999,88.0,0.8,9.83268,Bajo
10.623,86.0,0.9,7.8625183,Bajo
12.523,76.0,0.1,13.37825,Moderado
15.123,61.0,0.0,23.557316,Alto
16.273,47.0,0.0,33.35784,Muy alto
15.922999,47.0,0.0,35.632725,Muy alto
15.623,48.0,0.0,37.363766,Muy alto
15.223,40.0,0.0,44.751633,Muy alto
14.922999,41.0,0.0,42.175346,Muy alto
13.773,45.0,0.0,39.919437,Muy alto
12.023,52.0,0.0,39.98594,Muy alto
10.223,57.0,0.0,39.966484,Muy alto
9.422999,60.0,0.0,35.463196,Muy alto
9.422999,60.0,0.0,31.698402,Alto
8.223,62.0,0.0,28.442278,Alto
7.523,64.0,0.0,27.0024,Alto
6.823,65.0,0.0,24.122683,Alto
6.2229996,67.0,0.0,21.288757,Moderado
5.7229996,68.0,0.0,18.64369,Moderado
5.323,72.0,0.0,17.462782,Moderado
4.773,73.0,0.0,15.379206,Moderado
4.223,74.0,0.0,11.966953,Moderado
3.923,75.0,0.0,9.346143,Bajo
4.4230003,72.0,0.0,7.5599995,Bajo
5.273,68.0,0.0,6.763786,Bajo
6.373,66.0,0.0,6.618519,Bajo
7.123,62.0,0.0,2.8799999,Bajo
7.9230003,58.0,0.0,6.28713,Bajo
8.223,55.0,0.1,9.227524,Moderado
7.2229996,66.0,0.9,8.942214,Bajo
6.323,73.0,1.4,8.654987,Bajo
6.073,78.0,1.7,9.885262,Bajo
5.4729996,82.0,2.3,10.1376915,Bajo
5.273,83.0,1.4,12.783802,Bajo
5.2229996,83.0,0.7,11.269782,Bajo
5.523,82.0,0.9,8.669949,Bajo
6.073,82.0,0.3,7.24486,Bajo
5.9230003,83.0,0.1,11.435313,Bajo
5.323,86.0,0.1,8.78872,Bajo
5.2229996,89.0,0.2,2.1897945,Bajo
5.2229996,92.0,0.4,5.154415,Bajo
5.323,89.0,0.8,9.178235,Bajo
5.023,86.0,0.4,9.0645685,Bajo
4.373,90.0,0.0,9.422101,Bajo
3.723,90.0,0.0,10.446206,Bajo
3.123,83.0,0.0,11.570515,Bajo
2.623,83.0,0.0,10.446206,Bajo
2.673,82.0,0.0,9.0,Bajo
3.923,78.0,0.0,11.298495,Moderado
5.9230003,74.0,0.0,19.211996,Moderado
7.323,70.0,0.0,26.319422,Alto
8.823,65.0,0.0,26.079508,Alto
10.873,55.0,0.0,31.435646,Alto
11.323,55.0,0.0,33.326748,Muy alto
11.973,52.0,0.0,33.74796,Muy alto
12.073,54.0,0.0,30.302078,Alto
12.723,51.0,0.0,29.381382,Alto
12.823,48.0,0.0,29.5551,Alto
12.773,49.0,0.0,27.0,Alto
12.323,50.0,0.0,23.110207,Alto
11.672999,52.0,0.0,17.298738,Moderado
11.123,55.0,0.0,12.287555,Moderado
9.672999,65.0,0.0,8.14587,Bajo
8.623,72.0,0.0,6.28713,Bajo
8.023,76.0,0.0,5.815978,Bajo
8.273,73.0,0.0,7.729527,Bajo
8.323,74.0,0.0,11.631956,Moderado
8.373,87.0,0.0,15.7908325,Moderado
8.922999,82.0,0.1,16.394829,Moderado
8.573,89.0,0.5,9.6932955,Bajo
8.273,91.0,1.8,6.9527545,Bajo
8.123,91.0,1.5,6.763786,Bajo
8.323,91.0,1.5,7.42159,Bajo
8.623,95.0,1.4,5.3517847,Bajo
9.273,92.0,0.7,6.2145634,Bajo
9.773,91.0,1.2,4.379589,Bajo
10.823,87.0,0.5,6.4799995,Bajo
12.873,82.0,0.0,8.311245,Bajo
15.422999,77.0,0.0,9.746631,Bajo
18.623001,64.0,0.0,18.161278,Moderado
17.223001,71.0,0.2,17.10284,Moderado
16.273,84.0,0.9,13.009903,Bajo
16.473001,84.0,0.6,13.363711,Bajo
16.723001,80.0,0.7,15.463244,Bajo
16.223,80.0,0.8,12.6462,Bajo
15.672999,83.0,0.6,6.9153743,Bajo
14.873,88.0,0.1,5.8603754,Bajo
15.273,83.0,0.1,5.7599998,Bajo
15.623,71.0,0.2,20.240198,Moderado
14.223,86.0,0.7,24.795612,Moderado
12.323,76.0,0.4,25.630886,Moderado
10.873,63.0,0.0,37.16553,Muy alto
9.723,67.0,0.0,34.569374,Alto
9.273,68.0,0.0,30.216421,Alto
8.773,73.0,0.0,26.282463,Alto
8.523,74.0,0.0,26.121714,Alto
9.023,68.0,0.0,29.337238,Alto
10.773,58.0,0.0,31.999523,Alto
11.422999,54.0,0.0,34.847553,Muy alto
11.773,53.0,0.1,36.10963,Muy alto
12.172999,54.0,0.1,36.636963,Muy alto
12.422999,53.0,0.1,37.97104,Muy alto
12.823,52.0,0.2,38.84832,Alto
13.922999,44.0,0.0,45.92787,Muy alto
13.723,44.0,0.0,42.730953,Muy alto
13.523,43.0,0.0,39.763298,Muy alto
12.973,45.0,0.0,36.93291,Muy alto
12.223,48.0,0.0,34.03476,Muy alto
11.723,50.0,0.0,29.620802,Alto
11.172999,53.0,0.0,22.077717,Alto
10.573,58.0,0.0,18.79255,Moderado
10.223,62.0,0.0,18.161278,Moderado
9.672999,69.0,0.0,18.864824,Moderado
9.672999,70.0,0.0,21.889065,Moderado
9.573,70.0,0.0,23.166218,Moderado
9.873,67.0,0.0,18.25026,Moderado
9.773,67.0,0.0,13.281023,Moderado
9.223,71.0,0.0,8.161764,Bajo
8.773,74.0,0.0,5.634891,Bajo
8.473,76.0,0.0,5.0911684,Bajo
9.373,73.0,0.0,5.4833565,Bajo
11.473,65.0,0.0,5.815978,Bajo
13.123,58.0,0.0,7.968939,Moderado
15.473,46.0,0.0,13.910169,Moderado
16.373001,41.0,0.0,17.294992,Moderado
17.173,40.0,0.0,19.559633,Alto
17.023,44.0,0.0,20.364674,Alto
18.123001,38.0,0.0,18.733839,Alto
18.723001,37.0,0.0,19.592731,Alto
18.073,37.0,0.0,18.792551,Alto
17.323,38.0,0.0,19.191748,Alto
16.423,42.0,0.0,19.33639,Alto
15.123,48.0,0.0,15.484185,Moderado
13.723,57.0,0.1,15.496736,Moderado
12.323,67.0,0.0,13.441071,Moderado
11.223,76.0,0.1,12.496719,Moderado
10.273,81.0,0.1,11.27553,Bajo
9.773,83.0,0.0,12.224107,Moderado
9.323,85.0,0.0,12.413476,Moderado
8.922999,82.0,0.0,9.387651,Bajo
8.623,82.0,0.0,10.009036,Bajo
8.373,79.0,0.0,6.989936,Bajo
7.9729996,80.0,0.0,2.8799999,Bajo
7.6730003,82.0,0.0,5.1919937,Bajo
9.672999,72.0,0.0,6.489992,Bajo
12.223,59.0,0.0,11.570515,Moderado
14.323,52.0,0.0,18.692286,Moderado
14.723,55.0,0.0,25.20257,Alto
14.473,60.0,0.0,30.173496,Alto
13.523,58.0,0.1,33.88019,Muy alto
12.672999,58.0,0.3,35.58359,Alto
13.373,52.0,0.0,39.04797,Muy alto
12.273,50.0,0.0,40.186382,Muy alto
11.023,50.0,0.0,38.423992,Muy alto
10.523,46.0,0.0,33.58821,Muy alto
9.223,57.0,0.0,28.1169,Alto
8.873,62.0,0.0,23.933907,Alto
8.573,65.0,0.0,21.24,Moderado
7.823,71.0,0.0,16.595179,Moderado
7.6730003,73.0,0.0,15.484185,Moderado
7.4230003,79.0,0.0,15.379206,Moderado
7.623,81.0,0.0,22.253124,Moderado
8.023,75.0,0.0,30.608469,Alto
7.273,72.0,0.0,32.41799,Alto
6.823,72.0,0.0,32.04202,Alto
6.4230003,73.0,0.0,32.039997,Alto
6.1730003,73.0,0.0,29.88217,Alto
6.4729996,73.0,0.0,27.722336,Alto
7.123,70.0,0.0,27.0,Alto
9.023,63.0,0.0,27.74103,Alto
10.373,56.0,0.0,30.096085,Alto
10.823,56.0,0.0,26.661882,Alto
11.723,54.0,0.0,27.766712,Alto
11.723,56.0,0.0,27.322077,Alto
11.073,67.0,0.3,28.412645,Moderado
11.223,63.0,0.2,27.70831,Moderado
11.973,60.0,0.1,30.267845,Alto
12.323,64.0,0.1,32.33193,Alto
12.473,67.0,0.0,31.435646,Alto
12.823,68.0,0.0,33.202072,Alto
12.172999,74.0,0.1,28.817993,Alto
11.623,72.0,0.0,27.684914,Alto
11.073,75.0,0.0,27.645092,Alto
10.723,77.0,0.0,26.882141,Alto
10.623,77.0,0.0,27.645092,Alto
10.422999,77.0,0.0,26.987997,Alto
10.473,77.0,0.0,27.333935,Alto
10.573,77.0,0.0,26.200977,Alto
10.573,77.0,0.0,26.552288,Alto
10.473,78.0,0.0,26.27753,Alto
10.373,77.0,0.0,24.50381,Moderado
10.373,79.0,0.0,23.087763,Moderado
11.023,76.0,0.0,24.64094,Alto
11.773,68.0,0.0,26.525429,Alto
12.523,66.0,0.0,26.807312,Alto
13.073,64.0,0.0,28.551426,Alto
13.073,66.0,0.0,28.019936,Alto
13.223,66.0,0.0,28.357857,Alto
12.723,71.0,0.1,27.322077,Alto
13.273,67.0,0.0,28.71437,Alto
13.323,67.0,0.0,30.05515,Alto
13.123,65.0,0.0,31.712711,Alto
12.922999,65.0,0.0,29.16889,Alto
13.273,59.0,0.0,29.574827,Alto
12.273,62.0,0.0,26.368616,Alto
11.773,64.0,0.0,23.770906,Alto
11.623,67.0,0.0,22.148045,Moderado
11.473,68.0,0.0,21.046917,Moderado
11.523,68.0,0.0,19.734436,Moderado
11.623,68.0,0.0,20.176065,Moderado
11.623,70.0,0.0,19.694992,Moderado
10.973,74.0,0.0,16.854767,Moderado
10.273,78.0,0.0,15.315873,Moderado
9.523,83.0,0.0,14.168641,Moderado
9.073,84.0,0.0,12.7279215,Moderado
9.073,83.0,0.0,11.119281,Bajo
10.623,76.0,0.0,12.57426,Moderado
12.973,60.0,0.0,12.313893,Moderado
15.223,53.0,0.0,14.934577,Moderado
17.273,46.0,0.0,16.87398,Moderado
18.673,43.0,0.0,17.771753,Alto
19.623001,42.0,0.0,18.175545,Alto
19.773,42.0,0.0,18.888851,Alto
20.473001,39.0,0.0,17.298738,Alto
20.073,40.0,0.0,15.542662,Moderado
19.923,42.0,0.0,15.03835,Moderado
19.273,44.0,0.0,15.39184,Moderado
18.323,48.0,0.0,14.917212,Moderado
17.373001,52.0,0.0,12.605142,Moderado
16.023,56.0,0.0,7.2805495,Moderado
13.973,66.0,0.0,3.563818,Bajo
13.123,69.0,0.0,3.96,Bajo
12.723,70.0,0.0,5.6920996,Bajo
13.273,66.0,0.0,7.491114,Bajo
12.973,69.0,0.0,9.673221,Moderado
13.023,68.0,0.0,8.287822,Bajo
12.823,71.0,0.1,8.473393,Bajo
12.323,76.0,0.2,7.69592,Bajo
11.922999,81.0,0.4,6.379216,Bajo
11.573,86.0,0.8,4.6938252,Bajo
11.672999,87.0,0.7,3.671294,Bajo
12.123,83.0,0.4,0.35999998,Bajo
13.473,79.0,0.2,9.387651,Bajo
12.973,80.0,0.4,23.219301,Moderado
13.023,63.0,0.1,23.857979,Alto
13.073,59.0,0.0,28.291512,Alto
13.473,54.0,0.0,29.414444,Alto
13.123,45.0,0.0,28.220417,Alto
12.323,44.0,0.0,29.144442,Alto
11.823,46.0,0.0,27.70831,Alto
11.523,44.0,0.0,27.345785,Alto
11.023,43.0,0.0,27.345785,Alto
9.773,46.0,0.0,27.009598,Alto
8.573,54.0,0.0,23.110205,Alto
7.4729996,59.0,0.0,21.129883,Moderado
6.823,64.0,0.0,20.192118,Moderado
6.273,69.0,0.0,19.296133,Moderado
5.873,72.0,0.0,17.673029,Moderado
5.573,72.0,0.0,16.563911,Moderado
5.373,75.0,0.0,18.0036,Moderado
5.273,75.0,0.0,17.673029,Moderado
5.1730003,75.0,0.0,18.014393,Moderado
5.273,76.0,0.0,19.083395,Moderado
5.4729996,71.0,0.0,20.240196,Moderado
6.623,61.0,0.0,19.559633,Moderado
8.173,60.0,0.0,23.023119,Alto
9.823,49.0,0.0,25.071096,Alto
11.073,45.0,0.0,24.821732,Alto
11.873,49.0,0.0,24.64094,Alto
11.823,52.0,0.0,25.651104,Alto
12.422999,50.0,0.0,24.648829,Alto
12.473,49.0,0.0,27.047956,Alto
12.672999,50.0,0.0,26.121714,Alto
12.523,54.0,0.0,25.929996,Alto
12.023,54.0,0.0,26.727423,Alto
11.473,55.0,0.0,27.009598,Alto
11.172999,56.0,0.0,21.986542,Alto
11.023,57.0,0.0,17.163355,Moderado
10.473,64.0,0.0,14.707222,Moderado
9.672999,70.0,0.0,12.7279215,Moderado
8.873,72.0,0.0,13.281023,Moderado
8.373,72.0,0.0,13.584932,Moderado
8.422999,72.0,0.0,15.077082,Moderado
8.573,69.0,0.0,13.830749,Moderado
8.823,68.0,0.0,14.05845,Moderado
8.323,70.0,0.0,10.086427,Moderado
7.2229996,75.0,0.0,5.00128,Bajo
6.623,76.0,0.0,3.8773184,Bajo
7.573,74.0,0.3,3.671294,Bajo
8.623,76.0,0.5,3.563818,Bajo
10.223,71.0,0.1,7.10031,Bajo
11.823,65.0,0.1,12.303366,Moderado
12.922999,60.0,0.0,19.319628,Moderado
14.273,60.0,0.0,25.43802,Alto
14.773,62.0,0.0,26.405453,Alto
15.873,55.0,0.0,28.036118,Alto
17.223001,51.0,0.0,29.301878,Alto
17.273,43.0,0.0,28.08923,Alto
15.973,47.0,0.0,25.364037,Alto
14.422999,50.0,0.0,23.377836,Alto
12.973,51.0,0.0,20.969805,Alto
11.672999,59.0,0.0,18.59845,Moderado
10.223,66.0,0.0,16.327497,Moderado
9.223,69.0,0.0,14.408997,Moderado
8.623,70.0,0.0,13.32,Moderado
8.173,72.0,0.0,12.620554,Moderado
7.773,73.0,0.0,12.605142,Moderado
7.573,75.0,0.0,12.245294,Moderado
7.623,73.0,0.0,10.823973,Moderado
7.623,72.0,0.0,9.0645685,Bajo
7.523,74.0,0.0,8.287822,Bajo
7.373,79.0,0.4,7.42159,Bajo
7.523,82.0,0.4,7.289444,Bajo
8.373,84.0,0.2,8.825508,Bajo
8.823,81.0,0.5,11.013882,Bajo
9.523,75.0,0.3,9.114471,Bajo
9.523,74.0,0.4,10.105681,Bajo
9.623,75.0,0.5,9.746631,Bajo
10.073,74.0,0.3,10.440001,Bajo
10.773,71.0,0.2,11.525623,Bajo
11.023,70.0,0.1,12.620554,Moderado
10.873,70.0,0.1,13.397612,Moderado
11.123,67.0,0.0,15.226764,Moderado
10.823,65.0,0.0,16.87398,Moderado
10.273,64.0,0.0,16.595179,Moderado
9.422999,69.0,0.0,14.512064,Moderado
8.323,76.0,0.0,14.113653,Moderado
7.773,78.0,0.0,15.542662,Moderado
7.323,67.0,0.0,17.651016,Moderado
6.4729996,68.0,0.0,18.03237,Moderado
5.773,70.0,0.0,18.374111,Moderado
5.323,75.0,0.0,18.03237,Moderado
4.773,80.0,0.0,15.137133,Moderado
4.323,85.0,0.0,13.797912,Moderado
3.873,89.0,0.0,11.726277,Bajo
3.773,89.0,0.0,10.966713,Bajo
5.123,82.0,0.0,12.10157,Moderado
8.073,69.0,0.0,17.208603,Moderado
9.973,61.0,0.0,21.316135,Moderado
11.273,52.0,0.0,21.67487,Alto
11.922999,46.0,0.0,21.897945,Alto
12.373,44.0,0.0,21.67487,Alto
13.123,41.0,0.0,20.617662,Alto
13.473,41.0,0.0,20.418695,Alto
13.422999,41.0,0.0,19.134262,Alto
13.172999,43.0,0.0,17.283749,Moderado
12.973,47.0,0.0,16.23596,Moderado
12.523,50.0,0.0,15.273505,Moderado
11.723,51.0,0.0,12.57426,Moderado
10.373,57.0,0.0,8.12197,Moderado
8.623,67.0,0.0,4.0249224,Bajo
7.873,72.0,0.0,2.0364676,Bajo
7.523,74.0,0.0,2.1897945,Bajo
7.2229996,77.0,0.0,2.52,Bajo
6.9230003,78.0,0.0,3.7585104,Bajo
3.923,88.0,0.0,3.396233,Bajo
4.9230003,84.0,0.0,3.8939953,Bajo
5.4729996,83.0,0.0,3.8939953,Bajo
5.523,85.0,0.0,4.3498964,Bajo
5.523,86.0,0.0,5.1919937,Bajo
6.773,83.0,0.2,5.8603754,Bajo
9.623,73.0,0.0,10.594036,Moderado
11.223,75.0,0.0,11.720751,Moderado
12.422999,75.0,0.0,11.923557,Moderado
13.723,70.0,0.0,11.808878,Moderado
15.323,65.0,0.0,11.885453,Moderado
16.873001,60.0,0.0,10.799999,Moderado
18.123001,55.0,0.0,12.738099,Moderado
18.423,55.0,0.0,11.246759,Moderado
18.373001,56.0,0.0,11.885453,Moderado
17.823,57.0,0.0,12.72283,Moderado
16.773,60.0,0.0,13.202726,Moderado
15.172999,68.0,0.0,11.27553,Moderado
13.723,75.0,0.0,10.587917,Moderado
12.273,84.0,0.0,9.779817,Bajo
11.273,89.0,0.0,6.130579,Bajo
10.873,92.0,0.0,6.297428,Bajo
10.672999,92.0,0.1,3.319036,Bajo
10.523,93.0,0.0,1.0182338,Bajo
10.422999,94.0,1.3,2.5455842,Bajo
10.172999,96.0,5.3,6.8777895,Bajo
10.223,98.0,2.5,4.0249224,Bajo
10.273,96.0,0.6,5.815978,Bajo
10.323,91.0,0.4,8.350138,Bajo
10.273,89.0,0.6,10.446206,Bajo
10.773,80.0,0.2,15.119999,Bajo
12.172999,70.0,0.0,20.532627,Moderado
13.922999,61.0,0.0,27.607563,Alto
14.473,58.0,0.0,30.85307,Alto
14.773,53.0,0.0,34.75445,Muy alto
14.523,53.0,0.0,35.80688,Muy alto
15.073,49.0,0.0,34.619946,Muy alto
14.623,50.0,0.0,33.626774,Muy alto
14.273,49.0,0.0,33.72491,Muy alto
14.023,52.0,0.0,31.170673,Alto
13.373,58.0,0.0,32.736256,Alto
12.172999,67.0,0.0,29.539747,Alto
11.323,73.0,0.0,30.960001,Alto
10.873,74.0,0.0,28.808998,Alto
10.623,74.0,0.0,26.400545,Alto
10.523,77.0,0.0,24.535524,Alto
10.223,74.0,0.0,25.171696,Alto
9.672999,76.0,0.0,24.1388,Moderado
9.172999,81.0,0.0,19.523155,Moderado
9.123,87.0,0.2,17.477621,Bajo
8.773,84.0,0.1,17.373497,Moderado
8.672999,85.0,0.0,15.072783,Moderado
8.823,82.0,0.0,17.10284,Moderado
9.123,81.0,0.2,16.548256,Bajo
9.672999,82.0,0.5,18.359999,Bajo
9.773,81.0,0.6,18.692286,Bajo
10.073,81.0,0.8,18.175545,Bajo
10.623,80.0,0.7,17.298738,Bajo
11.672999,74.0,0.5,21.749481,Moderado
13.523,66.0,0.1,27.497026,Alto
14.723,60.0,0.0,31.950888,Alto
14.672999,67.0,0.0,32.28981,Alto
14.473,70.0,0.0,32.68871,Alto
14.523,66.0,0.0,32.41799,Alto
13.672999,67.0,0.0,29.738703,Alto
12.773,72.0,0.0,23.97989,Alto
12.023,74.0,0.0,20.316889,Moderado
10.922999,74.0,0.0,16.575644,Moderado
9.823,78.0,0.0,14.04,Moderado
9.023,80.0,0.0,12.964998,Moderado
8.573,81.0,0.0,12.964998,Moderado
8.073,82.0,0.0,12.964998,Moderado
7.4230003,81.0,0.0,11.5199995,Moderado
6.9729996,81.0,0.0,10.1376915,Bajo
6.573,82.0,0.0,9.114471,Bajo
5.773,85.0,0.0,6.924738,Bajo
5.123,89.0,0.0,3.671294,Bajo
6.073,86.0,0.0,0.5091169,Bajo
8.223,73.0,0.0,4.2136917,Bajo
10.223,63.0,0.0,4.73506,Bajo
11.422999,57.0,0.0,6.4799995,Bajo
11.023,57.0,0.0,6.924738,Moderado
11.023,58.0,0.0,10.308831,Moderado
10.373,69.0,0.7,9.114471,Bajo
9.922999,81.0,1.8,10.495713,Bajo
10.073,83.0,1.0,8.891343,Bajo
10.273,87.0,1.4,8.404285,Bajo
10.523,92.0,2.5,10.041354,Bajo
11.023,93.0,2.0,11.923557,Bajo
11.273,93.0,2.4,11.609651,Bajo
11.623,90.0,1.0,14.471821,Bajo
11.672999,90.0,0.5,13.797913,Bajo
11.672999,91.0,0.7,11.090103,Bajo
11.773,92.0,0.6,10.315115,Bajo
11.973,94.0,0.0,12.522619,Bajo
12.422999,93.0,0.0,16.167967,Moderado
12.223,89.0,0.0,18.03237,Moderado
11.523,85.0,0.0,21.2522,Moderado
10.873,85.0,0.0,20.880001,Moderado
10.473,85.0,0.0,22.691425,Moderado
9.823,79.0,0.0,25.6233,Alto
9.473,75.0,0.0,26.437336,Alto
9.323,73.0,0.0,29.574827,Alto
9.223,63.0,0.0,30.676142,Alto
10.422999,60.0,0.0,29.301876,Alto
11.623,49.0,0.0,29.427658,Alto
11.922999,53.0,0.0,28.467329,Alto
12.523,51.0,0.0,24.798223,Alto
13.023,48.0,0.0,26.980793,Alto
12.823,50.0,0.0,25.516865,Alto
12.672999,52.0,0.0,23.936617,Alto
12.323,54.0,0.0,22.19773,Alto
11.773,56.0,0.0,20.275383,Moderado
10.873,60.0,0.0,17.373497,Moderado
9.473,65.0,0.0,14.113653,Moderado
8.023,75.0,0.0,9.47012,Bajo
7.073,79.0,0.0,7.42159,Bajo
6.1730003,84.0,0.0,6.989936,Bajo
5.4729996,86.0,0.0,6.618519,Bajo
5.123,88.0,0.0,6.9153743,Bajo
4.4230003,91.0,0.0,4.5820518,Bajo
4.073,90.0,0.0,4.39436,Bajo
3.673,90.0,0.0,4.0249224,Bajo
3.873,88.0,0.0,2.8116899,Bajo
4.323,87.0,0.0,3.396233,Bajo
5.523,83.0,0.0,4.6938257,Bajo
7.073,87.0,0.0,6.9527545,Bajo
7.873,87.0,0.3,7.754637,Bajo
8.773,83.0,0.3,13.18308,Bajo
9.323,83.0,0.0,12.397806,Moderado
10.223,77.0,0.0,11.923557,Moderado
12.373,60.0,0.0,14.618837,Moderado
13.123,52.0,0.0,17.581125,Moderado
12.723,53.0,0.0,17.873556,Moderado
12.773,54.0,0.0,17.31746,Moderado
12.422999,54.0,0.0,16.595179,Moderado
11.723,59.0,0.0,17.287498,Moderado
10.873,63.0,0.0,15.629971,Moderado
9.873,67.0,0.0,12.074766,Moderado
8.422999,76.0,0.0,9.021574,Bajo
7.4230003,82.0,0.0,9.220499,Bajo
6.9729996,86.0,0.0,11.384198,Bajo
7.123,88.0,0.0,13.779114,Moderado
7.1730003,83.0,0.1,16.923828,Moderado
6.7229996,78.0,0.0,15.124284,Moderado
5.9230003,81.0,0.0,15.496736,Moderado
5.4230003,82.0,0.0,13.556282,Moderado
4.773,83.0,0.0,14.205182,Moderado
4.1730003,84.0,0.0,13.722565,Moderado
4.4729996,82.0,0.0,13.363711,Moderado
6.4230003,74.0,0.0,15.876775,Moderado
7.9230003,66.0,0.0,19.602652,Moderado
9.273,57.0,0.0,20.617662,Moderado
9.823,56.0,0.1,22.19773,Alto
9.922999,58.0,0.2,23.499481,Moderado
9.873,60.0,0.3,24.336637,Moderado
10.273,55.0,0.1,27.345785,Alto
10.273,52.0,0.1,28.820242,Alto
9.723,47.0,0.0,30.018473,Alto
8.823,46.0,0.0,30.121912,Alto
7.623,48.0,0.0,28.337282,Alto
6.2229996,51.0,0.0,26.903828,Alto
4.823,57.0,0.0,22.79684,Alto
4.123,61.0,0.0,21.67487,Moderado
3.773,65.0,0.0,21.542923,Moderado
3.473,67.0,0.0,20.929596,Moderado
3.223,71.0,0.0,20.172853,Moderado
2.973,77.0,0.0,20.211363,Moderado
3.023,80.0,0.0,19.110542,Moderado
3.523,78.0,0.0,19.803272,Moderado
3.823,77.0,0.0,18.844202,Moderado
4.123,76.0,0.0,18.947083,Moderado
4.273,74.0,0.0,18.556595,Moderado
5.273,68.0,0.0,19.809813,Moderado
7.1730003,61.0,0.0,25.671307,Alto
8.323,55.0,0.0,27.666182,Alto
9.273,51.0,0.0,27.07669,Alto
10.223,48.0,0.0,26.260265,Alto
10.773,47.0,0.0,26.405453,Alto
10.973,48.0,0.0,27.055143,Alto
11.172999,46.0,0.0,27.047956,Alto
11.172999,45.0,0.0,27.381308,Alto
10.723,45.0,0.0,28.01531,Alto
10.073,45.0,0.0,26.886963,Alto
9.073,53.0,0.0,24.066206,Alto
8.023,59.0,0.0,21.862406,Alto
7.273,55.0,0.0,19.386591,Moderado
6.7229996,59.0,0.0,15.629972,Moderado
6.373,63.0,0.0,12.964998,Moderado
5.773,69.0,0.0,11.183201,Moderado
5.573,73.0,0.0,10.823973,Moderado
5.573,73.0,0.0,10.805999,Moderado
5.773,74.0,0.0,10.308831,Bajo
5.773,81.0,0.1,9.531505,Bajo
5.9230003,85.0,0.1,8.905908,Bajo
6.1730003,85.0,0.0,9.6932955,Bajo
6.373,84.0,0.0,9.605998,Bajo
7.323,82.0,0.0,10.390226,Bajo
8.773,76.0,0.0,12.413476,Moderado
9.922999,74.0,0.0,15.281989,Moderado
11.373,70.0,0.0,18.0036,Moderado
12.573,67.0,0.0,19.770523,Moderado
13.123,66.0,0.0,20.12461,Moderado
14.023,65.0,0.0,20.833395,Moderado
15.223,59.0,0.0,22.065973,Alto
14.873,62.0,0.0,21.96295,Alto
15.023,62.0,0.0,21.986542,Alto
14.773,64.0,0.0,21.602999,Moderado
14.323,66.0,0.0,19.8,Moderado
13.573,70.0,0.0,16.215992,Moderado
12.473,75.0,0.0,12.7279215,Moderado
11.223,82.0,0.0,11.090103,Bajo
10.573,85.0,0.0,11.177405,Bajo
10.473,84.0,0.0,12.0694,Moderado
10.473,84.0,0.0,12.864649,Moderado
10.373,85.0,0.0,13.32,Moderado
9.973,88.0,0.0,13.779114,Moderado
9.672999,90.0,0.0,13.779114,Moderado
9.672999,89.0,0.0,13.661038,Moderado
9.973,87.0,0.0,14.707222,Moderado
10.523,84.0,0.0,16.179985,Moderado
11.172999,81.0,0.0,16.645864,Moderado
11.922999,78.0,0.0,19.353138,Moderado
13.073,74.0,0.0,20.345573,Moderado
14.422999,69.0,0.0,22.380884,Moderado
15.373,65.0,0.0,23.444265,Alto
15.422999,65.0,0.0,22.346113,Alto
15.873,64.0,0.0,22.148045,Alto
17.173,59.0,0.0,23.664352,Alto
17.173,60.0,0.0,23.510508,Alto
17.123001,60.0,0.0,22.380884,Alto
15.973,64.0,0.0,20.265795,Moderado
15.223,67.0,0.0,18.161278,Moderado
14.422999,71.0,0.0,15.328561,Moderado
13.473,79.0,0.0,11.542478,Moderado
12.973,81.0,0.0,10.446206,Bajo
12.273,86.0,0.2,8.669949,Bajo
11.922999,89.0,0.3,7.2,Bajo
11.672999,89.0,0.0,6.519877,Bajo
11.573,90.0,0.1,7.5599995,Bajo
11.123,92.0,0.0,4.3498964,Bajo
11.023,92.0,0.0,2.5959969,Bajo
10.823,93.0,0.0,0.71999997,Bajo
10.573,94.0,0.0,0.35999998,Bajo
10.323,96.0,0.0,1.2979984,Bajo
10.422999,96.0,0.0,1.484318,Bajo
11.323,92.0,0.0,3.0758414,Bajo
12.422999,86.0,0.0,3.319036,Bajo
13.573,79.0,0.0,3.319036,Bajo
14.773,73.0,0.0,3.2599385,Bajo
15.023,73.0,0.0,5.95906,Bajo
15.973,69.0,0.0,6.6185193,Bajo
16.473001,65.0,0.0,5.1165614,Bajo
16.223,67.0,0.0,6.489992,Bajo
16.573,67.0,0.0,6.792466,Bajo
16.873001,66.0,0.0,7.628263,Bajo
16.523,67.0,0.0,10.636766,Moderado
15.023,74.0,0.0,14.021525,Moderado
13.573,81.0,0.0,13.891522,Moderado
11.973,87.0,0.0,10.703569,Bajo
10.523,95.0,0.0,10.08,Bajo
9.773,97.0,0.0,10.538843,Bajo
9.523,98.0,0.0,12.287555,Bajo
9.422999,99.0,0.0,11.609651,Bajo
9.172999,100.0,0.0,12.245294,Bajo
9.223,100.0,0.0,12.599999,Bajo
9.323,99.0,0.1,13.32,Bajo
9.473,98.0,0.0,13.324863,Bajo
9.723,95.0,0.0,13.397612,Bajo
9.823,95.0,0.0,14.973576,Moderado
10.023,96.0,0.0,15.893093,Moderado
9.773,97.0,0.0,17.309973,Moderado
10.023,97.0,0.0,17.418196,Moderado
11.223,89.0,0.0,14.372974,Moderado
12.123,84.0,0.1,18.681883,Moderado
11.672999,88.0,0.9,16.641972,Bajo
11.723,91.0,0.7,14.565548,Bajo
12.723,89.0,0.5,10.514218,Bajo
13.723,86.0,0.6,12.55879,Bajo
13.723,89.0,0.9,7.172949,Bajo
14.273,87.0,0.0,5.8603754,Bajo
13.973,88.0,0.3,4.379589,Bajo
13.473,90.0,1.1,5.991594,Bajo
12.922999,91.0,0.1,11.119281,Bajo
12.023,91.0,0.0,13.009903,Moderado
10.723,92.0,0.0,11.966954,Bajo
9.873,92.0,0.0,11.966954,Bajo
9.223,90.0,0.0,12.758432,Bajo
8.672999,91.0,0.0,10.931203,Bajo
8.273,92.0,0.0,11.620809,Bajo
8.173,94.0,0.0,10.390226,Bajo
8.123,95.0,0.0,11.440978,Bajo
8.273,94.0,0.0,14.332341,Moderado
9.172999,89.0,0.0,18.175545,Moderado
10.723,69.0,0.0,27.021591,Alto
11.073,63.0,0.0,28.30983,Alto
11.723,54.0,0.0,29.175552,Alto
11.922999,53.0,0.0,31.006012,Alto
11.922999,56.0,0.0,28.551426,Alto
12.273,55.0,0.0,26.987997,Alto
12.672999,52.0,0.0,26.124195,Alto
12.973,54.0,0.0,24.442911,Alto
13.373,55.0,0.0,23.97989,Alto
12.973,59.0,0.0,25.212852,Alto
12.723,61.0,0.0,21.9718,Alto
12.373,64.0,0.0,20.188908,Moderado
11.373,71.0,0.0,15.463244,Moderado
10.823,76.0,0.0,15.042659,Moderado
10.473,79.0,0.0,13.905509,Moderado
9.773,81.0,0.0,12.904882,Moderado
9.223,84.0,0.0,12.074766,Moderado
8.873,87.0,0.0,12.904882,Moderado
8.473,90.0,0.0,13.53236,Moderado
8.523,90.0,0.0,12.24,Bajo
8.773,90.0,0.0,10.464797,Bajo
9.023,88.0,0.0,9.085988,Bajo
9.023,89.0,0.0,10.233123,Bajo
10.023,86.0,0.0,12.904882,Moderado
11.273,80.0,0.1,13.237039,Moderado
11.823,81.0,0.2,16.42247,Bajo
12.422999,81.0,0.3,16.595179,Bajo
14.023,73.0,0.1,19.164717,Moderado
15.073,65.0,0.0,22.73707,Alto
15.422999,61.0,0.0,23.933907,Alto
15.623,56.0,0.0,25.842384,Alto
15.922999,57.0,0.0,24.884306,Alto
15.473,58.0,0.0,22.89611,Alto
14.573,67.0,0.1,18.388212,Moderado
13.973,70.0,0.1,17.10284,Moderado
12.723,77.0,0.2,17.906157,Bajo
12.073,79.0,0.2,15.9134655,Bajo
11.473,81.0,0.1,14.84318,Moderado
11.223,81.0,0.0,13.18308,Moderado
10.973,82.0,0.1,13.237038,Moderado
10.823,84.0,0.2,12.313894,Bajo
10.623,86.0,0.2,10.703569,Bajo
9.922999,88.0,0.1,9.220499,Bajo
9.672999,88.0,0.0,7.2,Bajo
9.523,88.0,0.1,5.6233797,Bajo
8.823,89.0,0.0,4.8433046,Bajo
8.523,89.0,0.0,4.0249224,Bajo
8.973,87.0,0.7,2.0991426,Bajo
10.223,86.0,0.0,3.8268526,Bajo
11.422999,81.0,0.2,5.00128,Bajo
12.523,77.0,0.0,6.924738,Bajo
13.573,70.0,0.2,12.181625,Bajo
13.323,72.0,0.4,16.489416,Bajo
13.873,68.0,0.2,19.107151,Moderado
13.373,67.0,0.3,18.864824,Moderado
12.973,68.0,0.4,15.273505,Bajo
12.773,69.0,0.1,18.391737,Moderado
12.323,69.0,0.2,14.799459,Bajo
12.073,67.0,0.0,15.496736,Moderado
11.073,65.0,0.0,16.73516,Moderado
10.323,72.0,0.0,14.33234,Moderado
9.573,79.0,0.0,15.629971,Moderado
8.922999,75.0,0.0,17.015474,Moderado
8.023,77.0,0.0,18.486622,Moderado
7.1730003,79.0,0.0,18.584509,Moderado
6.373,82.0,0.0,19.652176,Moderado
5.4729996,87.0,0.0,15.941944,Moderado
5.023,88.0,0.0,15.03835,Moderado
4.573,88.0,0.0,13.708391,Moderado
4.323,88.0,0.0,13.358861,Moderado
4.4230003,87.0,0.0,14.145756,Moderado
4.823,83.0,0.0,14.408997,Moderado
5.823,78.0,0.0,16.595179,Moderado
7.2229996,66.0,0.0,22.065973,Moderado
8.523,60.0,0.0,23.675303,Alto
9.672999,55.0,0.0,26.052162,Alto
10.073,53.0,0.0,27.438046,Alto
10.172999,58.0,0.2,26.882141,Moderado
10.473,59.0,0.4,31.154043,Alto
10.073,60.0,0.0,31.76375,Alto
9.473,59.0,0.0,32.79361,Alto
8.473,60.0,0.0,31.875755,Alto
7.373,59.0,0.0,29.940662,Alto
6.273,62.0,0.0,26.64,Alto
4.9729996,64.0,0.0,24.448214,Alto
4.4729996,67.0,0.0,22.45315,Moderado
4.373,66.0,0.0,20.192118,Moderado
4.1730003,69.0,0.0,17.935081,Moderado
3.573,73.0,0.0,14.973576,Moderado
2.923,79.0,0.0,12.324414,Moderado
2.423,83.0,0.0,12.245294,Moderado
1.973,85.0,0.0,11.570515,Bajo
1.823,86.0,0.0,10.105681,Bajo
2.023,86.0,0.0,9.746631,Bajo
1.823,88.0,0.0,9.028754,Bajo
2.373,85.0,0.0,9.028754,Bajo
4.9230003,74.0,0.0,12.6462,Moderado
7.2229996,63.0,0.0,16.862455,Moderado
8.973,53.0,0.0,17.873556,Moderado
10.073,49.0,0.0,16.363178,Moderado
11.473,47.0,0.0,15.03835,Moderado
12.273,46.0,0.0,14.689588,Moderado
12.922999,45.0,0.0,13.608762,Moderado
13.023,44.0,0.0,12.819235,Moderado
12.873,46.0,0.0,12.819235,Moderado
12.422999,50.0,0.0,12.599998,Moderado
11.672999,54.0,0.0,12.287555,Moderado
10.223,61.0,0.0,10.365251,Moderado
8.273,70.0,0.0,7.69592,Bajo
6.873,78.0,0.0,6.5693827,Bajo
5.6730003,84.0,0.0,4.6938252,Bajo
4.7229996,88.0,0.0,4.0249224,Bajo
4.073,89.0,0.0,3.319036,Bajo
3.523,91.0,0.0,3.2599385,Bajo
2.323,97.0,0.0,3.6,Bajo
1.873,99.0,0.0,3.6,Bajo
1.523,99.0,0.0,2.8799999,Bajo
1.173,100.0,0.0,1.8,Bajo
1.073,100.0,0.0,1.1384199,Bajo
1.023,100.0,0.0,1.0182338,Bajo
2.1729999,99.0,0.0,2.5455842,Bajo
5.7229996,83.0,0.0,2.5455842,Bajo
9.123,70.0,0.0,2.968636,Bajo
11.523,59.0,0.0,5.00128,Bajo
13.473,55.0,0.0,5.692099,Bajo
14.823,53.0,0.0,6.193674,Moderado
16.073,48.0,0.0,6.696387,Moderado
16.723001,48.0,0.0,8.534353,Moderado
16.973001,43.0,0.0,10.787993,Moderado
16.623001,45.0,0.0,11.4862,Moderado
15.973,49.0,0.0,10.009036,Moderado
14.273,57.0,0.0,5.154415,Bajo
11.823,69.0,0.0,4.73506,Bajo
9.323,79.0,0.0,6.696387,Bajo
8.273,84.0,0.0,6.3690495,Bajo
6.823,90.0,0.0,5.4833565,Bajo
5.623,92.0,0.0,5.3999996,Bajo
4.6730003,94.0,0.0,5.5887027,Bajo
3.773,97.0,0.0,5.8048253,Bajo
3.423,97.0,0.0,6.489992,Bajo
3.873,97.0,0.0,7.10031,Bajo
5.073,97.0,0.0,8.699793,Bajo
6.323,96.0,0.0,10.137692,Bajo
7.4230003,95.0,0.0,10.739833,Bajo
9.023,93.0,0.0,9.746631,Bajo
10.373,88.0,0.0,12.864649,Moderado
12.073,78.0,0.0,17.477621,Moderado
12.973,75.0,0.0,18.39878,Moderado
13.073,75.0,0.0,20.87379,Moderado
12.773,75.0,0.0,20.421871,Moderado
13.273,71.0,0.0,21.38897,Moderado
12.523,75.0,0.0,20.466246,Moderado
12.123,78.0,0.0,18.289274,Moderado
11.823,79.0,0.0,15.683774,Moderado
11.373,82.0,0.0,13.324863,Moderado
10.973,85.0,0.0,11.457958,Bajo
10.773,85.0,0.0,10.703569,Bajo
10.422999,90.0,0.4,9.511088,Bajo
9.973,94.0,1.4,8.557102,Bajo
9.823,96.0,1.9,5.2416787,Bajo
9.623,98.0,2.1,3.7585104,Bajo
9.473,98.0,1.3,3.7064266,Bajo
9.323,99.0,1.3,2.9024127,Bajo
9.273,99.0,2.0,3.96,Bajo
9.323,98.0,1.7,5.1544156,Bajo
9.373,97.0,1.8,6.2145634,Bajo
9.373,97.0,2.7,7.2359104,Bajo
9.422999,96.0,2.5,8.049845,Bajo
9.523,96.0,3.2,9.290511,Bajo
9.672999,95.0,2.3,10.233123,Bajo
9.773,93.0,1.4,11.681987,Bajo
9.873,91.0,0.6,11.966954,Bajo
9.922999,90.0,0.6,10.390226,Bajo
9.873,89.0,0.9,10.239453,Bajo
9.873,88.0,1.0,10.799999,Bajo
10.073,86.0,0.6,7.208994,Bajo
10.123,85.0,0.2,4.452954,Bajo
9.973,84.0,0.2,3.096837,Bajo
9.773,85.0,0.2,3.5455887,Bajo
9.473,89.0,0.1,4.5536795,Bajo
9.223,91.0,0.0,3.219938,Bajo
8.823,93.0,0.0,3.671294,Bajo
8.223,93.0,0.0,4.39436,Bajo
7.1730003,94.0,0.0,3.8268526,Bajo
6.4729996,94.0,0.0,3.8268526,Bajo
6.1730003,93.0,0.0,2.9024127,Bajo
5.6730003,92.0,0.0,2.9024127,Bajo
5.7229996,92.0,0.0,3.6179552,Bajo
5.823,92.0,0.0,4.379589,Bajo
5.9230003,91.0,0.0,5.0911684,Bajo
5.823,93.0,0.0,5.8048253,Bajo
6.073,93.0,0.0,6.130579,Bajo
7.773,92.0,0.0,6.162207,Bajo
9.373,86.0,0.0,8.64,Bajo
10.922999,78.0,0.0,10.446206,Bajo
12.172999,74.0,0.0,10.105681,Moderado
13.223,71.0,0.0,9.746631,Moderado
14.023,65.0,0.0,10.182337,Moderado
14.523,60.0,0.0,9.9571085,Moderado
14.672999,60.0,0.0,8.557102,Moderado
14.823,59.0,0.0,7.4128532,Moderado
15.023,60.0,0.0,4.6102495,Bajo
14.672999,62.0,0.0,3.6179552,Bajo
13.223,72.0,0.0,4.2136917,Bajo
10.773,86.0,0.0,6.28713,Bajo
9.373,93.0,0.0,6.5693827,Bajo
8.173,93.0,0.0,6.924738,Bajo
7.2229996,92.0,0.0,7.5170207,Bajo
6.573,94.0,0.0,8.557102,Bajo
6.7229996,95.0,0.0,9.565437,Bajo
7.123,96.0,0.0,11.043261,Bajo
7.373,97.0,0.0,14.007655,Bajo
7.573,97.0,0.0,16.1198,Moderado
8.023,97.0,0.0,18.681883,Moderado
8.373,96.0,0.0,21.273533,Moderado
8.723,95.0,0.0,22.086521,Moderado
9.023,96.0,0.0,24.858253,Moderado
10.123,90.0,0.0,25.264202,Moderado
11.023,85.0,0.0,27.36947,Alto
11.473,81.0,0.0,28.623962,Alto
12.323,77.0,0.0,30.657122,Alto
11.823,82.0,0.1,30.599998,Alto
10.773,92.0,1.2,30.37683,Moderado
10.723,91.0,0.9,30.96837,Moderado
9.922999,92.0,0.5,27.729347,Moderado
9.422999,93.0,3.7,24.57511,Moderado
9.073,93.0,3.4,21.175835,Bajo
8.773,94.0,2.5,20.724247,Bajo
8.473,93.0,1.4,19.881649,Bajo
8.323,92.0,0.5,17.283749,Bajo
8.422999,91.0,0.1,14.021525,Moderado
8.422999,90.0,0.0,8.669949,Bajo
8.373,91.0,0.1,4.0249224,Bajo
8.223,92.0,0.5,2.5455842,Bajo
7.9230003,97.0,0.5,5.0528407,Bajo
8.073,96.0,0.4,7.69592,Bajo
8.173,96.0,0.7,6.6087217,Bajo
8.173,96.0,0.9,7.729527,Bajo
8.273,96.0,0.4,9.0645685,Bajo
8.573,94.0,0.2,11.159999,Bajo
9.123,92.0,0.1,11.212135,Bajo
9.873,88.0,0.1,14.512064,Moderado
10.672999,85.0,0.1,15.484185,Moderado
11.672999,80.0,0.0,23.266697,Moderado
11.973,78.0,0.0,29.627363,Alto
11.723,73.0,0.0,36.04497,Alto
11.973,71.0,0.0,36.80637,Muy alto
11.373,67.0,0.0,38.627514,Muy alto
10.672999,65.0,0.0,37.524708,Muy alto
9.773,65.0,0.0,32.2034,Alto
9.172999,67.0,0.0,24.50381,Alto
8.173,71.0,0.0,20.431387,Moderado
7.4230003,79.0,0.0,16.171976,Moderado
6.823,84.0,0.0,11.440979,Bajo
6.4230003,87.0,0.0,7.491114,Bajo
5.9729996,90.0,0.0,4.8433046,Bajo
6.2229996,94.0,0.0,7.8954163,Bajo
7.523,92.0,0.0,13.684735,Moderado
7.9230003,88.0,0.0,15.629971,Moderado
8.073,82.0,0.0,18.171976,Moderado
7.823,82.0,0.3,21.749483,Moderado
7.4230003,82.0,0.2,22.38378,Moderado
7.273,83.0,0.1,22.461807,Moderado
7.073,82.0,0.0,23.313995,Moderado
7.4230003,75.0,0.0,24.850431,Alto
7.773,71.0,0.0,27.0,Alto
8.173,66.0,0.0,29.957968,Alto
8.422999,56.0,0.0,30.855171,Alto
8.672999,56.0,0.0,30.602118,Alto
8.323,58.0,0.5,30.619051,Alto
8.723,54.0,0.7,31.68,Alto
8.323,56.0,0.1,31.68,Alto
8.123,57.0,0.0,31.682047,Alto
7.4230003,61.0,0.0,30.239998,Alto
6.7229996,63.0,0.0,29.16889,Alto
6.023,65.0,0.0,27.117346,Alto
5.6730003,70.0,0.0,27.238941,Alto
5.323,71.0,0.0,26.987997,Alto
5.073,73.0,0.0,26.987997,Alto
4.9729996,73.0,0.0,26.82906,Alto
4.873,73.0,0.0,27.684914,Alto
4.823,72.0,0.0,27.887802,Alto
4.823,74.0,0.0,28.174456,Alto
4.873,75.0,0.0,28.174456,Alto
4.873,75.0,0.0,28.001427,Alto
4.823,76.0,0.0,26.932714,Alto
4.7229996,77.0,0.0,25.212852,Alto
4.7229996,78.0,0.0,23.97989,Moderado
5.7229996,74.0,0.0,24.648829,Alto
7.023,69.0,0.0,25.651104,Alto
8.273,64.0,0.0,25.56,Alto
9.172999,58.0,0.0,25.20257,Alto
9.922999,54.0,0.0,24.881702,Alto
10.073,52.0,0.0,23.828083,Alto
10.672999,48.0,0.0,21.626984,Alto
11.172999,43.0,0.0,19.70815,Alto
10.922999,48.0,0.0,17.076298,Moderado
10.672999,53.0,0.0,12.181624,Moderado
10.273,55.0,0.0,8.891343,Moderado
9.172999,64.0,0.0,5.4477882,Bajo
8.573,68.0,0.0,6.6185193,Bajo
7.9230003,73.0,0.0,6.489992,Bajo
7.7229996,71.0,0.0,6.9153743,Bajo
7.323,75.0,0.0,8.404285,Bajo
7.273,81.0,0.2,10.383987,Bajo
7.273,90.0,0.4,10.630672,Bajo
7.4230003,90.0,0.4,8.473393,Bajo
7.073,93.0,0.2,4.896529,Bajo
6.823,94.0,0.0,2.5959969,Bajo
6.823,94.0,0.3,1.484318,Bajo
6.773,92.0,0.1,4.8433046,Bajo
6.6730003,91.0,0.0,11.770403,Bajo
7.4729996,86.0,0.0,15.893093,Moderado
8.473,79.0,0.0,21.67487,Moderado
9.672999,68.0,0.0,25.56,Alto
10.323,63.0,0.0,25.223133,Alto
11.123,57.0,0.0,25.929996,Alto
11.422999,54.0,0.0,24.119999,Alto
11.823,50.0,0.0,21.758419,Alto
11.422999,52.0,0.0,20.288164,Alto
11.422999,53.0,0.0,18.289274,Moderado
10.523,62.0,0.1,11.753877,Moderado
10.373,64.0,0.0,9.779817,Moderado
9.473,66.0,0.1,9.007196,Moderado
8.873,67.0,0.2,11.113451,Bajo
8.273,73.0,0.2,12.9249525,Bajo
7.873,80.0,0.2,10.538843,Bajo
7.123,83.0,0.0,8.350138,Bajo
6.6730003,85.0,0.0,11.043261,Bajo
7.323,77.0,0.0,14.77755,Moderado
7.373,73.0,0.0,16.595179,Moderado
7.4230003,72.0,0.0,17.935081,Moderado
7.373,73.0,0.0,19.602652,Moderado
7.2229996,77.0,0.1,21.9718,Moderado
6.823,80.0,0.0,22.415602,Moderado
6.623,76.0,0.0,19.826164,Moderado
7.323,76.0,0.0,17.429354,Moderado
8.173,70.0,0.0,22.553936,Moderado
9.073,64.0,0.0,23.210928,Alto
9.672999,62.0,0.1,23.210928,Alto
9.973,60.0,0.1,22.38378,Alto
9.723,63.0,0.3,21.749483,Moderado
10.172999,63.0,0.4,20.326454,Moderado
9.422999,67.0,0.6,20.991426,Moderado
8.623,71.0,0.4,20.523157,Moderado
7.823,76.0,0.3,18.792551,Moderado
7.323,75.0,0.3,15.827721,Bajo
6.873,74.0,0.1,11.923557,Moderado
6.323,76.0,0.0,11.435313,Moderado
5.773,77.0,0.0,12.245293,Moderado
4.9729996,79.0,0.0,13.5515,Moderado
4.4230003,81.0,0.0,15.192682,Moderado
4.273,83.0,0.0,17.163355,Moderado
4.273,80.0,0.0,19.110542,Moderado
4.223,80.0,0.0,19.134262,Moderado
3.973,76.0,0.0,19.959719,Moderado
3.573,76.0,0.0,18.35647,Moderado
3.123,79.0,0.0,14.799459,Moderado
2.923,81.0,0.0,13.202726,Moderado
3.523,80.0,0.0,14.168641,Moderado
5.273,78.0,0.0,17.114204,Moderado
6.523,71.0,0.0,21.96,Moderado
7.4230003,66.0,0.0,20.523157,Moderado
8.422999,57.0,0.0,18.204042,Moderado
8.873,54.0,0.0,17.49615,Moderado
8.223,59.0,0.2,20.421871,Moderado
4.773,85.0,1.6,17.555307,Bajo
5.7229996,75.0,0.1,17.727943,Moderado
7.2229996,69.0,0.1,11.440979,Moderado
8.422999,70.0,0.0,23.023117,Moderado
7.523,76.0,0.0,22.086521,Moderado
6.873,75.0,0.0,18.057508,Moderado
6.273,75.0,0.0,22.086521,Moderado
5.9729996,75.0,0.0,21.9718,Moderado
5.573,78.0,0.0,21.194187,Moderado
5.373,79.0,0.0,19.66536,Moderado
5.323,80.0,0.0,20.61766,Moderado
5.373,78.0,0.0,23.469128,Moderado
4.873,80.0,0.0,24.798225,Moderado
4.573,76.0,0.0,28.266306,Alto
4.023,76.0,0.0,25.683926,Alto
3.723,75.0,0.0,25.325686,Alto
3.223,70.0,0.0,24.251284,Alto
2.973,68.0,0.0,22.7057,Moderado
3.923,68.0,0.0,21.2522,Moderado
5.373,65.0,0.0,23.039999,Alto
6.9230003,55.0,0.0,24.858253,Alto
7.7229996,49.0,0.0,26.415268,Alto
7.773,49.0,0.0,26.999998,Alto
8.023,50.0,0.0,27.155552,Alto
7.9729996,47.0,0.0,28.551426,Alto
7.773,46.0,0.0,27.757376,Alto
7.2229996,47.0,0.0,26.33911,Alto
6.573,50.0,0.0,23.157824,Alto
5.623,53.0,0.0,19.70815,Moderado
4.323,62.0,0.0,15.484185,Moderado
3.223,73.0,0.0,16.167967,Moderado
2.523,78.0,0.0,15.484185,Moderado
2.073,80.0,0.0,15.379206,Moderado
1.673,82.0,0.0,13.661038,Moderado
1.223,84.0,0.0,12.641076,Moderado
1.023,85.0,0.0,12.10157,Bajo
0.623,88.0,0.0,11.770403,Bajo
0.523,90.0,0.0,10.636766,Bajo
0.523,91.0,0.0,10.787993,Bajo
0.573,91.0,0.0,11.113451,Bajo
0.473,91.0,0.0,11.440979,Bajo
0.473,90.0,0.0,11.298495,Bajo
1.873,86.0,0.0,13.363711,Moderado
3.823,74.0,0.0,20.545246,Moderado
5.323,62.0,0.0,20.265795,Moderado
6.073,65.0,0.1,20.268991,Moderado
6.4230003,69.0,0.3,17.873554,Moderado
6.1730003,72.0,0.6,17.902534,Moderado
6.6730003,65.0,0.7,19.881649,Moderado
6.6730003,65.0,0.2,19.852295,Moderado
6.7229996,62.0,0.1,21.841648,Moderado
6.123,58.0,0.0,24.448214,Alto
5.123,56.0,0.0,23.157824,Alto
3.823,62.0,0.0,19.09358,Moderado
2.573,73.0,0.0,18.64369,Moderado
1.873,79.0,0.0,19.386591,Moderado
1.623,82.0,0.0,19.914217,Moderado
1.623,81.0,0.0,20.265795,Moderado
1.623,81.0,0.0,20.345573,Moderado
1.673,82.0,0.0,20.620806,Moderado
1.723,83.0,0.0,21.479666,Moderado
2.023,82.0,0.0,23.023119,Moderado
2.1729999,82.0,0.0,24.031178,Moderado
2.273,80.0,0.0,24.387177,Moderado
2.1230001,81.0,0.0,24.387177,Moderado
2.323,80.0,0.0,24.031178,Moderado
3.223,77.0,0.0,28.880886,Alto
4.773,66.0,0.0,29.834423,Alto
5.9230003,56.0,0.0,31.435646,Alto
6.273,53.0,0.0,31.003918,Alto
6.6730003,51.0,0.0,30.911821,Alto
7.073,47.0,0.0,30.312773,Alto
6.773,45.0,0.0,34.509335,Muy alto
6.573,45.0,0.0,34.608715,Muy alto
6.1730003,48.0,0.0,34.152596,Muy alto
5.523,50.0,0.0,32.44996,Muy alto
4.7229996,53.0,0.0,30.282827,Alto
3.623,59.0,0.0,27.181787,Alto
2.873,65.0,0.0,26.368616,Alto
2.323,70.0,0.0,24.48,Alto
1.773,76.0,0.0,23.0653,Moderado
1.273,79.0,0.0,20.929596,Moderado
0.773,82.0,0.0,18.532133,Moderado
0.473,84.0,0.0,17.057314,Moderado
0.273,86.0,0.0,17.163355,Moderado
0.023000002,90.0,0.0,15.683776,Moderado
-0.277,91.0,0.0,14.264361,Moderado
-0.17699999,91.0,0.0,13.202726,Bajo
-0.227,91.0,0.0,11.440978,Bajo
-0.277,91.0,0.0,10.041354,Bajo
1.123,86.0,0.0,10.308831,Bajo
3.373,76.0,0.0,13.084402,Moderado
5.4230003,67.0,0.0,15.192682,Moderado
6.823,56.0,0.0,12.074766,Moderado
7.573,51.0,0.0,10.587917,Moderado
8.023,47.0,0.0,11.367109,Moderado
8.373,42.0,0.0,11.879999,Moderado
8.373,43.0,0.0,12.620554,Moderado
8.223,47.0,0.0,11.901798,Moderado
7.373,54.0,0.1,10.823973,Moderado
6.573,59.0,0.0,7.928178,Moderado
4.6730003,71.0,0.0,3.9763298,Bajo
2.923,79.0,0.0,3.5455887,Bajo
1.823,83.0,0.0,3.096837,Bajo
1.023,87.0,0.0,2.5455842,Bajo
0.023000002,92.0,0.0,2.0991426,Bajo
-0.92700005,96.0,0.0,2.1897945,Bajo
-1.527,99.0,0.0,2.0991426,Bajo
-2.027,100.0,0.0,2.7416782,Bajo
-2.077,100.0,0.0,2.6208394,Bajo
-2.677,100.0,0.0,2.1897945,Bajo
-3.277,100.0,0.0,2.3051248,Bajo
-3.727,100.0,0.0,2.3051248,Bajo
-4.377,100.0,0.0,1.609969,Bajo
-4.127,100.0,0.0,1.1384199,Bajo
-2.727,99.0,0.0,1.1384199,Bajo
0.873,84.0,0.0,1.609969,Bajo
4.273,74.0,0.0,1.835647,Bajo
6.4230003,63.0,0.0,3.96,Bajo
7.323,56.0,0.0,6.130579,Bajo
8.073,46.0,0.0,4.32,Bajo
8.273,45.0,0.0,6.151683,Moderado
8.373,43.0,0.0,7.7879906,Moderado
7.9729996,44.0,0.0,10.182337,Moderado
6.823,52.0,0.0,10.195057,Moderado
4.523,64.0,0.0,6.1305785,Bajo
2.523,77.0,0.0,5.5887027,Bajo
1.373,82.0,0.0,5.4477882,Bajo
0.623,85.0,0.0,5.0911684,Bajo
0.073,87.0,0.0,5.0911684,Bajo
-0.477,89.0,0.0,5.0528407,Bajo
-0.877,90.0,0.0,5.4477882,Bajo
-1.177,91.0,0.0,6.130579,Bajo
-1.127,90.0,0.0,6.8399997,Bajo
-1.127,90.0,0.0,7.5599995,Bajo
-1.227,90.0,0.0,8.287822,Bajo
-1.177,89.0,0.0,9.028754,Bajo
-1.077,88.0,0.0,9.422101,Bajo
0.673,81.0,0.0,10.739833,Bajo
2.523,76.0,0.0,14.05845,Moderado
5.323,67.0,0.0,19.469976,Moderado
6.873,60.0,0.0,21.96295,Alto
7.4230003,61.0,0.0,24.162945,Alto
7.6730003,60.0,0.0,28.623962,Alto
8.873,58.0,0.0,25.60053,Alto
9.023,57.0,0.0,26.299719,Alto
9.623,54.0,0.0,25.0064,Alto
9.023,56.0,0.0,25.501621,Alto
7.7229996,60.0,0.0,24.014996,Alto
6.373,65.0,0.0,21.897945,Moderado
5.873,64.0,0.0,22.81957,Alto
5.2229996,66.0,0.0,21.9718,Moderado
4.573,72.0,0.0,21.647945,Moderado
4.273,77.0,0.0,22.461807,Moderado
4.373,77.0,0.0,21.791153,Moderado
4.4230003,76.0,0.0,21.38897,Moderado
4.273,77.0,0.0,23.051247,Moderado
4.023,79.0,0.0,21.26744,Moderado
3.823,81.0,0.0,19.493261,Moderado
3.573,83.0,0.0,17.462784,Moderado
2.973,87.0,0.0,14.618837,Moderado
2.423,90.0,0.0,13.1041975,Bajo
3.723,84.0,0.0,13.979871,Moderado
6.123,73.0,0.0,16.09969,Moderado
8.623,59.0,0.0,20.380579,Moderado
9.773,47.0,0.0,23.18579,Alto
10.172999,44.0,0.0,24.675106,Alto
10.323,44.0,0.0,25.809765,Alto
10.922999,43.0,0.0,28.551426,Alto
10.623,45.0,0.0,29.035288,Alto
10.172999,45.0,0.0,27.438046,Alto
9.523,49.0,0.0,25.516865,Alto
8.573,58.0,0.0,25.455843,Alto
7.573,66.0,0.0,22.3229,Moderado
6.623,75.0,0.0,21.349546,Moderado
6.023,82.0,0.0,21.077686,Moderado
5.7229996,87.0,0.0,17.935081,Moderado
5.4729996,88.0,0.0,15.281989,Moderado
5.073,91.0,0.0,13.32,Bajo
5.273,93.0,0.0,13.905509,Moderado
5.7229996,93.0,0.0,17.114204,Moderado
6.7229996,88.0,0.0,19.483284,Moderado
6.9230003,87.0,0.0,19.9954,Moderado
6.823,87.0,0.0,17.902534,Moderado
6.623,91.0,0.0,17.447933,Moderado
6.623,92.0,0.0,16.267857,Moderado
7.323,88.0,0.0,16.42247,Moderado
8.973,79.0,0.0,20.46941,Moderado
10.422999,70.0,0.0,25.153671,Alto
11.873,63.0,0.0,24.850431,Alto
12.623,59.0,0.0,24.490587,Alto
13.023,57.0,0.0,24.609364,Alto
13.672999,53.0,0.0,21.38897,Alto
13.672999,53.0,0.0,20.418695,Alto
13.373,54.0,0.0,18.161278,Moderado
12.623,56.0,0.0,15.379206,Moderado
11.373,62.0,0.0,10.636766,Moderado
8.922999,74.0,0.0,5.0528407,Bajo
7.1730003,83.0,0.0,5.0911684,Bajo
5.9230003,88.0,0.0,4.802999,Bajo
5.073,90.0,0.0,3.96,Bajo
4.323,91.0,0.0,3.4152596,Bajo
3.573,94.0,0.0,3.219938,Bajo
2.873,97.0,0.0,2.7416782,Bajo
1.973,100.0,0.0,3.5455887,Bajo
2.073,99.0,0.0,3.8939953,Bajo
1.773,100.0,0.0,3.096837,Bajo
1.923,100.0,0.0,2.7416782,Bajo
1.873,100.0,0.0,3.0758414,Bajo
1.473,100.0,0.0,3.219938,Bajo
2.623,100.0,0.0,1.8,Bajo
4.573,93.0,0.0,1.0182338,Bajo
7.773,79.0,0.0,0.35999998,Bajo
10.573,68.0,0.0,0.8049845,Bajo
12.373,58.0,0.0,0.8049845,Bajo
13.422999,54.0,0.0,0.35999998,Bajo
13.922999,53.0,0.0,2.9024127,Bajo
14.172999,52.0,0.0,2.1897945,Bajo
14.172999,53.0,0.0,3.219938,Bajo
13.823,53.0,0.0,5.154415,Bajo
12.573,62.0,0.0,6.1305785,Bajo
10.922999,70.0,0.0,8.39657,Bajo
9.773,81.0,0.0,7.491114,Bajo
8.873,86.0,0.0,4.8433046,Bajo
7.9729996,90.0,0.0,3.8773184,Bajo
7.273,93.0,0.0,3.9763298,Bajo
6.4729996,96.0,0.0,3.319036,Bajo
5.773,98.0,0.0,2.4149535,Bajo
5.073,98.0,0.0,2.52,Bajo
4.623,100.0,0.0,1.609969,Bajo
4.223,100.0,0.0,1.484318,Bajo
3.773,99.0,0.0,2.3051248,Bajo
2.873,100.0,0.0,3.4152596,Bajo
2.573,99.0,0.0,4.1046314,Bajo
4.073,95.0,0.0,4.3349743,Bajo
7.6730003,84.0,0.0,8.759178,Bajo
10.723,71.0,0.0,14.081478,Moderado
12.573,62.0,0.0,17.873556,Moderado
13.672999,54.0,0.0,19.770523,Moderado
14.172999,50.0,0.0,21.479666,Alto
14.223,48.0,0.0,20.870687,Alto
13.773,49.0,0.0,20.345573,Alto
13.172999,52.0,0.0,19.13426,Moderado
12.323,55.0,0.0,16.808569,Moderado
11.123,60.0,0.0,12.287555,Moderado
9.123,70.0,0.0,7.5942073,Bajo
7.823,77.0,0.0,7.5942073,Bajo
6.7229996,84.0,0.0,6.0347,Bajo
5.9230003,88.0,0.0,4.3498964,Bajo
5.4729996,89.0,0.0,2.9024127,Bajo
5.4230003,88.0,0.0,1.2979984,Bajo
5.273,88.0,0.0,1.609969,Bajo
4.623,95.0,0.0,4.5820518,Bajo
5.323,92.0,0.1,5.8603754,Bajo
5.773,93.0,0.8,6.489992,Bajo
6.373,91.0,0.9,8.699793,Bajo
6.573,93.0,1.2,11.298495,Bajo
6.7229996,95.0,0.8,14.372974,Bajo
7.323,97.0,0.8,13.708391,Bajo
8.323,97.0,1.3,15.484185,Bajo
8.873,96.0,1.1,15.124284,Bajo
9.623,95.0,0.4,9.9571085,Bajo
10.422999,94.0,0.2,4.6938257,Bajo
11.123,93.0,0.3,1.835647,Bajo
11.172999,92.0,0.0,0.8049845,Bajo
11.373,92.0,0.3,3.6179552,Bajo
12.672999,85.0,0.0,7.5942082,Bajo
13.172999,85.0,0.0,4.32,Bajo
12.723,89.0,0.0,2.2768397,Bajo
12.323,89.0,0.0,5.6233797,Bajo
13.273,76.0,0.0,18.39878,Moderado
12.873,77.0,0.0,20.188908,Moderado
12.773,78.0,0.0,19.966211,Moderado
12.323,80.0,0.0,18.218275,Moderado
12.273,81.0,0.0,17.873554,Moderado
11.573,85.0,0.0,13.854155,Moderado
11.422999,83.0,0.0,12.758432,Moderado
10.823,86.0,0.0,10.829959,Bajo
10.373,87.0,0.0,11.165805,Bajo
9.823,90.0,0.0,11.113451,Bajo
9.473,90.0,0.0,11.91812,Bajo
9.273,91.0,0.0,11.923557,Bajo
10.023,89.0,0.0,11.91812,Bajo
11.373,84.0,0.0,14.934577,Moderado
12.623,69.0,0.0,19.134262,Moderado
13.172999,60.0,0.0,22.19773,Alto
13.373,58.0,0.0,23.469128,Alto
12.172999,63.0,0.0,20.418695,Moderado
13.573,56.0,0.0,22.884789,Alto
13.422999,57.0,0.0,24.975283,Alto
12.172999,66.0,0.3,23.023119,Moderado
10.473,72.0,0.9,19.70815,Moderado
9.672999,70.0,0.1,19.130875,Moderado
8.873,66.0,0.0,18.671474,Moderado
8.823,69.0,0.0,23.263912,Alto
8.723,72.0,0.0,25.729298,Alto
8.523,71.0,0.0,25.277023,Alto
8.323,73.0,0.0,25.764534,Alto
8.023,74.0,0.0,26.661882,Alto
7.573,73.0,0.0,29.239891,Alto
7.373,71.0,0.0,26.795223,Alto
7.123,72.0,0.0,26.319422,Alto
6.9230003,72.0,0.0,25.562534,Alto
6.7229996,70.0,0.0,26.28986,Alto
6.273,68.0,0.0,26.400545,Alto
5.823,66.0,0.0,25.651104,Alto
6.4729996,65.0,0.0,21.485697,Moderado
7.2229996,65.0,0.0,22.461807,Moderado
8.323,58.0,0.0,22.366402,Alto
9.073,53.0,0.0,22.68,Alto
9.623,48.0,0.0,22.319998,Alto
10.023,49.0,0.0,21.626984,Alto
10.323,48.0,0.0,21.542923,Alto
9.723,55.0,0.0,19.255793,Moderado
9.123,60.0,0.1,18.86139,Moderado
8.823,61.0,0.0,14.007655,Moderado
7.7229996,75.0,1.1,12.475961,Bajo
7.2229996,82.0,1.9,7.9036193,Bajo
6.773,90.0,1.2,4.1046314,Bajo
6.523,91.0,0.6,7.9526596,Bajo
6.523,94.0,0.3,6.849467,Bajo
6.773,94.0,0.1,3.0758414,Bajo
6.773,94.0,0.0,3.96,Bajo
6.9230003,94.0,0.0,2.1897945,Bajo
6.573,95.0,0.0,3.6,Bajo
7.023,94.0,0.0,2.5455842,Bajo
7.9729996,92.0,0.3,2.8116899,Bajo
8.823,90.0,0.4,5.7599998,Bajo
9.973,86.0,0.3,9.605998,Bajo
10.273,84.0,0.4,12.015589,Bajo
10.873,81.0,0.3,8.905908,Bajo
11.323,80.0,0.3,12.599999,Bajo
12.023,75.0,0.2,21.129885,Moderado
12.573,69.0,0.2,32.409996,Alto
11.473,62.0,0.0,36.233242,Muy alto
11.473,60.0,0.0,34.177254,Muy alto
11.373,53.0,0.0,37.63679,Muy alto
10.922999,50.0,0.0,41.556225,Muy alto
9.773,51.0,0.0,43.619465,Muy alto
8.473,54.0,0.0,44.36187,Muy alto
7.323,59.0,0.0,45.34571,Muy alto
6.4729996,62.0,0.0,43.274933,Muy alto
6.2229996,68.0,0.0,50.045174,Muy alto
5.873,70.0,0.0,47.966537,Muy alto
5.7229996,72.0,0.0,47.33007,Muy alto
5.4729996,73.0,0.0,46.97827,Muy alto
5.273,73.0,0.0,44.274147,Muy alto
5.023,73.0,0.0,43.50194,Muy alto
4.9729996,73.0,0.0,34.03476,Alto
4.6730003,75.0,0.0,31.722921,Alto
4.4230003,74.0,0.0,28.981676,Alto
4.123,74.0,0.0,26.727423,Alto
3.773,75.0,0.0,26.168804,Alto
3.573,76.0,0.0,25.984917,Alto
4.373,77.0,0.0,29.951483,Alto
5.323,73.0,0.0,32.736256,Alto
6.4230003,67.0,0.0,32.04202,Alto
7.073,64.0,0.0,30.903435,Alto
7.523,57.0,0.0,31.910301,Alto
7.4729996,51.0,0.0,34.50746,Muy alto
6.773,50.0,0.0,37.346416,Muy alto
6.273,47.0,0.0,37.10795,Muy alto
5.6730003,48.0,0.0,35.64182,Muy alto
4.773,49.0,0.0,33.497414,Muy alto
3.623,53.0,0.0,30.216421,Alto
2.673,61.0,0.0,25.721743,Alto
1.773,72.0,0.0,22.366402,Moderado
1.123,80.0,0.0,20.364674,Moderado
0.823,82.0,0.0,20.674158,Moderado
0.773,80.0,0.0,20.188908,Moderado
0.623,80.0,0.0,19.083395,Moderado
0.423,81.0,0.0,18.014393,Moderado
0.373,84.0,0.0,18.888851,Moderado
0.573,84.0,0.0,18.228943,Moderado
0.823,84.0,0.0,18.448023,Moderado
1.023,86.0,0.0,18.775301,Moderado
0.823,89.0,0.0,18.089775,Moderado
0.623,92.0,0.0,17.414476,Moderado
1.123,92.0,0.0,13.708391,Bajo
3.623,80.0,0.0,17.518356,Moderado
6.023,65.0,0.0,23.675303,Alto
7.123,54.0,0.0,26.980793,Alto
7.6730003,51.0,0.0,28.006058,Alto
7.823,50.0,0.0,28.930204,Alto
7.373,48.0,0.0,27.792374,Alto
7.2229996,48.0,0.0,28.58545,Alto
6.9230003,50.0,0.0,28.58545,Alto
6.323,54.0,0.0,27.887802,Alto
5.1730003,61.0,0.0,26.319422,Alto
4.373,62.0,0.0,22.33161,Alto
3.873,79.0,0.0,19.9954,Moderado
4.373,81.0,0.0,22.963936,Moderado
4.9230003,82.0,0.0,25.772078,Moderado
5.1730003,82.0,0.0,27.684914,Alto
5.4230003,82.0,0.0,29.301876,Alto
5.523,80.0,0.0,30.312773,Alto
5.6730003,79.0,0.0,27.766712,Alto
5.9230003,77.0,0.0,30.302078,Alto
5.873,79.0,0.0,31.1374,Alto
5.623,80.0,0.0,31.559088,Alto
5.523,83.0,0.1,29.68636,Alto
5.873,83.0,0.2,28.73242,Moderado
6.323,77.0,0.1,30.009838,Alto
6.573,75.0,0.1,31.452133,Alto
6.4230003,67.0,0.0,36.376038,Muy alto
6.4729996,62.0,0.0,36.50052,Muy alto
6.873,48.0,0.0,37.247387,Muy alto
7.323,44.0,0.0,37.63679,Muy alto
7.6730003,46.0,0.0,36.792282,Muy alto
7.573,47.0,0.0,32.688713,Muy alto
7.373,48.0,0.0,30.035742,Alto
6.7229996,52.0,0.0,26.079508,Alto
5.623,57.0,0.0,21.96,Alto
4.4729996,63.0,0.0,17.651016,Moderado
3.773,67.0,0.0,18.0,Moderado
2.923,72.0,0.0,15.978484,Moderado
2.323,76.0,0.0,14.386494,Moderado
2.823,74.0,0.0,13.979872,Moderado
3.223,73.0,0.0,12.181624,Moderado
3.423,75.0,0.0,7.5942082,Bajo
1.923,84.0,0.0,3.7064266,Bajo
2.1230001,86.0,0.1,2.968636,Bajo
2.473,91.0,0.0,4.6800003,Bajo
3.523,94.0,0.0,7.8954163,Bajo
4.4729996,91.0,0.0,11.753876,Bajo
4.6730003,89.0,0.0,12.984975,Bajo
4.9729996,87.0,0.0,13.004922,Moderado
6.123,82.0,0.0,15.30741,Moderado
7.9729996,73.0,0.0,21.142147,Moderado
9.123,67.0,0.0,26.785547,Alto
9.873,63.0,0.0,28.227304,Alto
9.573,64.0,0.0,30.007679,Alto
10.573,60.0,0.0,30.45566,Alto
10.573,58.0,0.0,32.86861,Alto
10.422999,61.0,0.0,28.856194,Alto
9.623,63.0,0.0,27.459293,Alto
9.073,67.0,0.0,22.180206,Moderado
8.223,65.0,0.0,21.599998,Moderado
7.373,71.0,0.0,17.31746,Moderado
7.073,80.0,0.3,14.386494,Bajo
7.023,82.0,0.2,13.32,Bajo
7.373,77.0,0.0,14.118243,Moderado
7.623,76.0,0.0,14.973577,Moderado
8.023,75.0,0.2,13.896187,Bajo
8.922999,66.0,0.1,20.969807,Moderado
8.623,71.0,0.1,23.166216,Moderado
7.9729996,78.0,0.2,21.94524,Moderado
7.523,80.0,0.0,22.322903,Moderado
6.9230003,80.0,0.0,23.090569,Moderado
6.523,81.0,0.0,23.110205,Moderado
6.773,81.0,0.0,19.829433,Moderado
6.4729996,74.0,0.0,22.3229,Moderado
6.873,67.0,0.0,21.791153,Moderado
7.373,57.0,0.0,21.659918,Alto
8.173,52.0,0.0,21.398056,Alto
8.573,49.0,0.0,20.696085,Alto
8.173,48.0,0.0,21.485697,Alto
8.023,46.0,0.0,19.917469,Alto
7.573,47.0,0.0,19.164719,Moderado
6.6730003,50.0,0.0,18.888851,Moderado
5.523,56.0,0.0,16.039202,Moderado
4.4729996,62.0,0.0,11.901798,Moderado
3.423,70.0,0.0,10.464798,Moderado
2.373,76.0,0.0,9.605998,Bajo
1.523,80.0,0.0,10.137692,Bajo
1.073,82.0,0.0,10.931203,Bajo
0.573,87.0,0.0,11.620809,Bajo
0.473,89.0,0.0,12.661564,Bajo
0.122999996,91.0,0.0,13.202726,Bajo
0.122999996,92.0,0.0,14.205182,Moderado
0.073,91.0,0.0,14.618837,Moderado
-0.02700001,90.0,0.0,15.03835,Moderado
0.023000002,90.0,0.0,14.759999,Moderado
-0.17699999,90.0,0.0,13.5515,Bajo
0.073,90.0,0.0,12.181625,Bajo
2.023,80.0,0.0,14.118243,Moderado
3.923,67.0,0.0,19.652176,Moderado
5.4230003,55.0,0.0,18.692286,Moderado
6.2229996,53.0,0.0,17.238699,Moderado
6.523,52.0,0.0,19.406637,Moderado
6.373,55.0,0.0,19.346441,Moderado
6.773,56.0,0.0,23.219301,Alto
5.873,62.0,0.1,21.479666,Moderado
5.6730003,61.0,0.1,19.839235,Moderado
4.773,71.0,1.0,20.240198,Moderado
3.573,84.0,1.0,12.313894,Bajo
3.523,77.0,0.0,21.746504,Moderado
2.723,76.0,0.0,23.110207,Moderado
2.023,72.0,0.0,22.751316,Moderado
1.323,75.0,0.0,21.38897,Moderado
0.973,79.0,0.0,20.12461,Moderado
0.773,81.0,0.0,17.298738,Moderado
-0.227,88.0,0.0,13.708391,Moderado
-0.427,90.0,0.0,10.594036,Bajo
-0.427,93.0,0.0,9.726665,Bajo
-0.277,94.0,0.0,9.531505,Bajo
-0.17699999,94.0,0.0,10.239453,Bajo
-0.227,94.0,0.0,9.779817,Bajo
0.623,86.0,0.0,16.563911,Moderado
2.873,76.0,0.0,18.72,Moderado
5.4230003,67.0,0.0,24.216522,Alto
7.373,61.0,0.0,31.433586,Alto
8.422999,54.0,0.0,33.497414,Muy alto
8.123,50.0,0.0,33.927967,Muy alto
8.023,47.0,0.0,32.23357,Muy alto
7.773,49.0,0.0,26.999998,Alto
7.6730003,51.0,0.0,24.569832,Alto
6.7229996,61.0,0.0,24.162945,Alto
5.773,70.0,0.0,14.84318,Moderado
5.123,75.0,0.0,12.783802,Moderado
5.073,78.0,0.2,13.830749,Bajo
4.9729996,84.0,0.1,11.183201,Bajo
5.1730003,83.0,0.0,14.57889,Moderado
5.823,86.0,0.1,18.391737,Moderado
6.4230003,86.0,0.2,22.065973,Moderado
6.823,86.0,0.2,22.97522,Moderado
6.623,83.0,0.2,26.14403,Moderado
6.773,84.0,0.2,24.985659,Moderado
6.7229996,84.0,0.1,23.47741,Moderado
6.623,86.0,0.2,21.889065,Moderado
6.623,87.0,0.1,20.696087,Moderado
6.823,85.0,0.1,20.111729,Moderado
6.9230003,78.0,0.1,17.10284,Moderado
7.873,74.0,0.0,19.862083,Moderado
9.073,69.0,0.0,20.633371,Moderado
10.223,65.0,0.0,24.967497,Alto
11.672999,63.0,0.0,30.676142,Alto
11.323,68.0,0.2,31.178993,Alto
10.422999,72.0,0.2,30.05515,Moderado
10.172999,78.0,1.1,29.598919,Moderado
10.073,77.0,1.5,30.652895,Moderado
10.373,74.0,0.7,31.178993,Moderado
10.422999,75.0,0.4,32.25166,Alto
10.172999,76.0,0.3,29.574827,Moderado
10.373,78.0,0.3,28.373846,Moderado
10.373,80.0,0.4,28.876396,Moderado
10.323,79.0,0.3,28.165257,Moderado
10.273,80.0,0.1,27.36947,Alto
10.323,77.0,0.1,26.785547,Alto
10.073,80.0,0.1,22.90743,Moderado
9.373,85.0,0.6,16.946787,Bajo
8.773,83.0,0.1,15.893093,Moderado
8.223,83.0,0.1,15.328561,Moderado
7.4729996,76.0,0.1,17.731598,Moderado
6.573,75.0,0.0,11.27553,Moderado
5.523,85.0,0.0,8.311245,Bajo
5.273,90.0,0.6,13.627795,Bajo
5.9729996,83.0,0.1,16.09969,Moderado
6.623,71.0,0.1,21.9718,Moderado
6.9230003,65.0,0.1,24.798225,Alto
7.323,62.0,0.0,25.223133,Alto
7.823,57.0,0.0,27.397867,Alto
7.273,52.0,0.0,33.11413,Muy alto
6.573,48.0,0.0,30.574575,Alto
5.773,50.0,0.0,28.387545,Alto
4.773,55.0,0.0,25.153671,Alto
3.673,61.0,0.0,23.14103,Alto
2.823,67.0,0.0,20.880001,Moderado
2.1729999,71.0,0.0,21.26744,Moderado
1.723,74.0,0.0,18.94024,Moderado
1.373,75.0,0.0,15.827721,Moderado
0.923,78.0,0.0,11.923557,Moderado
0.673,80.0,0.0,10.514218,Bajo
0.823,80.0,0.0,9.673221,Bajo
0.923,84.0,0.0,8.654986,Bajo
1.223,87.0,0.0,12.904882,Bajo
2.223,83.0,0.0,16.575644,Moderado
2.573,78.0,0.0,17.974781,Moderado
3.223,75.0,0.0,20.316889,Moderado
3.673,71.0,0.0,24.20314,Alto
3.873,64.0,0.0,26.121714,Alto
4.823,59.0,0.0,28.185955,Alto
6.023,53.0,0.0,30.007679,Alto
6.6730003,53.0,0.1,31.255795,Alto
6.623,57.0,0.2,29.88217,Alto
6.2229996,65.0,0.6,33.61714,Alto
7.4230003,58.0,0.3,28.58545,Moderado
6.823,72.0,0.3,24.962307,Moderado
5.373,77.0,1.1,22.505037,Moderado
4.823,64.0,0.0,14.205182,Moderado
4.073,69.0,0.0,14.05845,Moderado
3.023,77.0,0.0,10.630672,Bajo
2.673,82.0,0.0,8.427383,Bajo
2.023,87.0,0.0,10.137692,Bajo
1.473,92.0,0.2,10.931203,Bajo
1.273,92.0,0.2,15.315873,Bajo
1.523,86.0,0.0,20.774214,Moderado
1.323,80.0,0.0,22.366402,Moderado
0.773,81.0,0.0,24.881702,Moderado
0.623,80.0,0.0,23.0653,Moderado
0.323,81.0,0.0,20.633371,Moderado
0.073,82.0,0.0,18.175545,Moderado
-0.17699999,83.0,0.0,16.039202,Moderado
-0.477,85.0,0.0,14.759999,Moderado
-0.37699997,88.0,0.0,14.154915,Moderado
0.673,85.0,0.0,13.32,Moderado
2.523,75.0,0.0,14.759999,Moderado
4.323,61.0,0.0,16.676977,Moderado
4.9230003,57.0,0.2,17.414474,Moderado
5.6730003,50.0,0.1,19.966211,Alto
5.9729996,45.0,0.0,24.269983,Alto
5.6730003,44.0,0.0,25.516865,Alto
4.9230003,48.0,0.0,24.884306,Alto
4.073,53.0,0.0,21.746504,Alto
2.873,62.0,0.0,19.09358,Moderado
2.223,67.0,0.0,16.418526,Moderado
1.323,75.0,0.0,19.592731,Moderado
1.173,81.0,0.0,19.191748,Moderado
1.373,82.0,0.0,18.455048,Moderado
1.473,82.0,0.0,15.509274,Moderado
1.573,85.0,0.0,12.72283,Moderado
1.873,89.0,0.0,11.592895,Bajo
2.423,86.0,0.0,13.854155,Moderado
2.573,88.0,0.0,17.811815,Moderado
2.673,89.0,0.0,17.015474,Moderado
2.373,91.0,0.0,15.137133,Moderado
2.223,92.0,0.0,14.77755,Moderado
2.423,90.0,0.0,14.830076,Moderado
2.873,87.0,0.0,14.512064,Moderado
4.4230003,77.0,0.0,15.328561,Moderado
6.523,63.0,0.0,18.057508,Moderado
7.7229996,58.0,0.0,15.778516,Moderado
8.173,53.0,0.0,15.141414,Moderado
8.023,48.0,0.0,16.055355,Moderado
8.422999,45.0,0.0,17.786331,Moderado
8.173,46.0,0.0,18.043148,Moderado
7.523,46.0,0.0,19.011953,Moderado
6.4729996,54.0,0.0,18.25026,Moderado
5.073,59.0,0.0,16.039202,Moderado
3.823,68.0,0.0,13.849476,Moderado
3.073,71.0,0.0,13.684735,Moderado
2.323,76.0,0.0,12.979984,Moderado
2.1230001,79.0,0.0,12.599999,Moderado
2.023,80.0,0.0,13.339445,Moderado
2.473,79.0,0.0,15.496736,Moderado
2.873,75.0,0.0,15.856356,Moderado
2.773,80.0,0.0,15.683776,Moderado
3.123,80.0,0.0,15.281989,Moderado
3.373,80.0,0.0,15.596767,Moderado
3.523,83.0,0.0,15.141414,Moderado
3.823,84.0,0.0,14.587776,Moderado
4.1730003,86.0,0.0,13.910169,Moderado
4.073,85.0,0.0,11.525623,Bajo
5.6730003,77.0,0.0,12.783802,Moderado
7.373,69.0,0.0,15.546833,Moderado
8.823,65.0,0.0,20.188908,Moderado
9.623,62.0,0.0,23.863409,Alto
9.873,60.0,0.0,25.045238,Alto
10.623,58.0,0.0,23.933908,Alto
10.273,61.0,0.0,23.157824,Alto
9.823,65.0,0.0,23.319553,Alto
8.873,70.0,0.0,22.461807,Moderado
7.9729996,75.0,0.0,23.110207,Moderado
7.373,77.0,0.0,22.725668,Moderado
6.4729996,75.0,0.0,22.319998,Moderado
6.323,78.0,0.0,20.957443,Moderado
6.073,79.0,0.0,18.089775,Moderado
5.6730003,81.0,0.0,15.986595,Moderado
5.373,84.0,0.0,14.759999,Moderado
5.273,86.0,0.0,14.494192,Moderado
4.873,85.0,0.0,14.934577,Moderado
5.2229996,84.0,0.0,15.281989,Moderado
5.4230003,82.0,0.0,15.725037,Moderado
5.523,83.0,0.0,16.862455,Moderado
5.6730003,83.0,0.0,17.902534,Moderado
5.6730003,84.0,0.0,17.654686,Moderado
4.773,85.0,0.0,18.25026,Moderado
6.2229996,80.0,0.0,20.696085,Moderado
8.073,69.0,0.0,25.241108,Alto
8.973,62.0,0.0,30.018473,Alto
9.023,59.0,0.0,32.24161,Alto
9.123,57.0,0.0,33.04361,Alto
9.723,53.0,0.0,36.102455,Muy alto
9.473,58.0,0.0,34.471764,Muy alto
8.323,59.0,0.0,35.80688,Muy alto
7.573,58.0,0.0,31.421213,Alto
7.1730003,64.0,0.0,29.88,Alto
6.523,68.0,0.0,27.059933,Alto
6.373,71.0,0.0,25.812277,Alto
6.4230003,75.0,0.0,24.442911,Moderado
6.4230003,79.0,0.0,24.014996,Moderado
6.9230003,82.0,0.0,24.503809,Moderado
7.073,83.0,0.0,23.266697,Moderado
6.9230003,85.0,0.0,22.668568,Moderado
6.773,85.0,0.0,22.101183,Moderado
6.823,87.0,0.0,19.9954,Moderado
6.773,88.0,0.0,19.201874,Moderado
6.573,90.0,0.0,17.057314,Moderado
6.4230003,91.0,0.0,15.905319,Moderado
6.273,91.0,0.0,15.629972,Moderado
6.4230003,87.0,0.0,16.454008,Moderado
7.773,78.0,0.0,16.700275,Moderado
9.523,63.0,0.0,19.917469,Moderado
10.623,53.0,0.0,22.077717,Alto
11.023,51.0,0.0,21.924562,Alto
11.373,50.0,0.0,20.00512,Alto
11.773,50.0,0.0,21.868332,Alto
11.672999,52.0,0.0,20.393293,Alto
11.223,56.0,0.0,19.011953,Moderado
10.273,61.0,0.0,16.418526,Moderado
8.573,72.0,0.0,11.901798,Moderado
7.2229996,82.0,0.0,9.6932955,Bajo
6.2229996,87.0,0.0,11.165805,Bajo
5.873,89.0,0.0,12.43434,Bajo
5.773,90.0,0.0,12.979984,Bajo
6.123,89.0,0.0,12.979984,Bajo
6.4729996,90.0,0.0,13.32,Moderado
6.7229996,90.0,0.0,13.779114,Moderado
5.623,93.0,0.0,10.966713,Bajo
5.6730003,94.0,0.0,10.966713,Bajo
5.9230003,94.0,0.0,11.503113,Bajo
5.9729996,94.0,0.0,10.829958,Bajo
6.023,94.0,0.0,10.787993,Bajo
6.2229996,93.0,0.0,11.298495,Bajo
5.823,93.0,0.0,10.483357,Bajo
6.873,89.0,0.0,13.32,Moderado
8.672999,81.0,0.0,15.379206,Moderado
10.123,74.0,0.0,18.58451,Moderado
10.773,69.0,0.0,22.530937,Moderado
11.123,68.0,0.0,22.963936,Alto
11.323,69.0,0.0,21.915693,Moderado
10.823,73.0,0.1,21.2522,Moderado
10.172999,78.0,0.3,18.861387,Moderado
9.623,81.0,0.1,17.462782,Moderado
9.073,84.0,0.0,16.167967,Moderado
8.873,85.0,0.0,15.034041,Moderado
8.823,78.0,0.0,15.379206,Moderado
8.473,81.0,0.1,16.179985,Moderado
8.023,85.0,0.2,15.978484,Bajo
7.773,87.0,0.1,15.716793,Moderado
7.4729996,89.0,0.3,13.905509,Bajo
7.073,91.0,0.1,11.113451,Bajo
7.373,86.0,0.0,9.19939,Bajo
7.4230003,84.0,0.0,8.854829,Bajo
7.523,84.0,0.2,8.311245,Bajo
7.373,87.0,0.7,9.107359,Bajo
7.373,87.0,0.8,10.30883,Bajo
7.323,83.0,0.2,11.592895,Bajo
7.573,81.0,0.0,9.983106,Bajo
8.473,77.0,0.0,11.298495,Moderado
9.623,75.0,0.0,13.441071,Moderado
10.623,73.0,0.0,14.689589,Moderado
11.172999,71.0,0.0,13.905509,Moderado
11.273,71.0,0.0,15.379206,Moderado
11.323,74.0,0.2,19.137648,Moderado
11.672999,73.0,0.0,20.275385,Moderado
11.823,73.0,0.0,23.664352,Moderado
11.422999,75.0,0.0,23.266697,Moderado
10.823,79.0,0.0,20.721119,Moderado
10.172999,84.0,0.0,17.873556,Moderado
9.973,89.0,0.0,15.328561,Moderado
9.523,91.0,0.0,14.264361,Moderado
9.473,92.0,0.0,13.084402,Bajo
9.273,92.0,0.0,11.183201,Bajo
8.773,93.0,0.0,7.42159,Bajo
8.123,94.0,0.0,5.1919937,Bajo
8.723,95.0,0.0,3.7064266,Bajo
9.023,93.0,0.0,1.8,Bajo
9.422999,92.0,0.1,2.0991426,Bajo
9.422999,94.0,0.4,3.396233,Bajo
9.473,94.0,0.3,2.8116899,Bajo
9.273,94.0,0.0,3.671294,Bajo
8.922999,93.0,0.0,0.8049845,Bajo
9.073,94.0,0.0,4.1046314,Bajo
10.922999,91.0,0.0,2.2768397,Bajo
12.623,84.0,0.0,2.8116899,Bajo
14.223,76.0,0.0,4.73506,Bajo
15.422999,71.0,0.0,9.0645685,Bajo
16.323,64.0,0.0,15.226764,Moderado
16.273,65.0,0.0,14.759999,Moderado
15.823,68.0,0.0,11.384199,Moderado
14.473,74.0,0.0,8.435069,Bajo
11.873,85.0,0.0,6.28713,Bajo
9.672999,92.0,0.0,5.1544156,Bajo
8.073,95.0,0.0,4.39436,Bajo
6.9230003,96.0,0.0,3.8268526,Bajo
5.9729996,98.0,0.0,2.8799999,Bajo
5.323,99.0,0.0,2.1897945,Bajo
5.4729996,100.0,0.0,1.5273507,Bajo
5.6730003,100.0,0.0,1.0182338,Bajo
6.373,100.0,0.0,2.1897945,Bajo
6.273,100.0,0.0,3.7585104,Bajo
6.4230003,99.0,0.0,5.2416787,Bajo
6.2229996,99.0,0.0,6.725354,Bajo
5.773,100.0,0.0,6.5693827,Bajo
4.9230003,100.0,0.0,6.849467,Bajo
4.373,100.0,0.0,6.162207,Bajo
4.523,97.0,0.0,5.7599998,Bajo
7.123,83.0,0.0,5.8603754,Bajo
10.873,70.0,0.0,7.9932976,Bajo
13.422999,62.0,0.0,13.084402,Moderado
14.523,58.0,0.0,15.7908325,Moderado
14.223,61.0,0.0,15.629971,Moderado
13.623,63.0,0.0,12.768586,Moderado
12.922999,71.0,0.0,7.8625183,Bajo
11.723,77.0,0.0,7.172949,Bajo
10.023,83.0,0.0,8.766573,Bajo
9.023,81.0,0.0,10.931203,Bajo
8.073,86.0,0.0,11.304229,Bajo
7.523,89.0,0.0,12.682018,Bajo
7.1730003,92.0,0.0,12.959999,Bajo
7.1730003,90.0,0.0,12.620554,Bajo
7.073,90.0,0.0,12.245294,Bajo
6.823,92.0,0.0,11.159999,Bajo
6.6730003,90.0,0.0,13.084402,Bajo
6.623,89.0,0.0,10.538843,Bajo
6.4230003,91.0,0.0,11.090103,Bajo
6.4729996,92.0,0.0,10.483357,Bajo
6.6730003,92.0,0.0,10.390226,Bajo
6.4729996,93.0,0.0,10.483357,Bajo
6.123,93.0,0.0,11.27553,Bajo
7.1730003,89.0,0.0,12.413476,Bajo
9.023,83.0,0.0,14.689589,Moderado
10.773,77.0,0.0,18.35647,Moderado
11.823,72.0,0.0,20.907913,Moderado
12.422999,68.0,0.0,21.602999,Moderado
12.623,65.0,0.0,22.682856,Alto
12.273,67.0,0.0,21.602999,Moderado
11.573,71.0,0.0,20.674158,Moderado
10.723,76.0,0.0,16.327497,Moderado
9.473,83.0,0.0,13.779114,Moderado
8.373,87.0,0.0,11.119281,Bajo
7.2229996,90.0,0.0,10.587918,Bajo
6.9729996,90.0,0.0,8.209263,Bajo
6.323,92.0,0.0,6.618519,Bajo
6.073,92.0,0.0,5.6233797,Bajo
5.7229996,92.0,0.0,4.829907,Bajo
5.9230003,92.0,0.0,5.315336,Bajo
5.573,93.0,0.0,3.7064266,Bajo
6.373,92.0,0.4,4.896529,Bajo
7.2229996,90.0,0.4,2.968636,Bajo
7.4729996,89.0,0.2,1.2979984,Bajo
6.6730003,93.0,0.0,4.829907,Bajo
5.7229996,97.0,0.0,4.802999,Bajo
5.823,97.0,0.1,5.495161,Bajo
6.373,96.0,0.1,5.991594,Bajo
7.773,91.0,0.0,8.427383,Bajo
8.773,90.0,0.0,9.0645685,Bajo
9.172999,89.0,0.0,8.089993,Bajo
9.473,88.0,0.0,8.225035,Bajo
9.573,88.0,0.0,9.178235,Bajo
9.922999,85.0,0.0,7.289444,Bajo
9.723,86.0,0.0,8.404285,Bajo
9.323,89.0,0.1,7.42159,Bajo
8.773,92.0,0.9,5.3999996,Bajo
8.473,94.0,1.3,5.495161,Bajo
8.223,95.0,1.1,9.178235,Bajo
8.073,93.0,0.3,7.0911775,Bajo
7.9729996,90.0,0.6,6.439876,Bajo
7.273,90.0,2.2,10.1376915,Bajo
6.873,88.0,1.9,12.864649,Bajo
6.4230003,87.0,1.6,10.587918,Bajo
5.023,85.0,2.3,14.48972,Bajo
4.4230003,83.0,2.4,16.75064,Bajo
4.4230003,83.0,1.6,15.9134655,Bajo
4.7229996,80.0,0.8,15.281989,Bajo
4.9230003,79.0,0.4,15.629971,Bajo
5.023,77.0,0.6,17.339897,Bajo
4.9729996,81.0,0.4,14.8257065,Bajo
5.273,77.0,0.0,15.778518,Moderado
5.823,74.0,0.0,16.434305,Moderado
6.523,70.0,0.0,17.208603,Moderado
6.873,61.0,0.0,21.533897,Moderado
6.823,57.0,0.1,22.473343,Alto
6.823,55.0,0.0,21.650938,Alto
6.623,54.0,0.0,22.148046,Alto
5.823,56.0,0.0,22.104116,Alto
4.6730003,59.0,0.0,21.794127,Alto
3.473,63.0,0.0,21.659916,Moderado
2.673,64.0,0.0,21.758419,Moderado
2.273,65.0,0.0,22.253124,Moderado
1.873,67.0,0.0,22.963936,Moderado
1.773,69.0,0.0,22.881956,Moderado
1.773,68.0,0.0,23.313995,Moderado
1.723,68.0,0.0,22.881956,Moderado
1.573,69.0,0.0,22.180206,Moderado
1.673,72.0,0.0,17.106628,Moderado
1.573,73.0,0.0,16.700275,Moderado
1.423,76.0,0.0,15.941944,Moderado
1.473,77.0,0.0,16.343367,Moderado
1.723,73.0,0.0,15.629972,Moderado
1.873,69.0,0.0,16.676977,Moderado
1.823,69.0,0.0,14.332341,Moderado
2.473,67.0,0.0,13.5515,Moderado
3.323,61.0,0.0,13.5515,Moderado
4.273,56.0,0.0,17.418196,Moderado
4.873,54.0,0.0,19.66536,Moderado
4.823,60.0,0.0,21.096123,Moderado
5.4230003,60.0,0.0,22.59699,Alto
5.2229996,62.0,0.0,21.933426,Moderado
5.023,65.0,0.0,21.659916,Moderado
4.573,66.0,0.0,20.056877,Moderado
4.023,70.0,0.0,18.1041,Moderado
3.473,73.0,0.0,16.454008,Moderado
2.873,73.0,0.0,16.23596,Moderado
2.773,78.0,0.0,17.313717,Moderado
2.473,73.0,0.0,16.299694,Moderado
1.973,70.0,0.0,15.158522,Moderado
1.423,71.0,0.0,13.684735,Moderado
1.123,78.0,0.0,14.044615,Moderado
0.873,86.0,0.0,14.332341,Moderado
0.573,80.0,0.0,13.661038,Moderado
0.623,89.0,0.0,14.689589,Moderado
1.173,93.0,0.0,15.542662,Moderado
2.1729999,92.0,0.0,15.192682,Moderado
3.123,89.0,0.0,15.111424,Moderado
3.023,87.0,0.0,13.441071,Moderado
4.123,84.0,0.0,15.273505,Moderado
5.823,76.0,0.0,19.134262,Moderado
7.123,71.0,0.0,24.50381,Alto
7.9230003,68.0,0.0,27.72,Alto
8.173,68.0,0.0,28.808998,Alto
8.973,64.0,0.0,30.962095,Alto
8.623,66.0,0.0,29.899511,Alto
7.9729996,69.0,0.0,27.729347,Alto
7.2229996,72.0,0.0,25.562534,Alto
6.623,75.0,0.0,23.469128,Moderado
6.1730003,79.0,0.0,22.253124,Moderado
6.023,77.0,0.0,22.45315,Moderado
5.873,78.0,0.0,22.805367,Moderado
5.623,78.0,0.0,22.101183,Moderado
5.573,80.0,0.0,21.068459,Moderado
5.4230003,82.0,0.0,20.393293,Moderado
5.373,82.0,0.0,21.194187,Moderado
4.823,83.0,0.0,19.694992,Moderado
4.873,81.0,0.0,19.930477,Moderado
4.823,82.0,0.0,20.056877,Moderado
5.073,82.0,0.0,19.523155,Moderado
5.023,83.0,0.0,19.191748,Moderado
4.9729996,84.0,0.0,19.191748,Moderado
4.623,85.0,0.0,19.66536,Moderado
5.373,77.0,0.0,22.33161,Moderado
6.4729996,68.0,0.0,24.18707,Alto
7.273,68.0,0.0,25.671307,Alto
7.773,67.0,0.0,26.200977,Alto
8.123,67.0,0.0,25.922499,Alto
8.523,68.0,0.0,26.576681,Alto
8.523,71.0,0.0,25.099514,Alto
8.223,74.0,0.0,23.535301,Moderado
7.773,77.0,0.0,20.633371,Moderado
7.323,80.0,0.0,17.731598,Moderado
6.873,83.0,0.0,14.917212,Moderado
5.773,89.0,0.0,8.049845,Bajo
5.4230003,91.0,0.0,5.0911684,Bajo
5.123,93.0,0.2,2.16,Bajo
4.573,92.0,0.3,6.3690495,Bajo
3.873,89.0,0.1,7.145796,Bajo
3.473,91.0,0.1,4.8433046,Bajo
3.573,94.0,0.1,4.6938257,Bajo
3.723,94.0,0.0,4.510787,Bajo
3.723,94.0,0.2,5.1919937,Bajo
3.473,94.0,0.1,5.0911684,Bajo
3.073,94.0,0.1,4.39436,Bajo
2.673,95.0,0.0,3.0547013,Bajo
2.473,97.0,0.0,3.219938,Bajo
2.773,95.0,0.1,2.4149535,Bajo
3.223,92.0,0.0,2.2768397,Bajo
4.273,87.0,0.0,4.3349743,Bajo
5.323,83.0,0.0,7.2,Bajo
6.9230003,80.0,0.0,6.4799995,Bajo
7.4729996,83.0,0.0,7.5685663,Bajo
7.7229996,83.0,0.2,8.854829,Bajo
7.7229996,83.0,0.1,9.693296,Bajo
7.4230003,84.0,0.0,10.685391,Bajo
6.9230003,85.0,0.1,11.4862,Bajo
6.523,86.0,0.1,11.384198,Bajo
6.123,87.0,0.0,11.720751,Bajo
6.123,86.0,0.0,13.246826,Moderado
6.073,86.0,0.0,14.799459,Moderado
6.2229996,84.0,0.0,16.870138,Moderado
6.073,84.0,0.3,17.654688,Bajo
6.1730003,83.0,0.4,17.610588,Bajo
5.9230003,82.0,0.0,16.039202,Moderado
6.023,81.0,0.0,17.377226,Moderado
6.023,82.0,0.0,17.49615,Moderado
5.9230003,82.0,0.0,16.199999,Moderado
5.7229996,83.0,0.0,14.565548,Moderado
5.573,82.0,0.0,14.021525,Moderado
5.523,82.0,0.0,11.212135,Bajo
5.9230003,82.0,0.0,10.703569,Bajo
6.773,79.0,0.0,10.233123,Bajo
7.773,76.0,0.0,9.673221,Bajo
8.523,70.0,0.0,10.44,Moderado
9.023,67.0,0.0,8.404285,Bajo
9.023,70.0,0.0,7.10031,Bajo
9.023,70.0,0.0,4.73506,Bajo
8.773,75.0,0.0,6.792466,Bajo
7.7229996,81.0,0.0,7.172949,Bajo
6.523,87.0,0.0,8.557102,Bajo
5.523,90.0,0.0,7.9932976,Bajo
4.4230003,95.0,0.0,7.69592,Bajo
4.4729996,96.0,0.0,8.557102,Bajo
4.7229996,96.0,0.0,8.557102,Bajo
4.773,97.0,0.1,9.021574,Bajo
4.823,97.0,0.3,9.028754,Bajo
4.873,96.0,0.9,8.311245,Bajo
4.823,96.0,0.7,8.854829,Bajo
4.873,96.0,0.2,7.4128532,Bajo
4.873,96.0,0.0,4.829907,Bajo
4.7229996,97.0,0.1,2.3051248,Bajo
4.6730003,97.0,0.0,2.16,Bajo
4.4729996,98.0,0.1,4.379589,Bajo
4.023,97.0,0.0,6.130579,Bajo
4.223,95.0,0.0,9.0645685,Bajo
5.023,87.0,0.0,11.885453,Bajo
6.2229996,76.0,0.0,15.937878,Moderado
7.2229996,70.0,0.0,14.685176,Moderado
8.023,69.0,0.0,11.252519,Moderado
8.623,66.0,0.0,11.901798,Moderado
8.723,67.0,0.0,11.720751,Moderado
8.473,68.0,0.0,11.090103,Moderado
7.2229996,73.0,0.0,7.729527,Bajo
5.573,81.0,0.0,3.8939953,Bajo
4.573,88.0,0.0,6.9527545,Bajo
3.523,82.0,0.1,23.4,Moderado
0.973,98.0,2.5,11.928989,Bajo
1.623,92.0,0.2,5.3999996,Bajo
1.473,93.0,0.0,7.24486,Bajo
1.073,93.0,0.0,6.9527545,Bajo
0.923,90.0,0.0,8.209263,Bajo
0.723,91.0,0.0,9.346143,Bajo
0.473,88.0,0.0,9.449572,Bajo
-0.02700001,86.0,0.0,10.739833,Bajo
-0.227,87.0,0.0,11.252519,Bajo
-0.32700002,88.0,0.0,9.885262,Bajo
-0.32700002,88.0,0.0,10.661107,Bajo
-0.02700001,89.0,0.0,13.722565,Moderado
0.423,93.0,0.1,14.113653,Bajo
1.123,94.0,0.2,13.324863,Bajo
2.1729999,90.0,0.1,13.684735,Moderado
3.323,85.0,0.0,13.556282,Moderado
4.9230003,76.0,0.0,14.118243,Moderado
6.023,66.0,0.0,15.072783,Moderado
5.823,65.0,0.3,13.608762,Bajo
4.773,67.0,0.6,15.94601,Bajo
3.323,66.0,0.1,17.068707,Moderado
1.823,69.0,0.1,15.315873,Moderado
0.923,71.0,0.0,15.937878,Moderado
0.423,72.0,0.0,16.071491,Moderado
-0.02700001,73.0,0.0,15.484185,Moderado
-0.277,83.0,0.0,15.111424,Moderado
-0.227,83.0,0.0,16.516901,Moderado
0.073,87.0,0.0,15.716793,Moderado
0.723,89.0,0.0,15.315873,Moderado
0.723,88.0,0.0,12.413477,Bajo
1.123,90.0,0.0,11.090103,Bajo
1.123,92.0,0.1,9.957108,Bajo
1.223,93.0,0.2,9.686609,Bajo
1.823,93.0,0.2,11.4862,Bajo
2.623,91.0,0.1,14.182355,Moderado
2.773,91.0,0.1,19.694992,Moderado
3.973,91.0,0.0,19.694992,Moderado
5.273,83.0,0.0,23.576563,Moderado
6.273,75.0,0.0,24.251284,Moderado
5.823,66.0,0.1,28.08923,Alto
5.9729996,64.0,0.0,27.722336,Alto
6.2229996,65.0,0.0,28.266306,Alto
5.2229996,73.0,0.3,28.241076,Moderado
4.523,73.0,0.1,28.174456,Alto
3.723,77.0,0.0,27.067116,Alto
3.373,79.0,0.0,27.343414,Alto
3.123,79.0,0.0,27.009598,Alto
3.273,79.0,0.0,27.36947,Alto
2.973,82.0,0.0,30.676142,Alto
2.573,77.0,0.0,35.230373,Alto
2.073,77.0,0.0,34.94968,Alto
1.773,71.0,0.0,32.058193,Alto
1.673,68.0,0.0,29.723444,Alto
1.323,77.0,0.0,24.850431,Moderado
1.123,79.0,0.0,23.14103,Moderado
1.073,82.0,0.0,22.104116,Moderado
0.923,84.0,0.0,21.077686,Moderado
0.823,87.0,0.0,17.727943,Moderado
0.673,90.0,0.0,14.118243,Moderado
1.123,90.0,0.0,13.237039,Bajo
1.373,89.0,0.0,9.983106,Bajo
2.873,84.0,0.0,9.504273,Bajo
4.523,77.0,0.0,15.463244,Moderado
4.9729996,75.0,0.4,13.202726,Bajo
4.823,80.0,0.5,13.570615,Bajo
4.9729996,81.0,0.7,16.965895,Bajo
5.023,78.0,0.4,18.289274,Bajo
4.623,80.0,0.3,16.62249,Bajo
4.023,82.0,0.1,12.964998,Moderado
2.873,89.0,0.0,8.311245,Bajo
1.823,93.0,0.0,6.12,Bajo
1.023,97.0,0.0,4.0249224,Bajo
0.423,98.0,0.0,2.2768397,Bajo
0.122999996,100.0,0.0,2.0991426,Bajo
-0.07699999,100.0,0.0,1.9386592,Bajo
-0.227,100.0,0.0,2.9024127,Bajo
-0.227,98.0,0.1,2.4149535,Bajo
-0.627,97.0,0.2,2.0364676,Bajo
-0.277,94.0,0.2,0.8049845,Bajo
-0.07699999,93.0,0.1,1.08,Bajo
-0.127,92.0,0.1,1.2979984,Bajo
-0.477,93.0,0.1,1.835647,Bajo
-1.327,96.0,0.0,2.968636,Bajo
-1.527,95.0,0.0,2.9024127,Bajo
-1.727,96.0,0.0,2.9024127,Bajo
-0.77699995,94.0,0.0,2.7416782,Bajo
1.123,89.0,0.0,2.2768397,Bajo
2.1729999,85.0,0.0,2.2768397,Bajo
3.273,77.0,0.0,3.319036,Bajo
4.023,72.0,0.0,4.2136917,Bajo
4.1730003,70.0,0.0,4.510787,Bajo
3.923,71.0,0.0,4.452954,Bajo
2.573,81.0,0.0,3.5455887,Bajo
1.223,87.0,0.0,3.396233,Bajo
0.273,93.0,0.0,3.8939953,Bajo
-0.677,96.0,0.0,3.396233,Bajo
-1.377,98.0,0.0,2.7416782,Bajo
-2.027,100.0,0.0,2.7416782,Bajo
-2.277,100.0,0.0,3.319036,Bajo
-2.377,99.0,0.0,3.96,Bajo
-2.827,100.0,0.0,3.96,Bajo
-2.677,100.0,0.0,3.219938,Bajo
-3.027,100.0,0.0,2.8116899,Bajo
-3.127,99.0,0.0,2.5455842,Bajo
-3.427,100.0,0.0,3.319036,Bajo
-3.577,99.0,0.0,3.319036,Bajo
-3.677,99.0,0.0,3.6,Bajo
-3.277,100.0,0.0,3.319036,Bajo
-3.577,100.0,0.0,2.7416782,Bajo
-2.677,100.0,0.0,2.4149535,Bajo
-0.527,92.0,0.0,3.0758414,Bajo
2.023,78.0,0.0,4.0249224,Bajo
3.423,70.0,0.0,5.0142193,Bajo
4.573,64.0,0.0,5.8048253,Bajo
4.823,64.0,0.0,6.763786,Bajo
4.573,65.0,0.0,7.10031,Bajo
3.423,75.0,0.0,5.1919937,Bajo
2.1230001,80.0,0.0,5.6233797,Bajo
1.173,82.0,0.0,6.1305785,Bajo
0.623,83.0,0.0,5.495161,Bajo
0.373,85.0,0.0,5.315336,Bajo
0.223,86.0,0.0,4.6938257,Bajo
0.073,88.0,0.0,4.452954,Bajo
0.023000002,90.0,0.0,4.896529,Bajo
0.073,91.0,0.0,5.2416787,Bajo
-0.477,94.0,0.0,5.771239,Bajo
-0.92700005,95.0,0.0,5.4119864,Bajo
-1.277,97.0,0.0,4.6938252,Bajo
-1.677,98.0,0.0,4.32,Bajo
-1.8269999,99.0,0.0,4.68,Bajo
-1.777,99.0,0.0,4.68,Bajo
-2.277,99.0,0.0,4.6938252,Bajo
-1.527,98.0,0.0,5.04,Bajo
-0.127,93.0,0.0,5.4477882,Bajo
1.573,85.0,0.0,6.924738,Bajo
2.773,82.0,0.0,7.9932976,Bajo
3.723,79.0,0.0,9.255571,Bajo
4.7229996,74.0,0.0,9.793058,Bajo
4.873,73.0,0.0,8.905908,Bajo
4.4729996,77.0,0.0,7.342588,Bajo
2.823,85.0,0.0,6.12,Bajo
1.473,89.0,0.0,5.771239,Bajo
0.573,92.0,0.0,5.506941,Bajo
-0.127,94.0,0.0,5.6920996,Bajo
-0.677,96.0,0.0,5.4833565,Bajo
-0.877,96.0,0.0,5.1544156,Bajo
-0.877,97.0,0.0,5.4477882,Bajo
-0.727,98.0,0.0,6.28713,Bajo
-0.32700002,96.0,0.0,7.42159,Bajo
-0.577,95.0,0.0,7.42159,Bajo
-0.427,93.0,0.0,7.8625183,Bajo
-0.227,93.0,0.0,8.557102,Bajo
0.373,92.0,0.0,9.178235,Bajo
1.023,90.0,0.0,10.308831,Bajo
1.273,91.0,0.0,10.661107,Bajo
1.073,93.0,0.0,11.720751,Bajo
1.373,93.0,0.0,12.144331,Bajo
2.223,93.0,0.0,13.276144,Bajo
3.423,90.0,0.0,15.815435,Moderado
4.623,87.0,0.0,17.518356,Moderado
5.623,83.0,0.0,19.959719,Moderado
6.1730003,82.0,0.0,17.873556,Moderado
6.073,82.0,0.0,16.946787,Moderado
5.573,84.0,0.0,16.418526,Moderado
4.273,90.0,0.0,14.241629,Moderado
3.273,93.0,0.0,12.224107,Bajo
3.073,93.0,0.0,9.6932955,Bajo
2.573,93.0,0.0,8.311245,Bajo
2.073,94.0,0.0,7.172949,Bajo
1.723,95.0,0.0,6.379216,Bajo
1.273,96.0,0.0,5.00128,Bajo
0.823,96.0,0.0,6.162207,Bajo
0.823,96.0,0.0,3.6179552,Bajo
0.423,96.0,0.0,4.0249224,Bajo
0.373,95.0,0.0,3.4152596,Bajo
0.423,95.0,0.0,2.7416782,Bajo
0.573,94.0,0.0,1.0182338,Bajo
0.723,94.0,0.0,2.0364676,Bajo
0.122999996,96.0,0.0,3.671294,Bajo
-0.37699997,99.0,0.1,3.6,Bajo
-0.17699999,98.0,0.1,4.1046314,Bajo
0.773,97.0,0.4,3.096837,Bajo
1.373,97.0,0.8,4.452954,Bajo
1.823,96.0,0.8,5.2416787,Bajo
2.073,96.0,0.7,5.2416787,Bajo
2.623,96.0,0.7,5.3999996,Bajo
3.073,95.0,0.3,6.3690495,Bajo
2.923,95.0,0.2,5.634891,Bajo
2.1230001,96.0,0.2,5.04,Bajo
1.773,96.0,0.4,5.3517847,Bajo
1.673,96.0,0.8,6.28713,Bajo
2.1729999,97.0,0.8,5.154415,Bajo
2.1729999,97.0,1.3,5.1919937,Bajo
2.273,97.0,1.4,5.692099,Bajo
2.423,96.0,1.1,6.297428,Bajo
2.373,95.0,0.9,7.729527,Bajo
2.373,95.0,0.6,8.699793,Bajo
2.223,95.0,0.6,8.905908,Bajo
2.1230001,95.0,1.1,8.669949,Bajo
2.073,94.0,1.1,8.473393,Bajo
2.1230001,94.0,0.8,8.089993,Bajo
2.273,93.0,0.6,6.297428,Bajo
2.1729999,92.0,0.2,5.3517847,Bajo
2.1230001,93.0,0.1,4.6938257,Bajo
2.423,90.0,0.2,5.904439,Bajo
3.173,85.0,0.1,7.386582,Bajo
4.1730003,80.0,0.1,9.957108,Bajo
4.623,74.0,0.1,12.24,Moderado
4.773,69.0,0.1,13.779114,Moderado
4.573,69.0,0.0,13.37825,Moderado
4.4729996,67.0,0.0,12.72283,Moderado
4.123,67.0,0.0,11.4862,Moderado
3.223,73.0,0.0,8.913181,Bajo
2.673,74.0,0.0,7.9932966,Bajo
2.023,76.0,0.0,7.9036193,Bajo
1.373,82.0,0.0,7.172949,Bajo
0.873,83.0,0.0,6.9899354,Bajo
0.673,85.0,0.0,6.9899354,Bajo
0.473,84.0,0.0,7.6367526,Bajo
0.373,84.0,0.0,8.311245,Bajo
0.373,83.0,0.0,8.647496,Bajo
0.17300001,83.0,0.0,8.669949,Bajo
0.073,81.0,0.0,9.3876505,Bajo
-0.02700001,80.0,0.0,9.726665,Bajo
-0.17699999,79.0,0.0,9.72,Bajo
-0.37699997,79.0,0.0,9.3669195,Bajo
-0.577,79.0,0.0,9.726665,Bajo
-1.077,86.0,0.0,6.725354,Bajo
-0.877,84.0,0.0,6.9899354,Bajo
0.073,81.0,0.0,6.87779,Bajo
1.273,77.0,0.0,7.92,Bajo
2.1230001,76.0,0.0,8.707238,Bajo
2.573,75.0,0.0,9.531505,Bajo
4.073,65.0,0.0,11.298495,Moderado
3.823,65.0,0.0,11.090103,Moderado
3.123,69.0,0.0,8.209263,Bajo
2.273,71.0,0.0,6.8777895,Bajo
1.673,74.0,0.0,7.5942082,Bajo
1.023,86.0,0.1,7.968939,Bajo
0.823,91.0,0.1,7.771331,Bajo
0.823,92.0,0.1,7.6367526,Bajo
0.723,93.0,0.0,6.924738,Bajo
0.723,93.0,0.0,6.130579,Bajo
0.573,93.0,0.0,5.4477882,Bajo
0.523,93.0,0.0,5.1544156,Bajo
0.423,94.0,0.0,3.6,Bajo
0.323,94.0,0.0,3.2599385,Bajo
0.073,94.0,0.0,3.219938,Bajo
-0.477,95.0,0.0,3.319036,Bajo
-0.827,95.0,0.0,2.8116899,Bajo
-1.077,95.0,0.0,2.8116899,Bajo
-1.377,95.0,0.0,1.8,Bajo
-1.377,97.0,0.0,1.8,Bajo
-0.627,96.0,0.0,1.484318,Bajo
1.223,94.0,0.0,1.08,Bajo
2.673,86.0,0.0,3.319036,Bajo
2.973,82.0,0.0,6.4096174,Bajo
3.723,76.0,0.0,5.8603754,Bajo
3.223,79.0,0.0,5.692099,Bajo
2.723,82.0,0.2,4.5536795,Bajo
1.723,88.0,0.4,2.6208394,Bajo
0.823,93.0,0.4,1.5273507,Bajo
0.873,91.0,0.2,1.5273507,Bajo
0.823,91.0,0.0,2.3051248,Bajo
0.823,90.0,0.0,1.9386592,Bajo
0.623,90.0,0.0,1.484318,Bajo
0.373,90.0,0.0,2.2768397,Bajo
0.023000002,91.0,0.0,2.4149535,Bajo
-0.227,92.0,0.0,2.9024127,Bajo
-0.77699995,93.0,0.1,3.319036,Bajo
-0.92700005,95.0,0.1,4.2136917,Bajo
-1.027,96.0,0.1,4.896529,Bajo
-0.977,96.0,0.1,5.5887027,Bajo
-1.027,97.0,0.1,5.5887027,Bajo
-0.977,97.0,0.2,5.937272,Bajo
-0.77699995,96.0,0.2,4.73506,Bajo
-0.77699995,96.0,0.0,4.452954,Bajo
-0.127,95.0,0.0,4.896529,Bajo
0.473,93.0,0.0,5.937272,Bajo
0.973,91.0,0.0,6.87779,Bajo
1.373,90.0,0.0,6.4799995,Bajo
1.573,87.0,0.1,6.9899354,Bajo
1.873,87.0,0.1,5.771239,Bajo
1.573,91.0,0.1,5.506941,Bajo
0.923,93.0,0.0,4.510787,Bajo
0.523,94.0,0.0,4.6102495,Bajo
0.223,95.0,0.0,4.5820518,Bajo
-0.07699999,95.0,0.0,5.3999996,Bajo
-0.277,94.0,0.0,4.8433046,Bajo
-0.32700002,94.0,0.0,4.8433046,Bajo
-0.477,94.0,0.0,5.1165614,Bajo
-0.627,94.0,0.0,5.1919937,Bajo
-0.527,93.0,0.0,5.00128,Bajo
-0.17699999,95.0,0.0,5.1919937,Bajo
-0.227,95.0,0.1,5.1165614,Bajo
-0.277,95.0,0.0,4.8965297,Bajo
-0.32700002,94.0,0.0,4.6800003,Bajo
-0.32700002,93.0,0.0,4.2136917,Bajo
-0.37699997,92.0,0.0,4.2136917,Bajo
-1.027,92.0,0.0,4.198285,Bajo
-1.177,92.0,0.0,3.7585104,Bajo
-0.627,92.0,0.0,3.671294,Bajo
0.673,90.0,0.0,3.4152596,Bajo
1.723,82.0,0.0,5.00128,Bajo
2.073,82.0,0.0,5.692099,Bajo
2.623,83.0,0.0,6.439876,Bajo
2.523,85.0,0.0,5.991594,Bajo
2.023,89.0,0.0,4.0249224,Bajo
1.373,92.0,0.0,3.8773184,Bajo
0.923,94.0,0.0,4.2136917,Bajo
0.723,94.0,0.0,4.2136917,Bajo
0.273,97.0,0.0,4.198285,Bajo
-0.277,97.0,0.0,3.7064266,Bajo
-0.877,98.0,0.0,3.219938,Bajo
-1.477,99.0,0.0,2.968636,Bajo
-1.8269999,100.0,0.0,2.9024127,Bajo
-2.027,99.0,0.0,3.671294,Bajo
-2.027,99.0,0.0,3.6179552,Bajo
-2.277,99.0,0.0,3.2399998,Bajo
-2.627,99.0,0.0,2.8799999,Bajo
-2.977,100.0,0.0,2.8799999,Bajo
-3.327,100.0,0.0,2.52,Bajo
-3.427,99.0,0.0,2.52,Bajo
-4.5270004,98.0,0.0,1.835647,Bajo
-4.5769997,99.0,0.0,1.835647,Bajo
-3.377,96.0,0.0,1.484318,Bajo
-0.627,92.0,0.0,1.8,Bajo
1.073,82.0,0.0,3.319036,Bajo
2.023,79.0,0.0,4.6938252,Bajo
2.973,77.0,0.0,6.87779,Bajo
3.073,77.0,0.0,7.2359104,Bajo
2.273,85.0,0.0,6.0347,Bajo
1.123,91.0,0.0,5.2416787,Bajo
0.323,94.0,0.0,5.0911684,Bajo
-0.37699997,95.0,0.0,5.7599998,Bajo
-1.177,97.0,0.0,5.771239,Bajo
-1.627,96.0,0.0,5.4119864,Bajo
-1.977,94.0,0.0,5.4119864,Bajo
-2.377,94.0,0.0,5.8048253,Bajo
-2.677,95.0,0.0,5.8048253,Bajo
-2.927,96.0,0.0,5.771239,Bajo
-3.327,98.0,0.0,6.130579,Bajo
-3.327,97.0,0.0,6.130579,Bajo
-3.377,97.0,0.0,5.7599998,Bajo
-3.277,97.0,0.0,6.12,Bajo
-3.127,96.0,0.0,6.130579,Bajo
-3.077,96.0,0.0,5.8603754,Bajo
-3.277,96.0,0.0,5.771239,Bajo
-3.177,96.0,0.0,5.1544156,Bajo
-1.8269999,94.0,0.0,5.0911684,Bajo
0.723,90.0,0.0,6.489992,Bajo
2.823,84.0,0.0,8.669949,Bajo
4.023,83.0,0.0,10.1376915,Bajo
4.7229996,82.0,0.0,11.165805,Bajo
4.573,83.0,0.0,9.746631,Bajo
3.473,88.0,0.0,8.049845,Bajo
2.023,93.0,0.0,6.5693827,Bajo
1.173,94.0,0.0,6.2145634,Bajo
0.673,95.0,0.0,6.5693827,Bajo
-0.127,97.0,0.0,6.2145634,Bajo
-0.427,97.0,0.0,6.5693827,Bajo
-0.527,96.0,0.0,6.519877,Bajo
-0.677,96.0,0.0,6.87779,Bajo
-0.77699995,95.0,0.0,7.2359104,Bajo
-0.827,95.0,0.0,7.208994,Bajo
-0.227,94.0,0.0,9.0645685,Bajo
0.373,93.0,0.0,10.8955765,Bajo
0.773,93.0,0.0,11.609651,Bajo
0.773,93.0,0.0,12.324414,Bajo
0.973,94.0,0.0,12.429127,Bajo
1.173,94.0,0.0,13.009903,Bajo
1.373,94.0,0.0,14.241629,Bajo
1.823,94.0,0.0,15.596767,Moderado
2.773,93.0,0.0,18.345877,Moderado
3.973,89.0,0.0,21.829777,Moderado
4.773,84.0,0.0,23.97989,Moderado
5.373,77.0,0.0,25.210283,Alto
6.073,74.0,0.0,25.562534,Alto
5.6730003,77.0,0.0,23.499481,Moderado
5.2229996,81.0,0.0,22.148045,Moderado
4.4230003,86.0,0.0,19.06301,Moderado
4.073,90.0,0.0,15.137133,Moderado
3.723,93.0,0.0,11.367109,Bajo
3.373,93.0,0.0,7.8954163,Bajo
2.423,94.0,0.1,3.6,Bajo
1.723,93.0,0.0,3.396233,Bajo
1.223,93.0,0.1,1.4399999,Bajo
1.073,93.0,0.0,3.7585104,Bajo
0.223,89.0,0.0,5.4833565,Bajo
-0.227,86.0,0.0,6.5693827,Bajo
-0.527,83.0,0.0,6.849467,Bajo
-0.727,82.0,0.0,6.489992,Bajo
-1.127,82.0,0.0,5.0911684,Bajo
-1.527,84.0,0.0,4.0249224,Bajo
-2.077,87.0,0.0,3.671294,Bajo
-2.777,89.0,0.0,5.00128,Bajo
-2.927,91.0,0.0,4.829907,Bajo
-1.727,86.0,0.0,5.2416787,Bajo
0.473,79.0,0.0,7.072878,Bajo
2.373,71.0,0.0,10.853866,Moderado
3.823,65.0,0.0,15.978486,Moderado
4.4230003,54.0,0.0,21.53089,Alto
3.973,55.0,0.0,21.398056,Alto
3.123,59.0,0.0,19.164719,Moderado
1.873,68.0,0.0,15.905319,Moderado
1.073,73.0,0.0,14.973576,Moderado
0.923,74.0,0.0,14.561099,Moderado
1.473,69.0,0.0,19.652176,Moderado
1.573,69.0,0.0,18.888851,Moderado
1.623,70.0,0.0,18.775301,Moderado
1.673,71.0,0.0,18.36353,Moderado
1.723,70.0,0.0,18.36353,Moderado
1.573,72.0,0.0,17.643673,Moderado
2.1729999,71.0,0.0,20.957443,Moderado
2.023,73.0,0.0,20.275383,Moderado
1.823,75.0,0.0,19.134262,Moderado
1.523,76.0,0.0,17.283749,Moderado
1.323,77.0,0.0,16.575644,Moderado
1.423,76.0,0.0,16.263872,Moderado
2.423,68.0,0.0,21.24305,Moderado
2.473,68.0,0.0,21.96295,Moderado
3.323,64.0,0.0,22.553936,Moderado
4.273,60.0,0.0,24.066206,Alto
4.823,59.0,0.0,26.178707,Alto
4.773,61.0,0.0,28.467327,Alto
5.123,61.0,0.0,32.489872,Alto
4.823,66.0,0.0,31.89608,Alto
4.7229996,63.0,0.0,31.875755,Alto
4.223,66.0,0.0,28.829233,Alto
4.1730003,70.0,0.0,27.551172,Alto
4.273,73.0,0.0,29.738703,Alto
4.4729996,72.0,0.0,31.698402,Alto
4.523,75.0,0.0,32.039997,Alto
4.623,76.0,0.0,32.791634,Alto
4.9230003,81.0,0.0,33.21573,Alto
5.373,82.0,0.0,35.821354,Alto
5.773,80.0,0.0,35.78697,Alto
6.4230003,78.0,0.0,36.361782,Alto
6.6730003,79.0,0.0,35.32589,Alto
6.823,78.0,0.0,31.63087,Alto
6.623,82.0,0.0,29.168886,Alto
6.9230003,84.0,0.0,33.04361,Alto
6.9230003,84.0,0.0,33.933697,Alto
7.1730003,84.0,0.0,31.97319,Alto
7.773,80.0,0.0,34.292713,Alto
7.9729996,77.0,0.0,37.123665,Muy alto
7.9230003,78.0,0.0,40.00052,Muy alto
7.9729996,77.0,0.0,41.835968,Muy alto
8.023,74.0,0.0,42.121536,Muy alto
8.973,68.0,0.0,39.98594,Muy alto
8.473,71.0,0.0,37.44692,Muy alto
7.9729996,75.0,0.0,33.510952,Alto
7.123,79.0,0.0,32.407997,Alto
6.573,79.0,0.0,32.49785,Alto
6.273,79.0,0.0,32.908016,Alto
6.4729996,83.0,0.0,30.37683,Alto
6.523,85.0,0.0,31.012281,Alto
6.4729996,84.0,0.0,30.78368,Alto
6.273,83.0,0.0,29.784426,Alto
6.1730003,84.0,0.0,28.856194,Alto
6.1730003,85.0,0.0,28.442278,Alto
6.273,86.0,0.0,30.811037,Alto
6.623,85.0,0.0,31.487139,Alto
6.9230003,85.0,0.0,32.76198,Alto
6.9729996,85.0,0.0,32.407997,Alto
6.9230003,85.0,0.0,33.127823,Alto
6.4729996,84.0,0.0,34.561874,Alto
5.523,81.0,0.0,34.711544,Alto
5.373,80.0,0.0,33.841915,Alto
5.7229996,76.0,0.0,33.908863,Alto
6.1730003,74.0,0.0,34.38895,Alto
6.9729996,71.0,0.0,34.569374,Alto
7.523,69.0,0.0,34.428497,Alto
7.873,69.0,0.0,30.676142,Alto
7.873,71.0,0.0,29.899511,Alto
7.4230003,75.0,0.0,27.419146,Alto
6.523,81.0,0.0,22.319998,Moderado
5.823,86.0,0.0,19.493261,Moderado
5.373,89.0,0.0,17.673029,Moderado
5.073,92.0,0.0,15.188415,Moderado
5.2229996,91.0,0.0,13.324863,Bajo
5.1730003,91.0,0.0,11.928989,Bajo
4.873,89.0,0.0,10.661107,Bajo
4.573,87.0,0.0,10.308831,Bajo
4.123,88.0,0.0,8.707238,Bajo
3.423,89.0,0.0,9.3669195,Bajo
2.923,90.0,0.0,8.287822,Bajo
2.623,91.0,0.0,7.2359104,Bajo
2.323,92.0,0.0,7.208994,Bajo
2.273,92.0,0.0,7.2,Bajo
2.473,92.0,0.0,7.2,Bajo
2.723,93.0,0.0,6.87779,Bajo
3.173,92.0,0.0,7.5685663,Bajo
3.973,90.0,0.0,7.928178,Bajo
5.573,84.0,0.0,8.64,Bajo
7.023,80.0,0.0,10.8955765,Bajo
7.9729996,77.0,0.0,12.181625,Moderado
8.523,72.0,0.0,13.708391,Moderado
7.9729996,75.0,0.0,10.829959,Moderado
7.1730003,79.0,0.0,10.105681,Bajo
6.4230003,81.0,0.0,10.105681,Bajo
5.9729996,82.0,0.0,10.440001,Bajo
5.823,82.0,0.0,10.853866,Bajo
5.023,84.0,0.0,10.829959,Bajo
5.073,83.0,0.0,10.587917,Bajo
5.073,85.0,0.0,10.041354,Bajo
4.9230003,87.0,0.0,8.707238,Bajo
4.823,90.0,0.0,9.028754,Bajo
4.623,91.0,0.0,9.746631,Bajo
3.923,93.0,0.0,8.759178,Bajo
4.023,92.0,0.0,9.779817,Bajo
5.023,91.0,0.0,13.324863,Bajo
4.873,92.0,0.0,14.764389,Moderado
4.773,92.0,0.0,16.203999,Moderado
4.573,91.0,0.0,16.563911,Moderado
3.823,90.0,0.0,9.007196,Bajo
3.523,90.0,0.0,7.5599995,Bajo
4.073,87.0,0.0,7.208994,Bajo
5.9230003,79.0,0.0,9.007196,Bajo
7.273,74.0,0.0,11.928989,Moderado
8.173,71.0,0.0,14.759999,Moderado
8.623,69.0,0.0,15.978486,Moderado
8.173,71.0,0.0,15.111424,Moderado
7.2229996,73.0,0.0,14.417988,Moderado
5.873,76.0,0.0,15.124284,Moderado
4.9230003,79.0,0.0,15.905319,Moderado
4.4230003,81.0,0.0,17.373497,Moderado
4.4729996,83.0,0.0,17.581125,Moderado
4.373,85.0,0.0,17.727943,Moderado
4.523,85.0,0.0,18.511143,Moderado
4.623,86.0,0.0,17.581125,Moderado
4.773,86.0,0.0,17.811815,Moderado
4.6730003,88.0,0.0,18.079027,Moderado
4.523,85.0,0.0,18.430452,Moderado
4.323,86.0,0.0,18.161278,Moderado
4.073,88.0,0.0,16.418526,Moderado
3.623,90.0,0.0,14.689589,Moderado
3.523,91.0,0.0,14.578888,Moderado
3.723,91.0,0.0,14.689589,Moderado
3.123,93.0,0.0,14.345898,Moderado
3.473,92.0,0.0,14.458382,Moderado
4.273,86.0,0.0,15.629971,Moderado
5.4729996,75.0,0.0,17.651016,Moderado
6.523,67.0,0.0,20.211363,Moderado
7.2229996,62.0,0.0,20.880001,Moderado
7.4729996,63.0,0.0,18.03237,Moderado
7.323,64.0,0.0,15.4800005,Moderado
6.523,71.0,0.0,13.493999,Moderado
5.1730003,80.0,0.0,12.303366,Moderado
4.223,88.0,0.0,11.91812,Bajo
4.023,89.0,0.0,10.365251,Bajo
3.773,91.0,0.0,9.904906,Bajo
3.523,91.0,0.0,7.8954163,Bajo
3.373,92.0,0.0,7.289445,Bajo
3.323,93.0,0.0,6.297428,Bajo
3.323,95.0,0.0,5.1919937,Bajo
3.123,95.0,0.0,4.8965297,Bajo
2.423,97.0,0.0,5.4833565,Bajo
2.273,96.0,0.0,5.0142193,Bajo
2.273,95.0,0.0,4.6800003,Bajo
2.223,95.0,0.0,4.510787,Bajo
2.223,95.0,0.0,4.3498964,Bajo
2.073,94.0,0.0,4.2136917,Bajo
1.873,95.0,0.0,5.4833565,Bajo
1.673,96.0,0.0,5.2416787,Bajo
2.423,94.0,0.0,5.2416787,Bajo
4.123,89.0,0.0,5.4477882,Bajo
5.4729996,84.0,0.0,7.6367526,Bajo
6.4729996,80.0,0.0,9.779817,Bajo
6.373,81.0,0.0,9.114471,Bajo
6.373,82.0,0.0,8.825508,Bajo
5.7229996,85.0,0.0,8.209263,Bajo
5.023,87.0,0.0,7.628263,Bajo
4.573,88.0,0.0,7.754637,Bajo
4.1730003,89.0,0.0,8.089993,Bajo
3.673,93.0,0.0,10.703569,Bajo
3.523,94.0,0.0,12.313893,Bajo
3.523,95.0,0.0,12.758432,Bajo
3.473,95.0,0.0,13.570615,Bajo
3.523,94.0,0.0,15.137133,Moderado
3.473,93.0,0.0,15.315873,Moderado
3.523,95.0,0.0,16.746773,Moderado
3.723,93.0,0.0,18.681883,Moderado
4.023,92.0,0.0,18.671474,Moderado
4.273,91.0,0.0,20.696085,Moderado
4.123,86.0,0.0,21.986542,Moderado
3.323,83.0,0.0,20.907913,Moderado
2.923,84.0,0.0,20.929596,Moderado
2.1230001,82.0,0.0,18.129137,Moderado
2.423,84.0,0.0,17.81909,Moderado
3.523,80.0,0.0,18.289274,Moderado
4.573,75.0,0.0,21.749481,Moderado
5.073,74.0,0.0,23.233253,Moderado
5.123,73.0,0.0,25.346148,Alto
5.073,72.0,0.0,22.89611,Moderado
4.623,77.0,0.0,21.868332,Moderado
4.273,82.0,0.0,21.734581,Moderado
4.323,84.0,0.0,24.819122,Moderado
4.4729996,85.0,0.1,29.09103,Alto
4.7229996,82.0,0.0,30.317043,Alto
4.523,82.0,0.0,28.162956,Alto
4.323,83.0,0.0,27.117346,Alto
4.273,83.0,0.0,27.038372,Alto
3.973,82.0,0.0,25.929996,Alto
3.623,83.0,0.0,24.50381,Moderado
3.673,82.0,0.0,24.522316,Moderado
3.523,77.0,0.0,25.929996,Alto
3.373,77.0,0.0,23.770906,Moderado
3.473,81.0,0.0,22.19773,Moderado
3.623,84.0,0.0,23.510508,Moderado
3.873,81.0,0.0,24.798225,Moderado
4.273,79.0,0.0,25.099514,Moderado
4.223,76.0,0.0,26.27753,Alto
4.573,77.0,0.0,26.82906,Alto
5.323,76.0,0.0,27.466372,Alto
5.9230003,74.0,0.0,28.528723,Alto
6.523,72.0,0.0,30.36403,Alto
6.4230003,74.0,0.5,28.174456,Moderado
6.4230003,73.0,0.0,28.82249,Alto
6.023,73.0,0.0,27.959742,Alto
5.6730003,71.0,0.0,26.901417,Alto
5.373,73.0,0.0,26.183659,Alto
5.123,73.0,0.0,28.236486,Alto
5.273,75.0,0.0,28.696312,Alto
4.9230003,79.0,0.2,28.348713,Moderado
4.273,83.0,0.1,24.717085,Moderado
3.773,81.0,0.0,24.162945,Moderado
3.223,79.0,0.0,22.782625,Moderado
2.723,82.0,0.0,22.065973,Moderado
2.523,86.0,0.0,18.36353,Moderado
2.1230001,81.0,0.0,18.775301,Moderado
1.523,75.0,0.0,18.844202,Moderado
1.073,77.0,0.0,17.698677,Moderado
0.573,80.0,0.0,15.484185,Moderado
0.17300001,83.0,0.0,14.404499,Moderado
-0.32700002,88.0,0.0,13.679999,Moderado
-0.577,83.0,0.0,12.605142,Moderado
-0.127,78.0,0.0,13.004921,Moderado
1.173,69.0,0.0,14.561099,Moderado
2.273,59.0,0.0,17.873554,Moderado
2.873,55.0,0.0,19.694992,Moderado
3.273,50.0,0.0,18.581022,Moderado
2.773,54.0,0.0,16.263872,Moderado
1.623,59.0,0.0,15.281989,Moderado
0.473,66.0,0.0,14.685176,Moderado
-0.17699999,73.0,0.0,14.264361,Moderado
-0.477,77.0,0.0,12.605142,Moderado
-0.877,76.0,0.0,14.332341,Moderado
-0.727,81.0,0.0,14.561099,Moderado
-0.77699995,78.0,0.0,13.722565,Moderado
-0.92700005,80.0,0.0,13.722565,Moderado
-1.127,85.0,0.0,13.75558,Moderado
-1.227,89.0,0.0,13.849476,Moderado
-1.327,84.0,0.0,13.708391,Moderado
-1.327,84.0,0.0,13.797913,Moderado
-1.427,82.0,0.0,13.276144,Moderado
-1.527,83.0,0.0,13.708391,Moderado
-1.427,87.0,0.0,14.241629,Moderado
-1.177,89.0,0.0,15.937878,Moderado
-0.677,90.0,0.0,17.208603,Moderado
0.073,90.0,0.0,17.651016,Moderado
0.873,88.0,0.0,17.771753,Moderado
1.923,84.0,0.0,19.803272,Moderado
3.173,79.0,0.0,23.675303,Moderado
4.4230003,72.0,0.0,25.922499,Alto
5.023,67.0,0.0,25.40743,Alto
4.773,67.0,0.0,23.623243,Alto
4.223,69.0,0.0,21.841648,Moderado
3.523,74.0,0.0,19.917469,Moderado
3.073,77.0,0.0,18.733839,Moderado
2.923,79.0,0.0,18.72,Moderado
2.973,77.0,0.0,22.319998,Moderado
3.023,77.0,0.0,22.691425,Moderado
2.823,75.0,0.0,21.316135,Moderado
2.673,69.0,0.0,19.770523,Moderado
2.1729999,69.0,0.0,17.727943,Moderado
1.923,76.0,0.0,16.766108,Moderado
2.073,79.0,0.0,18.64369,Moderado
1.923,82.0,0.0,16.23596,Moderado
1.723,85.0,0.0,14.440443,Moderado
1.673,87.0,0.0,11.901798,Bajo
1.573,89.0,0.0,8.64,Bajo
1.123,91.0,0.0,7.5942073,Bajo
0.873,92.0,0.0,5.8603754,Bajo
0.523,93.0,0.0,5.506941,Bajo
1.073,92.0,0.0,4.3349743,Bajo
2.273,89.0,0.0,3.6179552,Bajo
3.823,85.0,0.0,3.671294,Bajo
5.023,79.0,0.0,4.452954,Bajo
6.823,69.0,0.0,5.3999996,Bajo
6.823,73.0,0.0,3.9763298,Bajo
6.2229996,75.0,0.0,3.319036,Bajo
5.073,80.0,0.0,3.2599385,Bajo
3.823,84.0,0.0,2.9024127,Bajo
2.723,88.0,0.0,2.0991426,Bajo
0.373,95.0,0.0,2.4149535,Bajo
-0.577,100.0,0.0,1.9386592,Bajo
-1.027,100.0,0.0,2.3051248,Bajo
-1.177,100.0,0.0,2.9024127,Bajo
-1.427,100.0,0.0,3.396233,Bajo
-1.577,100.0,0.0,3.319036,Bajo
-2.227,100.0,0.0,4.1046314,Bajo
-2.677,100.0,0.0,3.6179552,Bajo
-3.427,100.0,0.0,3.4152596,Bajo
-4.0270004,100.0,0.0,3.219938,Bajo
-4.477,100.0,0.0,3.219938,Bajo
-4.227,100.0,0.0,2.9024127,Bajo
-4.227,100.0,0.0,2.9024127,Bajo
-4.877,100.0,0.0,1.9386592,Bajo
-5.0270004,100.0,0.0,1.9386592,Bajo
-4.477,100.0,0.0,1.609969,Bajo
-3.277,100.0,0.0,1.08,Bajo
-1.577,95.0,0.0,0.8049845,Bajo
0.073,89.0,0.0,1.0182338,Bajo
0.673,88.0,0.0,1.2979984,Bajo
0.373,90.0,0.0,2.2768397,Bajo
-0.477,93.0,0.0,2.52,Bajo
-1.177,95.0,0.0,2.1897945,Bajo
-2.077,99.0,0.0,2.4149535,Bajo
-2.077,100.0,0.0,1.0182338,Bajo
-3.127,100.0,0.0,1.9386592,Bajo
-3.527,100.0,0.0,2.16,Bajo
-3.9269998,100.0,0.0,2.0991426,Bajo
-3.627,100.0,0.0,2.5959969,Bajo
-2.977,100.0,0.0,2.7416782,Bajo
-2.227,100.0,0.0,2.9024127,Bajo
-1.8269999,100.0,0.0,3.219938,Bajo
-1.627,100.0,0.0,3.219938,Bajo
-1.527,100.0,0.0,3.5455887,Bajo
-1.577,100.0,0.0,3.219938,Bajo
-1.527,100.0,0.0,3.219938,Bajo
-1.277,99.0,0.0,3.319036,Bajo
-1.477,100.0,0.0,2.5455842,Bajo
-1.277,100.0,0.0,1.4399999,Bajo
-0.427,97.0,0.0,0.8049845,Bajo
0.273,93.0,0.0,0.5091169,Bajo
0.823,88.0,0.0,0.71999997,Bajo
1.073,86.0,0.0,1.1384199,Bajo
1.023,84.0,0.0,1.1384199,Bajo
0.773,85.0,0.0,2.6208394,Bajo
0.323,89.0,0.0,1.484318,Bajo
0.122999996,88.0,0.0,0.35999998,Bajo
0.073,87.0,0.0,1.484318,Bajo
-0.577,90.0,0.0,2.2768397,Bajo
-0.627,92.0,0.0,3.7585104,Bajo
-0.727,93.0,0.0,3.9763298,Bajo
-0.827,94.0,0.0,4.6938252,Bajo
-0.827,94.0,0.0,5.0528407,Bajo
-1.077,93.0,0.0,5.4119864,Bajo
-1.577,91.0,0.0,5.937272,Bajo
-1.627,91.0,0.0,5.4833565,Bajo
-1.777,91.0,0.0,5.154415,Bajo
-2.027,92.0,0.0,4.3498964,Bajo
-2.527,95.0,0.0,3.396233,Bajo
-3.177,97.0,0.0,2.5959969,Bajo
-3.427,99.0,0.0,3.8268526,Bajo
-3.677,100.0,0.0,2.5959969,Bajo
-3.227,97.0,0.0,1.2979984,Bajo
-2.027,93.0,0.0,0.35999998,Bajo
-1.077,91.0,0.0,1.609969,Bajo
-0.32700002,85.0,0.0,1.5273507,Bajo
0.223,80.0,0.0,0.8049845,Bajo
0.223,82.0,0.0,1.2979984,Bajo
0.073,84.0,0.0,1.9386592,Bajo
-0.477,88.0,0.0,2.3051248,Bajo
-1.077,91.0,0.0,2.8116899,Bajo
-1.627,93.0,0.0,1.835647,Bajo
-1.477,92.0,0.0,2.3051248,Bajo
-1.627,92.0,0.1,2.8116899,Bajo
-1.8269999,92.0,0.1,1.484318,Bajo
-2.127,92.0,0.0,0.71999997,Bajo
-2.277,93.0,0.0,0.5091169,Bajo
-2.627,94.0,0.0,1.0182338,Bajo
-4.677,95.0,0.0,2.7416782,Bajo
-5.127,94.0,0.0,2.5959969,Bajo
-5.127,95.0,0.0,1.609969,Bajo
-4.8269997,95.0,0.0,1.1384199,Bajo
-4.5769997,95.0,0.0,1.08,Bajo
-4.927,94.0,0.0,2.8116899,Bajo
-6.5769997,94.0,0.0,3.8268526,Bajo
-6.977,92.0,0.0,3.8773184,Bajo
-6.227,90.0,0.0,3.9763298,Bajo
-4.727,88.0,0.0,4.73506,Bajo
-2.777,84.0,0.0,6.12,Bajo
-1.377,81.0,0.0,5.904439,Bajo
-0.277,80.0,0.0,7.127636,Bajo
-0.07699999,83.0,0.1,5.6920996,Bajo
-0.627,93.0,0.8,6.28713,Bajo
0.023000002,86.0,0.7,8.714677,Bajo
0.773,83.0,0.4,11.384198,Bajo
0.823,87.0,0.2,13.608762,Bajo
1.223,89.0,0.2,11.525623,Bajo
1.323,91.0,0.3,12.313894,Bajo
1.623,93.0,0.5,13.830749,Bajo
1.923,94.0,0.7,14.565548,Bajo
2.223,94.0,0.6,15.021105,Bajo
2.473,94.0,0.6,14.512064,Bajo
2.373,95.0,1.0,11.183201,Bajo
2.523,94.0,1.1,10.931203,Bajo
2.323,93.0,0.9,11.928989,Bajo
2.073,93.0,1.1,9.885262,Bajo
1.773,95.0,1.7,10.587917,Bajo
1.273,97.0,2.3,11.928989,Bajo
2.273,94.0,2.1,12.245294,Bajo
2.1729999,94.0,1.1,12.964998,Bajo
2.523,92.0,0.3,12.979984,Bajo
3.223,88.0,0.0,13.084402,Bajo
4.023,85.0,0.0,13.397612,Moderado
4.7229996,82.0,0.0,13.684735,Moderado
4.6730003,81.0,0.0,15.226764,Moderado
4.873,75.0,0.0,16.56,Moderado
4.323,74.0,0.0,17.015474,Moderado
3.323,78.0,0.0,16.09969,Moderado
2.523,79.0,0.0,14.917212,Moderado
2.023,80.0,0.0,14.799459,Moderado
1.723,83.0,0.0,15.496736,Moderado
1.773,82.0,0.0,16.575644,Moderado
1.423,80.0,0.0,16.039202,Moderado
1.073,82.0,0.0,13.556282,Moderado
1.073,83.0,0.0,12.144331,Bajo
1.273,82.0,0.0,11.367109,Bajo
0.923,87.0,0.0,14.417988,Moderado
0.823,87.0,0.0,13.722565,Moderado
0.623,88.0,0.0,13.684735,Moderado
0.673,87.0,0.0,12.605142,Bajo
0.723,86.0,0.0,12.6462,Bajo
0.523,84.0,0.0,11.928989,Bajo
0.17300001,86.0,0.0,12.620554,Bajo
-0.07699999,86.0,0.0,10.853866,Bajo
0.223,85.0,0.0,10.105681,Bajo
1.273,82.0,0.0,10.805999,Bajo
2.273,81.0,0.0,12.245294,Moderado
2.973,76.0,0.0,13.722565,Moderado
3.973,61.0,0.0,19.914217,Moderado
3.473,64.0,0.0,17.902534,Moderado
2.273,73.0,0.0,14.154915,Moderado
1.373,80.0,0.0,12.24,Moderado
0.923,83.0,0.0,11.542478,Bajo
0.723,83.0,0.0,10.805999,Bajo
-0.07699999,84.0,0.0,10.105681,Bajo
-0.32700002,86.0,0.0,9.779817,Bajo
-0.677,86.0,0.0,9.779817,Bajo
-0.77699995,86.0,0.0,10.538843,Bajo
-0.827,85.0,0.0,10.495713,Bajo
-1.227,87.0,0.0,9.0645685,Bajo
-1.377,90.0,0.0,8.707238,Bajo
-1.8269999,91.0,0.0,7.5685663,Bajo
-2.377,92.0,0.0,6.519877,Bajo
-2.827,94.0,0.0,5.8048253,Bajo
-3.277,96.0,0.0,5.154415,Bajo
-4.127,99.0,0.0,4.6102495,Bajo
-4.3269997,99.0,0.0,4.3349743,Bajo
-4.5270004,98.0,0.0,3.8268526,Bajo
-4.477,99.0,0.0,3.5455887,Bajo
-3.877,97.0,0.0,1.8,Bajo
-1.777,92.0,0.0,1.8,Bajo
-0.127,83.0,0.0,2.1897945,Bajo
0.673,81.0,0.0,0.5091169,Bajo
0.823,83.0,0.0,0.0,Bajo
0.573,82.0,0.0,0.5091169,Bajo
-0.127,84.0,0.0,1.609969,Bajo
-1.477,90.0,0.0,3.6179552,Bajo
-3.527,99.0,0.0,4.0249224,Bajo
-4.227,100.0,0.0,3.4152596,Bajo
-4.477,99.0,0.0,3.319036,Bajo
-4.727,99.0,0.0,3.671294,Bajo
-5.0270004,99.0,0.0,3.671294,Bajo
-5.2770004,99.0,0.0,3.7585104,Bajo
-5.677,100.0,0.0,3.7585104,Bajo
-5.877,100.0,0.0,3.563818,Bajo
-5.877,100.0,0.0,3.563818,Bajo
-5.977,100.0,0.0,3.6,Bajo
-6.0270004,100.0,0.0,3.5455887,Bajo
-6.127,100.0,0.0,4.2136917,Bajo
-6.0769997,99.0,0.0,4.6800003,Bajo
-5.877,99.0,0.0,4.896529,Bajo
-5.5769997,99.0,0.0,5.1544156,Bajo
-4.677,97.0,0.0,5.0911684,Bajo
-3.127,93.0,0.0,5.04,Bajo
-1.427,90.0,0.0,5.3999996,Bajo
0.122999996,87.0,0.0,5.3999996,Bajo
0.773,84.0,0.0,5.0528407,Bajo
1.173,84.0,0.0,5.0528407,Bajo
0.873,86.0,0.0,5.0528407,Bajo
0.122999996,89.0,0.0,5.1544156,Bajo
-0.527,91.0,0.0,5.1544156,Bajo
-1.127,93.0,0.0,5.7599998,Bajo
-2.177,93.0,0.0,6.519877,Bajo
-2.527,94.0,0.0,5.4119864,Bajo
-2.627,94.0,0.0,5.3999996,Bajo
-2.727,94.0,0.0,5.3999996,Bajo
-2.827,95.0,0.0,5.4119864,Bajo
-2.827,95.0,0.0,5.0911684,Bajo
-3.127,95.0,0.0,6.4799995,Bajo
-3.677,97.0,0.0,6.162207,Bajo
-4.0769997,97.0,0.0,5.937272,Bajo
-4.427,98.0,0.0,5.5887027,Bajo
-4.5769997,98.0,0.0,6.2145634,Bajo
-4.427,97.0,0.0,6.5693827,Bajo
-4.8269997,98.0,0.0,4.32,Bajo
-5.0769997,99.0,0.0,5.0528407,Bajo
-4.5769997,99.0,0.0,4.802999,Bajo
-3.027,94.0,0.0,5.0528407,Bajo
-0.627,87.0,0.0,6.130579,Bajo
1.373,85.0,0.0,8.669949,Bajo
2.223,85.0,0.0,9.605998,Bajo
2.373,89.0,0.0,11.792404,Bajo
2.073,91.0,0.0,12.849528,Bajo
1.673,91.0,0.0,14.241629,Moderado
1.473,91.0,0.0,15.315873,Moderado
1.473,90.0,0.0,15.7908325,Moderado
1.073,88.0,0.0,17.992796,Moderado
1.123,88.0,0.0,18.11841,Moderado
0.973,89.0,0.0,17.58481,Moderado
0.923,90.0,0.0,18.057508,Moderado
0.923,90.0,0.0,19.008547,Moderado
1.073,90.0,0.0,19.995398,Moderado
0.623,89.0,0.0,17.727943,Moderado
0.873,90.0,0.0,17.58481,Moderado
1.023,90.0,0.0,17.654688,Moderado
1.223,88.0,0.0,17.992796,Moderado
1.123,88.0,0.0,17.114204,Moderado
1.123,90.0,0.0,16.854767,Moderado
1.123,91.0,0.0,14.458382,Moderado
1.173,91.0,0.0,14.799459,Moderado
1.273,90.0,0.0,12.864649,Bajo
1.673,89.0,0.0,12.864649,Bajo
2.423,87.0,0.0,14.241629,Moderado
2.823,86.0,0.0,14.241629,Moderado
3.023,84.0,0.0,14.145756,Moderado
2.923,85.0,0.0,12.9249525,Moderado
2.273,89.0,0.0,10.239453,Bajo
1.823,91.0,0.0,9.007196,Bajo
1.523,92.0,0.0,7.5599995,Bajo
1.223,93.0,0.0,6.489992,Bajo
1.073,92.0,0.0,6.130579,Bajo
0.823,93.0,0.0,5.0528407,Bajo
0.573,94.0,0.0,3.96,Bajo
0.273,95.0,0.0,2.9024127,Bajo
-0.07699999,96.0,0.0,2.4149535,Bajo
-0.527,99.0,0.0,2.9024127,Bajo
-1.977,99.0,0.0,3.7585104,Bajo
-1.927,97.0,0.0,3.7064266,Bajo
-1.627,93.0,0.0,3.8939953,Bajo
-1.277,91.0,0.0,3.0758414,Bajo
-0.877,91.0,0.1,2.9024127,Bajo
-0.727,93.0,0.1,2.8116899,Bajo
-0.677,94.0,0.2,2.2768397,Bajo
-0.627,96.0,0.2,2.7416782,Bajo
-0.427,96.0,0.2,3.0758414,Bajo
-0.127,96.0,0.1,2.6208394,Bajo
0.122999996,96.0,0.2,2.52,Bajo
0.623,95.0,0.1,2.4149535,Bajo
0.523,94.0,0.0,2.1897945,Bajo
0.523,95.0,0.0,1.484318,Bajo
0.473,96.0,0.0,1.4399999,Bajo
0.273,96.0,0.0,2.7416782,Bajo
0.073,97.0,0.0,3.2599385,Bajo
-0.17699999,97.0,0.0,3.2399998,Bajo
-0.627,97.0,0.0,3.671294,Bajo
-0.877,96.0,0.0,3.9763298,Bajo
-1.127,96.0,0.0,3.96,Bajo
-1.677,96.0,0.0,3.6,Bajo
-2.127,96.0,0.0,3.6,Bajo
-2.277,96.0,0.0,3.319036,Bajo
-3.127,97.0,0.0,3.319036,Bajo
-3.477,98.0,0.0,2.4149535,Bajo
-3.827,98.0,0.0,2.0364676,Bajo
-4.227,100.0,0.0,1.835647,Bajo
-4.5769997,100.0,0.0,2.1897945,Bajo
-5.3269997,100.0,0.0,3.7585104,Bajo
-6.427,99.0,0.0,3.4152596,Bajo
-6.927,99.0,0.0,2.968636,Bajo
-6.8269997,98.0,0.0,3.4152596,Bajo
-5.477,92.0,0.0,2.6208394,Bajo
-3.577,88.0,0.0,1.835647,Bajo
-1.977,86.0,0.0,0.5091169,Bajo
-1.027,85.0,0.0,1.2979984,Bajo
-0.827,84.0,0.0,2.6208394,Bajo
-1.077,82.0,0.0,2.5959969,Bajo
-1.527,82.0,0.0,2.0991426,Bajo
-1.8269999,82.0,0.0,1.484318,Bajo
-2.227,84.0,0.0,1.5273507,Bajo
-2.627,85.0,0.0,1.08,Bajo
-3.127,86.0,0.0,1.835647,Bajo
-3.527,88.0,0.0,1.9386592,Bajo
-3.9269998,88.0,0.0,2.0364676,Bajo
-4.5270004,90.0,0.0,2.6208394,Bajo
-4.877,91.0,0.0,2.4149535,Bajo
-5.2770004,89.0,0.0,2.6208394,Bajo
-6.0270004,92.0,0.0,3.2599385,Bajo
-6.8269997,94.0,0.0,2.9024127,Bajo
-7.477,95.0,0.0,2.6208394,Bajo
-7.977,96.0,0.0,2.1897945,Bajo
-8.127,95.0,0.0,1.484318,Bajo
-7.477,96.0,0.0,1.4399999,Bajo
-7.2770004,94.0,0.0,1.835647,Bajo
-6.727,92.0,0.0,2.5455842,Bajo
-5.627,90.0,0.0,1.835647,Bajo
-4.0769997,88.0,0.0,2.3051248,Bajo
-2.677,87.0,0.0,2.3051248,Bajo
-1.577,89.0,0.0,2.4149535,Bajo
-1.427,90.0,0.0,1.1384199,Bajo
-1.627,92.0,0.1,0.5091169,Bajo
-1.777,94.0,0.1,1.1384199,Bajo
-1.977,96.0,0.1,1.609969,Bajo
-2.127,97.0,0.1,1.609969,Bajo
-2.427,97.0,0.1,1.5273507,Bajo
-2.477,97.0,0.1,1.609969,Bajo
-2.477,97.0,0.1,1.835647,Bajo
-2.327,97.0,0.1,1.8,Bajo
-2.127,97.0,0.1,1.609969,Bajo
-1.977,98.0,0.1,1.9386592,Bajo
-1.377,98.0,0.1,2.9024127,Bajo
-1.327,98.0,0.0,3.2599385,Bajo
-1.477,98.0,0.0,3.319036,Bajo
-1.577,97.0,0.0,3.6,Bajo
-1.527,97.0,0.0,3.96,Bajo
-1.477,97.0,0.0,4.379589,Bajo
-0.827,97.0,0.0,6.12,Bajo
-0.877,96.0,0.0,5.4477882,Bajo
-0.627,95.0,0.0,5.506941,Bajo
-0.02700001,95.0,0.0,5.4119864,Bajo
0.723,95.0,0.0,6.130579,Bajo
1.773,92.0,0.0,7.6367526,Bajo
1.873,95.0,0.0,6.4799995,Bajo
1.923,95.0,0.0,6.519877,Bajo
1.423,95.0,0.0,5.5887027,Bajo
1.223,94.0,0.0,5.4477882,Bajo
0.973,94.0,0.0,6.130579,Bajo
0.523,94.0,0.0,6.489992,Bajo
-0.127,93.0,0.0,5.771239,Bajo
-0.577,93.0,0.0,5.506941,Bajo
-0.977,93.0,0.0,5.6920996,Bajo
-1.377,92.0,0.0,5.4833565,Bajo
-1.727,91.0,0.0,5.3517847,Bajo
-2.127,91.0,0.0,5.0142193,Bajo
-2.827,92.0,0.0,4.1046314,Bajo
-3.327,92.0,0.0,4.0249224,Bajo
-3.877,93.0,0.0,3.8939953,Bajo
-4.377,94.0,0.0,3.8268526,Bajo
-4.8269997,94.0,0.0,3.563818,Bajo
-5.2770004,95.0,0.0,3.096837,Bajo
-5.377,94.0,0.0,3.319036,Bajo
-5.627,94.0,0.0,3.219938,Bajo
-5.677,94.0,0.0,2.9024127,Bajo
-4.677,93.0,0.0,2.6208394,Bajo
-3.127,92.0,0.0,2.6208394,Bajo
-1.777,91.0,0.0,2.6208394,Bajo
-0.77699995,86.0,0.0,2.52,Bajo
-0.677,87.0,0.0,1.8,Bajo
-1.027,86.0,0.0,1.2979984,Bajo
-1.627,88.0,0.0,1.8,Bajo
-2.777,93.0,0.0,2.9024127,Bajo
-4.177,95.0,0.0,3.0758414,Bajo
-4.727,92.0,0.0,2.9024127,Bajo
-5.227,91.0,0.0,2.7416782,Bajo
-5.677,91.0,0.0,2.968636,Bajo
-6.177,91.0,0.0,3.2399998,Bajo
-6.477,92.0,0.0,3.6,Bajo
-6.377,91.0,0.0,3.2399998,Bajo
-6.877,91.0,0.0,3.0758414,Bajo
-7.0270004,91.0,0.0,2.0991426,Bajo
-7.227,93.0,0.0,2.0991426,Bajo
-7.5270004,94.0,0.0,2.4149535,Bajo
-7.627,94.0,0.0,2.5455842,Bajo
-7.5270004,93.0,0.0,3.096837,Bajo
-8.077001,92.0,0.0,3.8939953,Bajo
-8.177,92.0,0.0,3.319036,Bajo
-8.127,93.0,0.0,2.3051248,Bajo
-7.127,93.0,0.0,2.0991426,Bajo
-5.477,92.0,0.0,2.2768397,Bajo
-3.7770002,91.0,0.0,2.5455842,Bajo
-2.777,89.0,0.0,3.2599385,Bajo
-2.477,89.0,0.0,2.6208394,Bajo
-2.777,90.0,0.0,2.2768397,Bajo
-3.327,91.0,0.0,2.1897945,Bajo
-3.977,93.0,0.0,2.9024127,Bajo
-4.727,95.0,0.0,2.9024127,Bajo
-4.5769997,95.0,0.0,2.968636,Bajo
-4.627,95.0,0.0,2.968636,Bajo
-4.677,95.0,0.0,3.0758414,Bajo
-4.677,94.0,0.0,3.219938,Bajo
-4.5769997,94.0,0.0,3.219938,Bajo
-4.5769997,94.0,0.0,3.219938,Bajo
-4.477,94.0,0.0,3.219938,Bajo
-4.5270004,94.0,0.0,3.0758414,Bajo
-4.627,94.0,0.0,2.5455842,Bajo
-4.7770004,94.0,0.0,2.52,Bajo
-5.0270004,94.0,0.0,2.52,Bajo
-5.3269997,94.0,0.0,2.52,Bajo
-5.627,96.0,0.0,2.9024127,Bajo
-5.7770004,96.0,0.0,3.219938,Bajo
-5.627,95.0,0.0,3.396233,Bajo
-4.727,94.0,0.0,3.319036,Bajo
-3.677,93.0,0.0,3.319036,Bajo
-2.727,92.0,0.0,3.671294,Bajo
-2.127,91.0,0.0,3.96,Bajo
-1.927,91.0,0.0,3.2599385,Bajo
-2.327,91.0,0.0,2.9024127,Bajo
-2.977,92.0,0.0,2.8799999,Bajo
-3.527,92.0,0.0,2.968636,Bajo
-4.0270004,92.0,0.0,2.9024127,Bajo
-4.3269997,93.0,0.0,3.0547013,Bajo
-4.677,94.0,0.0,3.096837,Bajo
-4.927,94.0,0.0,2.8116899,Bajo
-5.0769997,94.0,0.0,2.8116899,Bajo
-5.3269997,94.0,0.0,2.9024127,Bajo
-5.727,94.0,0.0,2.6208394,Bajo
-5.727,94.0,0.0,3.6179552,Bajo
-5.977,94.0,0.0,3.7585104,Bajo
-5.877,94.0,0.0,3.5455887,Bajo
-5.427,94.0,0.0,3.4152596,Bajo
-5.0270004,94.0,0.0,3.396233,Bajo
-4.877,95.0,0.0,3.2399998,Bajo
-5.227,97.0,0.0,2.6208394,Bajo
-5.0769997,96.0,0.0,3.319036,Bajo
-4.927,96.0,0.0,3.319036,Bajo
-4.3269997,96.0,0.0,3.6,Bajo
-3.377,96.0,0.0,3.671294,Bajo
-2.477,96.0,0.0,3.9763298,Bajo
-1.977,96.0,0.0,4.32,Bajo
-1.477,95.0,0.0,4.32,Bajo
-1.577,94.0,0.0,4.3349743,Bajo
-1.577,95.0,0.0,4.6938252,Bajo
-1.427,95.0,0.0,5.0528407,Bajo
-1.177,95.0,0.0,5.2416787,Bajo
-0.627,94.0,0.0,7.42159,Bajo
-0.277,93.0,0.0,8.089993,Bajo
-0.07699999,93.0,0.0,11.503113,Bajo
0.023000002,91.0,0.0,15.256526,Moderado
-0.427,88.0,0.0,16.854767,Moderado
-0.977,88.0,0.0,17.418196,Moderado
-1.227,89.0,0.0,16.327497,Moderado
-1.177,90.0,0.0,16.965895,Moderado
-1.127,90.0,0.0,16.62249,Moderado
-1.227,90.0,0.0,14.799459,Moderado
-1.227,89.0,0.0,14.799459,Moderado
-0.977,89.0,0.0,14.689589,Moderado
-0.677,91.0,0.0,13.708391,Bajo
-0.577,91.0,0.0,13.450708,Bajo
-0.677,91.0,0.0,12.0694,Bajo
-0.37699997,91.0,0.0,12.10157,Bajo
0.223,90.0,0.0,13.37825,Bajo
0.773,89.0,0.0,14.84318,Moderado
0.973,87.0,0.0,16.854767,Moderado
0.773,82.0,0.0,18.584509,Moderado
0.17300001,80.0,0.0,16.65754,Moderado
-0.577,85.0,0.0,14.145756,Moderado
-0.827,89.0,0.0,15.042659,Moderado
-0.92700005,86.0,0.0,18.584509,Moderado
-1.377,87.0,0.0,19.70815,Moderado
-1.777,87.0,0.0,19.13426,Moderado
-2.027,87.0,0.0,18.782204,Moderado
-2.127,88.0,0.0,18.0,Moderado
-1.927,87.0,0.0,18.692286,Moderado
-1.727,86.0,0.0,18.692286,Moderado
-2.077,83.0,0.0,15.941944,Moderado
-2.127,84.0,0.0,13.584932,Moderado
-2.077,86.0,0.0,12.984975,Bajo
-1.077,88.0,0.0,18.35647,Moderado
-0.477,90.0,0.1,21.407139,Moderado
0.273,90.0,0.2,25.02971,Moderado
1.723,84.0,0.1,32.76791,Alto
1.973,86.0,0.1,33.549606,Alto
2.1729999,89.0,0.2,31.259941,Moderado
2.223,92.0,0.5,28.694056,Moderado
2.223,89.0,1.0,25.620771,Moderado
2.723,79.0,0.2,29.69727,Moderado
3.173,65.0,0.0,34.217045,Alto
2.423,64.0,0.0,36.04497,Muy alto
1.723,63.0,0.0,36.217144,Muy alto
1.373,65.0,0.0,33.68069,Alto
1.273,67.0,0.0,34.05379,Alto
1.223,70.0,0.0,35.80688,Alto
1.173,75.0,0.0,37.079998,Alto
0.823,69.0,0.0,35.705395,Alto
0.473,69.0,0.0,37.08175,Muy alto
0.223,70.0,0.0,36.001797,Alto
-0.02700001,70.0,0.0,35.32589,Alto
-0.227,71.0,0.0,35.309376,Alto
-0.627,75.0,0.0,32.76791,Alto
-0.727,74.0,0.0,32.04202,Alto
-0.727,75.0,0.0,32.04202,Alto
-0.727,75.0,0.0,31.319998,Alto
-0.727,77.0,0.0,30.962095,Alto
-0.77699995,75.0,0.0,28.449112,Alto
-1.227,75.0,0.0,24.490587,Moderado
-1.627,79.0,0.0,21.99538,Moderado
-1.327,79.0,0.0,17.727943,Moderado
-0.92700005,80.0,0.0,16.263872,Moderado
-0.527,80.0,0.0,14.917212,Moderado
-0.32700002,81.0,0.0,15.192682,Moderado
-0.127,85.0,0.0,15.034041,Moderado
-0.127,84.0,0.0,18.792551,Moderado
-0.627,89.0,0.0,18.25026,Moderado
-0.827,88.0,0.0,18.0,Moderado
-0.977,81.0,0.0,20.674158,Moderado
-1.377,84.0,0.0,19.881649,Moderado
-1.727,88.0,0.0,18.888851,Moderado
-2.027,89.0,0.0,17.462784,Moderado
-2.427,90.0,0.0,14.440443,Moderado
-2.727,90.0,0.0,12.6462,Bajo
-2.777,89.0,0.0,12.261158,Bajo
-2.727,89.0,0.0,11.183201,Bajo
-3.277,89.0,0.0,13.004921,Bajo
-3.377,88.0,0.0,12.287555,Bajo
-3.627,86.0,0.0,11.542478,Bajo
-3.877,84.0,0.0,11.183201,Bajo
-3.977,84.0,0.0,10.853866,Bajo
-3.9269998,84.0,0.0,11.720751,Bajo
-3.727,85.0,0.0,13.138765,Moderado
-3.727,85.0,0.0,14.264361,Moderado
-3.327,85.0,0.0,14.685176,Moderado
-2.627,85.0,0.0,17.114204,Moderado
-1.377,82.0,0.0,20.176065,Moderado
-0.37699997,84.0,0.0,23.233253,Moderado
0.023000002,78.0,0.0,24.967499,Moderado
0.023000002,78.0,0.0,24.251284,Moderado
-0.577,81.0,0.0,22.104116,Moderado
-1.377,85.0,0.0,20.478907,Moderado
-1.8269999,87.0,0.0,20.345573,Moderado
-2.027,88.0,0.0,20.431387,Moderado
-2.427,88.0,0.0,19.386591,Moderado
-2.377,89.0,0.0,19.586117,Moderado
-2.377,89.0,0.0,19.242327,Moderado
-2.377,88.0,0.0,19.469975,Moderado
-2.177,88.0,0.0,21.068459,Moderado
-1.8770001,85.0,0.0,22.66857,Moderado
-1.627,83.0,0.0,24.023088,Moderado
-1.527,82.0,0.0,24.144167,Moderado
-1.427,82.0,0.0,25.38702,Moderado
-1.227,84.0,0.0,25.842384,Moderado
-0.977,85.0,0.0,26.758923,Moderado
-0.727,85.0,0.0,27.682571,Alto
-0.477,87.0,0.0,29.175552,Alto
-0.577,88.0,0.0,25.364037,Moderado
-0.527,81.0,0.0,24.842607,Moderado
-0.02700001,76.0,0.0,26.200977,Alto
0.423,64.0,0.0,27.322077,Alto
0.673,62.0,0.0,27.558228,Alto
0.673,61.0,0.0,24.606731,Alto
0.523,61.0,0.0,20.948164,Moderado
-0.127,64.0,0.0,18.1041,Moderado
-1.327,72.0,0.0,14.685176,Moderado
-2.227,77.0,0.0,13.039754,Moderado
-2.577,77.0,0.0,10.823973,Bajo
-3.427,80.0,0.0,9.3876505,Bajo
-4.0270004,84.0,0.0,6.87779,Bajo
-4.627,86.0,0.0,5.4477882,Bajo
-5.177,88.0,0.0,5.4477882,Bajo
-5.677,89.0,0.0,5.4833565,Bajo
-6.227,90.0,0.0,4.6938257,Bajo
-6.977,88.0,0.0,4.8965297,Bajo
-7.627,90.0,0.0,4.072935,Bajo
-8.227,91.0,0.0,3.7064266,Bajo
-8.777,93.0,0.0,3.219938,Bajo
-9.227,94.0,0.0,2.8116899,Bajo
-9.627,94.0,0.0,3.319036,Bajo
-9.777,93.0,0.0,2.4149535,Bajo
-9.977,93.0,0.0,3.0758414,Bajo
-9.827001,92.0,0.0,3.5455887,Bajo
-8.777,90.0,0.0,3.563818,Bajo
-6.977,87.0,0.0,3.8939953,Bajo
-5.227,86.0,0.0,3.319036,Bajo
-4.2770004,86.0,0.0,3.319036,Bajo
-4.0769997,87.0,0.0,3.6179552,Bajo
-4.677,89.0,0.0,4.3498964,Bajo
-5.627,89.0,0.0,4.3349743,Bajo
-6.677,90.0,0.0,4.829907,Bajo
-7.5270004,90.0,0.0,4.6800003,Bajo
-8.177,91.0,0.0,3.8939953,Bajo
-8.677,90.0,0.0,4.1046314,Bajo
-8.827001,89.0,0.0,4.3349743,Bajo
-9.127,89.0,0.0,5.0911684,Bajo
-9.177,88.0,0.0,4.8433046,Bajo
-9.177,88.0,0.0,5.3517847,Bajo
-10.177,90.0,0.0,4.3349743,Bajo
-10.277,88.0,0.0,4.5820518,Bajo
-10.477,88.0,0.0,4.8965297,Bajo
-10.527,88.0,0.0,4.829907,Bajo
-10.327001,87.0,0.0,5.154415,Bajo
-9.877,86.0,0.0,5.634891,Bajo
-10.727,88.0,0.0,5.3517847,Bajo
-10.677,88.0,0.0,5.1919937,Bajo
-10.127,88.0,0.0,5.0142193,Bajo
-8.227,85.0,0.0,5.0911684,Bajo
-5.8269997,81.0,0.0,4.68,Bajo
-4.0270004,79.0,0.0,4.802999,Bajo
-3.127,76.0,0.0,5.991594,Bajo
-3.227,77.0,0.0,5.692099,Bajo
-4.0769997,78.0,0.0,6.3690495,Bajo
-5.227,82.0,0.0,6.1305785,Bajo
-6.227,85.0,0.0,5.815978,Bajo
-6.877,85.0,0.0,5.937272,Bajo
-7.5270004,82.0,0.0,4.3349743,Bajo
-7.877,81.0,0.0,4.6938252,Bajo
-8.377,81.0,0.0,4.3349743,Bajo
-8.927,83.0,0.0,4.3349743,Bajo
-9.527,84.0,0.0,4.1046314,Bajo
-10.127,86.0,0.0,4.2136917,Bajo
-10.577001,87.0,0.0,4.3498964,Bajo
-10.977,88.0,0.0,3.8939953,Bajo
-11.527,89.0,0.0,3.8939953,Bajo
-12.077001,90.0,0.0,3.8268526,Bajo
-12.377,90.0,0.0,4.072935,Bajo
-12.577001,90.0,0.0,4.1046314,Bajo
-12.627,89.0,0.0,4.510787,Bajo
-12.727,88.0,0.0,4.0249224,Bajo
-12.427,88.0,0.0,4.198285,Bajo
-11.077001,86.0,0.0,3.8773184,Bajo
-9.277,84.0,0.0,4.379589,Bajo
-7.477,83.0,0.0,5.04,Bajo
-6.5270004,82.0,0.0,5.7599998,Bajo
-6.127,83.0,0.0,5.7599998,Bajo
-6.5769997,84.0,0.0,5.8048253,Bajo
-7.427,84.0,0.0,5.8603754,Bajo
-7.977,84.0,0.0,5.506941,Bajo
-8.527,85.0,0.0,5.0911684,Bajo
-9.277,86.0,0.0,6.130579,Bajo
-9.627,86.0,0.0,5.7599998,Bajo
-9.827001,86.0,0.0,5.4477882,Bajo
-10.027,86.0,0.0,5.506941,Bajo
-9.877,86.0,0.0,5.8048253,Bajo
-9.777,86.0,0.0,5.8048253,Bajo
-10.527,86.0,0.0,5.937272,Bajo
-10.777,87.0,0.0,5.8048253,Bajo
-10.677,87.0,0.0,5.506941,Bajo
-10.677,88.0,0.0,5.506941,Bajo
-10.727,88.0,0.0,5.506941,Bajo
-10.927,88.0,0.0,5.506941,Bajo
-11.377,90.0,0.0,6.5693827,Bajo
-11.677,90.0,0.0,5.937272,Bajo
-11.427,91.0,0.0,5.6920996,Bajo
-10.177,90.0,0.0,5.1544156,Bajo
-8.477,89.0,0.0,4.73506,Bajo
-6.977,89.0,0.0,3.9763298,Bajo
-5.877,88.0,0.0,4.68,Bajo
-5.677,89.0,0.0,4.73506,Bajo
-6.177,90.0,0.0,4.379589,Bajo
-7.0270004,91.0,0.0,3.9763298,Bajo
-7.727,92.0,0.0,3.7585104,Bajo
-8.377,93.0,0.0,3.8773184,Bajo
-9.577001,93.0,0.0,4.452954,Bajo
-9.977,92.0,0.0,4.802999,Bajo
-10.327001,92.0,0.0,4.452954,Bajo
-10.527,92.0,0.0,4.452954,Bajo
-10.477,91.0,0.0,4.73506,Bajo
-10.327001,91.0,0.0,4.802999,Bajo
-10.727,91.0,0.0,4.5536795,Bajo
-10.677,92.0,0.0,4.896529,Bajo
-10.427,92.0,0.0,4.452954,Bajo
-10.227,92.0,0.0,4.802999,Bajo
-9.977,91.0,0.0,4.802999,Bajo
-9.977,92.0,0.0,4.802999,Bajo
-9.727,93.0,0.0,5.771239,Bajo
-9.727,92.0,0.0,5.4119864,Bajo
-9.727,92.0,0.0,5.4119864,Bajo
-8.977,91.0,0.0,5.4119864,Bajo
-7.477,90.0,0.0,5.771239,Bajo
-5.977,90.0,0.0,5.8048253,Bajo
-5.0769997,90.0,0.0,4.6938252,Bajo
-5.0270004,91.0,0.0,4.73506,Bajo
-5.8269997,92.0,0.0,4.3349743,Bajo
-7.0270004,93.0,0.0,3.96,Bajo
-7.977,93.0,0.0,4.0249224,Bajo
-8.777,94.0,0.0,4.0249224,Bajo
-9.627,93.0,0.0,4.73506,Bajo
-10.177,92.0,0.0,4.802999,Bajo
-10.577001,92.0,0.0,4.2136917,Bajo
-10.977,92.0,0.0,4.3498964,Bajo
-11.327001,91.0,0.0,4.3498964,Bajo
-11.727,91.0,0.0,4.510787,Bajo
-12.227,90.0,0.0,4.896529,Bajo
-12.427,90.0,0.0,4.802999,Bajo
-12.527,91.0,0.0,4.896529,Bajo
-12.527,91.0,0.0,5.2416787,Bajo
-12.127,91.0,0.0,5.5887027,Bajo
-10.277,98.0,0.0,6.162207,Bajo
-10.427,98.0,0.0,6.87779,Bajo
-10.427,98.0,0.0,6.519877,Bajo
-9.877,98.0,0.0,6.130579,Bajo
-8.777,97.0,0.0,6.489992,Bajo
-7.2770004,95.0,0.0,6.849467,Bajo
-5.627,90.0,0.0,9.028754,Bajo
-4.877,88.0,0.0,9.826088,Bajo
-4.377,87.0,0.0,10.948973,Bajo
-4.427,86.0,0.0,11.659777,Bajo
-4.627,85.0,0.0,11.966953,Bajo
-4.5769997,85.0,0.0,12.287555,Bajo
-4.477,85.0,0.0,12.287555,Bajo
-4.977,86.0,0.0,9.779817,Bajo
-4.727,85.0,0.0,9.746631,Bajo
-4.2770004,85.0,0.0,10.440001,Bajo
-3.677,84.0,0.0,10.799999,Bajo
-3.477,85.0,0.0,10.308831,Bajo
-3.877,87.0,0.0,8.891344,Bajo
-4.927,90.0,0.0,8.557102,Bajo
-5.677,91.0,0.0,6.489992,Bajo
-6.227,91.0,0.0,6.1305785,Bajo
-6.7770004,91.0,0.0,5.634891,Bajo
-7.477,92.0,0.0,4.3498964,Bajo
-8.027,92.0,0.0,3.563818,Bajo
-8.127,95.0,0.0,2.5455842,Bajo
-9.327001,96.0,0.0,3.096837,Bajo
-10.027,98.0,0.0,3.096837,Bajo
-9.177,96.0,0.0,2.9024127,Bajo
-7.177,92.0,0.0,2.8799999,Bajo
-5.5769997,92.0,0.0,2.6208394,Bajo
-4.427,90.0,0.0,2.9024127,Bajo
-4.2770004,91.0,0.0,2.968636,Bajo
-4.927,90.0,0.0,3.096837,Bajo
-5.8269997,90.0,0.0,2.5959969,Bajo
-6.427,91.0,0.0,2.4149535,Bajo
-7.0769997,92.0,0.0,2.4149535,Bajo
-8.877,94.0,0.0,2.9024127,Bajo
-9.577001,94.0,0.0,3.096837,Bajo
-10.127,93.0,0.0,2.8116899,Bajo
-10.427,92.0,0.0,3.096837,Bajo
-10.627,91.0,0.0,3.6,Bajo
-10.777,90.0,0.0,3.7064266,Bajo
-10.227,89.0,0.0,3.4152596,Bajo
-10.377,88.0,0.0,4.2136917,Bajo
-10.427,88.0,0.0,4.5536795,Bajo
-10.427,88.0,0.0,5.0911684,Bajo
-10.327001,88.0,0.0,5.4119864,Bajo
-10.027,88.0,0.0,5.8048253,Bajo
-9.227,90.0,0.0,7.69592,Bajo
-7.927,90.0,0.0,8.557102,Bajo
-6.377,87.0,0.0,9.346143,Bajo
-4.5270004,83.0,0.0,11.620809,Bajo
-3.527,84.0,0.0,12.661564,Bajo
-3.027,86.0,0.0,13.627795,Moderado
-2.727,88.0,0.0,12.57426,Bajo
-2.427,89.0,0.0,12.144331,Bajo
-2.327,89.0,0.0,11.090103,Bajo
-2.327,89.0,0.0,9.6932955,Bajo
-2.577,88.0,0.0,8.12197,Bajo
-3.177,89.0,0.0,6.725354,Bajo
-3.127,94.0,0.0,7.172949,Bajo
-3.027,94.0,0.0,6.0347,Bajo
-2.927,94.0,0.0,5.5887027,Bajo
-3.277,92.0,0.0,5.506941,Bajo
-3.727,91.0,0.0,5.0911684,Bajo
-3.827,89.0,0.0,4.0249224,Bajo
-4.0769997,87.0,0.0,2.6208394,Bajo
-3.9269998,86.0,0.1,2.1897945,Bajo
-3.727,96.0,0.6,1.609969,Bajo
-3.877,96.0,0.1,3.4152596,Bajo
-4.677,96.0,0.0,4.198285,Bajo
-5.127,96.0,0.0,4.0249224,Bajo
-5.677,99.0,0.0,3.0547013,Bajo
-5.8269997,100.0,0.0,3.4152596,Bajo
-4.5769997,100.0,0.0,3.0758414,Bajo
-4.377,100.0,0.0,2.1897945,Bajo
-3.727,99.0,0.0,2.4149535,Bajo
-3.227,100.0,0.0,3.563818,Bajo
-2.577,100.0,0.0,4.6800003,Bajo
-2.527,98.0,0.1,4.3498964,Bajo
-2.677,97.0,0.3,3.8939953,Bajo
-2.777,96.0,0.5,3.396233,Bajo
-2.927,96.0,0.4,2.6208394,Bajo
-2.927,96.0,0.2,3.319036,Bajo
-2.677,95.0,0.0,3.6179552,Bajo
-2.577,93.0,0.0,4.3498964,Bajo
-2.527,92.0,0.0,4.0249224,Bajo
-2.627,90.0,0.0,3.096837,Bajo
-2.877,88.0,0.0,2.3051248,Bajo
-3.377,89.0,0.0,3.396233,Bajo
-3.827,90.0,0.0,4.0249224,Bajo
-4.227,91.0,0.0,3.396233,Bajo
-4.7770004,92.0,0.0,3.8268526,Bajo
-5.677,94.0,0.0,4.072935,Bajo
-6.377,94.0,0.0,4.1046314,Bajo
-6.477,93.0,0.0,4.198285,Bajo
-6.3269997,94.0,0.1,3.219938,Bajo
-6.2770004,94.0,0.1,2.6208394,Bajo
-6.177,94.0,0.2,2.3051248,Bajo
-5.177,93.0,0.2,1.08,Bajo
-3.477,91.0,0.1,2.2768397,Bajo
-2.127,90.0,0.0,2.6208394,Bajo
-0.827,85.0,0.0,1.1384199,Bajo
-0.77699995,84.0,0.0,1.1384199,Bajo
-1.277,83.0,0.0,1.08,Bajo
-1.8269999,85.0,0.0,1.8,Bajo
-2.477,88.0,0.0,1.8,Bajo
-2.977,90.0,0.0,2.6208394,Bajo
-3.327,88.0,0.0,2.3051248,Bajo
-4.3269997,88.0,0.0,4.452954,Bajo
-5.177,89.0,0.0,4.3498964,Bajo
-5.627,89.0,0.0,4.198285,Bajo
-5.977,89.0,0.0,4.072935,Bajo
-6.2770004,90.0,0.0,2.9024127,Bajo
-7.877,94.0,0.0,2.968636,Bajo
-8.527,95.0,0.0,3.319036,Bajo
-9.177,95.0,0.0,3.8773184,Bajo
-9.477,93.0,0.0,3.7064266,Bajo
-9.827001,93.0,0.0,3.5455887,Bajo
-10.127,93.0,0.0,3.4152596,Bajo
-10.277,92.0,0.0,3.219938,Bajo
-10.527,93.0,0.0,3.396233,Bajo
-10.477,93.0,0.0,3.7064266,Bajo
-9.227,91.0,0.0,2.8116899,Bajo
-7.477,90.0,0.0,2.5959969,Bajo
-5.8269997,90.0,0.0,2.4149535,Bajo
-4.727,88.0,0.0,4.452954,Bajo
-4.927,88.0,0.0,4.3349743,Bajo
-5.7770004,89.0,0.0,4.32,Bajo
-6.977,90.0,0.0,3.6,Bajo
-7.7770004,91.0,0.0,2.8799999,Bajo
-8.477,93.0,0.0,2.9024127,Bajo
-9.127,93.0,0.0,3.6179552,Bajo
-9.727,94.0,0.0,3.4152596,Bajo
-9.827001,93.0,0.0,3.319036,Bajo
-9.977,93.0,0.0,2.5455842,Bajo
-10.327001,94.0,0.0,2.0364676,Bajo
-10.527,94.0,0.0,2.3051248,Bajo
-9.777,91.0,0.0,3.219938,Bajo
-9.577001,91.0,0.0,3.0758414,Bajo
-9.377,91.0,0.0,2.8116899,Bajo
-9.477,91.0,0.0,2.5959969,Bajo
-9.777,91.0,0.0,3.319036,Bajo
-10.227,92.0,0.0,2.5959969,Bajo
-10.127,93.0,0.0,2.8116899,Bajo
-10.077001,93.0,0.0,2.8116899,Bajo
-9.427,92.0,0.0,2.9024127,Bajo
-8.227,90.0,0.0,1.5273507,Bajo
-6.8269997,90.0,0.0,1.9386592,Bajo
-5.377,90.0,0.0,1.484318,Bajo
-4.677,85.0,0.0,2.5455842,Bajo
-4.627,87.0,0.0,1.4399999,Bajo
-4.977,88.0,0.0,1.2979984,Bajo
-5.5270004,89.0,0.0,1.2979984,Bajo
-5.8269997,91.0,0.0,1.0182338,Bajo
-6.127,92.0,0.0,1.484318,Bajo
-6.127,92.0,0.0,1.835647,Bajo
-6.5769997,93.0,0.0,2.4149535,Bajo
-7.0270004,94.0,0.0,2.8116899,Bajo
-7.5769997,94.0,0.0,2.8116899,Bajo
-8.377,95.0,0.0,3.319036,Bajo
-8.977,95.0,0.0,3.563818,Bajo
-9.677,93.0,0.0,3.319036,Bajo
-10.077001,94.0,0.0,3.396233,Bajo
-10.427,94.0,0.0,3.319036,Bajo
-10.677,95.0,0.0,3.0547013,Bajo
-10.877,95.0,0.0,2.7416782,Bajo
-11.077001,95.0,0.0,2.6208394,Bajo
-10.827001,96.0,0.0,1.835647,Bajo
-11.127,96.0,0.0,2.2768397,Bajo
-10.577001,95.0,0.0,3.319036,Bajo
-9.027,93.0,0.0,2.5959969,Bajo
-7.177,91.0,0.0,2.0991426,Bajo
-5.627,91.0,0.0,2.3051248,Bajo
-4.177,91.0,0.0,3.8773184,Bajo
-4.2770004,91.0,0.0,4.452954,Bajo
-5.377,91.0,0.0,5.0911684,Bajo
-6.227,92.0,0.0,5.506941,Bajo
-6.677,92.0,0.0,5.3517847,Bajo
-6.5769997,92.0,0.0,6.193674,Bajo
-5.877,92.0,0.0,5.3999996,Bajo
-5.5769997,92.0,0.0,5.8603754,Bajo
-4.7770004,92.0,0.0,6.489992,Bajo
-4.0769997,92.0,0.0,8.891343,Bajo
-3.427,91.0,0.0,10.630672,Bajo
-3.177,92.0,0.0,12.413477,Bajo
-2.527,95.0,0.4,14.372974,Bajo
-2.027,96.0,0.9,14.685176,Bajo
-0.977,96.0,0.9,14.512064,Bajo
-0.127,97.0,1.0,17.313717,Bajo
0.122999996,96.0,0.9,18.057508,Bajo
0.073,96.0,0.6,18.36353,Bajo
0.073,96.0,0.6,18.35647,Bajo
0.17300001,97.0,0.8,17.208603,Bajo
0.423,96.0,0.9,16.071491,Bajo
0.323,97.0,0.9,13.207634,Bajo
0.223,98.0,0.7,7.145796,Bajo
0.073,98.0,0.4,7.6367526,Bajo
0.373,96.0,0.1,10.685391,Bajo
0.623,94.0,0.0,12.181625,Bajo
-0.07699999,92.0,0.0,12.979984,Bajo
-1.077,90.0,0.0,12.261158,Bajo
-1.427,89.0,0.0,11.609651,Bajo
-2.027,90.0,0.0,10.182337,Bajo
-2.027,92.0,0.0,10.495713,Bajo
-2.677,92.0,0.0,9.028754,Bajo
-3.327,93.0,0.0,7.928178,Bajo
-3.827,93.0,0.0,7.2359104,Bajo
-4.177,93.0,0.0,6.87779,Bajo
-4.2770004,93.0,0.0,7.208994,Bajo
-5.5270004,93.0,0.0,6.87779,Bajo
-5.727,93.0,0.0,7.2,Bajo
-5.927,92.0,0.0,7.928178,Bajo
-5.5769997,92.0,0.0,8.28,Bajo
-5.427,91.0,0.0,7.2,Bajo
-5.627,91.0,0.0,7.9526596,Bajo
-4.8269997,88.0,0.0,9.3876505,Bajo
-4.3269997,87.0,0.0,9.47012,Bajo
-2.827,90.0,0.0,10.538843,Bajo
-1.227,90.0,0.0,14.512064,Moderado
0.073,86.0,0.0,17.339897,Moderado
0.873,81.0,0.0,21.24,Moderado
0.773,75.0,0.0,20.188908,Moderado
0.17300001,76.0,0.0,16.62249,Moderado
-1.227,81.0,0.0,12.661564,Moderado
-2.077,81.0,0.0,10.483357,Bajo
-3.077,84.0,0.0,7.0911775,Bajo
-4.177,87.0,0.0,4.198285,Bajo
-5.377,89.0,0.0,4.3498964,Bajo
-5.877,88.0,0.0,3.6,Bajo
-6.3269997,89.0,0.0,2.5455842,Bajo
-6.727,91.0,0.0,3.7064266,Bajo
-5.127,92.0,0.0,4.73506,Bajo
-3.427,90.0,0.0,6.151683,Bajo
-5.227,93.0,0.0,3.396233,Bajo
-4.5769997,92.0,0.0,5.3999996,Bajo
-3.827,92.0,0.0,6.989936,Bajo
-3.627,92.0,0.0,6.696387,Bajo
-4.0769997,93.0,0.0,5.1919937,Bajo
-4.477,93.0,0.0,4.39436,Bajo
-4.627,94.0,0.0,4.3498964,Bajo
-5.0270004,94.0,0.0,4.198285,Bajo
-5.3269997,94.0,0.0,2.6208394,Bajo
-4.677,94.0,0.0,1.4399999,Bajo
-3.577,92.0,0.0,1.484318,Bajo
-2.777,91.0,0.0,2.3051248,Bajo
-1.577,92.0,0.0,2.4149535,Bajo
-1.927,93.0,0.0,3.7585104,Bajo
-3.477,94.0,0.0,5.04,Bajo
-5.127,94.0,0.0,5.8048253,Bajo
-6.227,93.0,0.0,6.924738,Bajo
-6.677,92.0,0.0,8.049845,Bajo
-7.0270004,92.0,0.0,8.4963045,Bajo
-5.2770004,91.0,0.0,10.144082,Bajo
-3.177,92.0,0.0,10.495713,Bajo
-2.827,93.0,0.0,8.217153,Bajo
-2.727,93.0,0.0,7.653705,Bajo
-2.227,94.0,0.1,8.209263,Bajo
-2.077,94.0,0.4,10.233123,Bajo
-1.627,95.0,0.8,8.435069,Bajo
-1.427,97.0,1.7,4.8965297,Bajo
-1.427,97.0,1.4,5.00128,Bajo
-1.227,97.0,0.9,6.989936,Bajo
-1.077,97.0,0.6,8.373386,Bajo
-1.177,97.0,1.1,6.924738,Bajo
-0.92700005,97.0,1.4,8.557102,Bajo
-0.677,97.0,1.5,9.346143,Bajo
-0.477,97.0,1.6,10.239453,Bajo
-0.32700002,96.0,1.4,10.464798,Bajo
-0.127,96.0,1.1,11.013882,Bajo
0.122999996,96.0,0.5,6.9247384,Bajo
0.273,95.0,0.1,6.193674,Bajo
-0.17699999,94.0,0.0,4.8433046,Bajo
-0.92700005,94.0,0.1,5.1919937,Bajo
-1.227,93.0,0.0,5.3517847,Bajo
-1.627,92.0,0.0,5.0142193,Bajo
-1.8770001,91.0,0.1,5.634891,Bajo
-1.577,89.0,0.0,6.439876,Bajo
-1.677,88.0,0.0,6.3690495,Bajo
-1.577,88.0,0.0,6.193674,Bajo
-1.127,89.0,0.1,6.193674,Bajo
-0.32700002,87.0,0.1,8.049845,Bajo
1.523,85.0,0.1,14.917212,Moderado
1.673,85.0,0.1,16.09969,Moderado
1.723,84.0,0.0,14.869351,Moderado
1.673,84.0,0.0,14.154915,Moderado
1.673,84.0,0.1,13.138765,Moderado
1.573,84.0,0.1,11.792404,Bajo
1.523,86.0,0.1,13.217443,Moderado
1.273,87.0,0.1,11.090103,Bajo
1.473,86.0,0.0,11.720751,Bajo
1.323,84.0,0.0,11.246759,Bajo
1.323,82.0,0.0,8.209263,Bajo
1.323,81.0,0.0,5.495161,Bajo
1.273,82.0,0.0,1.484318,Bajo
0.723,84.0,0.0,2.6208394,Bajo
-0.577,88.0,0.0,2.9024127,Bajo
-1.927,90.0,0.0,2.4149535,Bajo
-2.677,92.0,0.0,2.5455842,Bajo
-3.677,95.0,0.0,3.6179552,Bajo
-3.277,94.0,0.0,3.6,Bajo
-3.177,93.0,0.0,2.8799999,Bajo
-3.177,93.0,0.0,2.9024127,Bajo
-3.227,93.0,0.0,2.8799999,Bajo
-3.477,93.0,0.0,3.2399998,Bajo
-3.527,94.0,0.0,2.52,Bajo
-3.727,95.0,0.0,2.8116899,Bajo
-4.627,98.0,0.0,2.4149535,Bajo
-5.227,99.0,0.0,2.7416782,Bajo
-5.427,99.0,0.0,3.0758414,Bajo
-5.5769997,99.0,0.0,3.219938,Bajo
-5.8269997,99.0,0.0,3.0758414,Bajo
-6.5769997,97.0,0.0,2.7416782,Bajo
-7.127,97.0,0.0,3.0758414,Bajo
-7.0270004,97.0,0.0,2.9024127,Bajo
-5.977,95.0,0.0,2.3051248,Bajo
-4.0270004,91.0,0.0,2.0364676,Bajo
-2.727,90.0,0.0,2.4149535,Bajo
-1.8770001,89.0,0.0,2.6208394,Bajo
-1.777,91.0,0.0,2.5455842,Bajo
-2.927,93.0,0.0,3.0758414,Bajo
-4.427,96.0,0.0,2.52,Bajo
-5.627,99.0,0.0,2.4149535,Bajo
-5.7770004,100.0,0.0,2.3051248,Bajo
-7.0270004,100.0,0.0,4.0249224,Bajo
-8.527,100.0,0.0,3.319036,Bajo
-8.877,100.0,0.0,3.096837,Bajo
-8.877,100.0,0.0,2.9024127,Bajo
-8.627,100.0,0.0,3.396233,Bajo
-8.327001,100.0,0.0,3.8939953,Bajo
-8.377,100.0,0.0,5.315336,Bajo
-8.277,100.0,0.0,5.506941,Bajo
-8.477,100.0,0.0,5.0528407,Bajo
-8.827001,100.0,0.0,5.04,Bajo
-9.077001,100.0,0.0,4.73506,Bajo
-9.127,100.0,0.0,4.0249224,Bajo
-8.577001,100.0,0.0,3.8939953,Bajo
-8.627,100.0,0.0,4.6938257,Bajo
-8.177,100.0,0.0,4.198285,Bajo
-7.627,100.0,0.0,3.671294,Bajo
-7.0270004,100.0,0.0,2.1897945,Bajo
-6.5769997,100.0,0.0,2.3051248,Bajo
-6.2770004,100.0,0.0,3.0547013,Bajo
-6.0270004,98.0,0.0,2.7416782,Bajo
-6.177,100.0,0.0,1.9386592,Bajo
-6.427,100.0,0.0,0.8049845,Bajo
-6.5769997,100.0,0.0,0.8049845,Bajo
-6.927,100.0,0.0,2.2768397,Bajo
-7.5270004,99.0,0.0,2.9024127,Bajo
-7.377,100.0,0.0,3.9763298,Bajo
-7.5769997,100.0,0.0,4.6938252,Bajo
-7.877,100.0,0.0,4.6938252,Bajo
-8.127,99.0,0.0,4.1046314,Bajo
-8.677,98.0,0.0,3.8773184,Bajo
-8.227,98.0,0.0,4.379589,Bajo
-9.027,96.0,0.0,3.8773184,Bajo
-9.727,93.0,0.0,4.6938257,Bajo
-9.827001,91.0,0.0,4.39436,Bajo
-9.377,91.0,0.0,4.6938257,Bajo
-8.327001,92.0,0.0,5.4833565,Bajo
-6.8269997,95.0,0.0,8.287822,Bajo
-4.377,95.0,0.0,10.1376915,Bajo
-2.027,94.0,0.0,14.154915,Bajo
-0.627,93.0,0.0,15.815435,Moderado
0.573,93.0,0.0,18.0036,Moderado
1.073,93.0,0.0,20.617662,Moderado
1.323,91.0,0.0,21.398056,Moderado
1.573,91.0,0.0,21.046917,Moderado
1.523,90.0,0.0,20.06334,Moderado
1.073,91.0,0.0,17.373497,Moderado
0.623,92.0,0.0,14.830076,Moderado
0.473,91.0,0.0,12.6462,Bajo
0.473,90.0,0.0,12.6462,Bajo
0.523,89.0,0.0,11.159999,Bajo
-0.02700001,90.0,0.0,9.422101,Bajo
-0.827,92.0,0.0,8.669949,Bajo
-1.277,91.0,0.0,7.92,Bajo
-1.377,90.0,0.0,7.5685663,Bajo
0.373,85.0,0.0,11.159999,Bajo
0.773,84.0,0.0,11.183201,Bajo
0.723,83.0,0.0,10.594036,Bajo
0.273,83.0,0.0,9.9571085,Bajo
-0.07699999,82.0,0.0,9.6932955,Bajo
-0.877,82.0,0.0,9.0,Bajo
-3.277,84.0,0.0,7.9526596,Bajo
-4.0769997,84.0,0.0,7.771331,Bajo
-4.127,84.0,0.0,7.42159,Bajo
-2.627,81.0,0.0,7.9526596,Bajo
-0.32700002,77.0,0.0,9.0,Bajo
1.123,75.0,0.0,10.823973,Bajo
1.273,79.0,0.0,13.276144,Moderado
1.173,81.0,0.0,14.081478,Moderado
0.773,83.0,0.0,15.188415,Moderado
0.373,86.0,0.0,17.106628,Moderado
0.17300001,88.0,0.0,17.462784,Moderado
0.023000002,90.0,0.0,17.373497,Moderado
-0.32700002,88.0,0.0,14.830076,Moderado
-0.37699997,89.0,0.0,14.685176,Moderado
-0.427,90.0,0.0,15.281989,Moderado
-0.527,90.0,0.0,15.827721,Moderado
-0.127,89.0,0.0,19.483284,Moderado
0.673,88.0,0.0,25.099514,Moderado
1.373,85.0,0.0,27.193705,Alto
1.523,86.0,0.0,28.467329,Alto
1.473,85.0,0.0,27.607563,Alto
1.423,85.0,0.0,27.553526,Alto
1.623,86.0,0.0,29.035288,Alto
1.873,87.0,0.0,30.312773,Alto
2.023,87.0,0.0,33.971867,Alto
2.223,89.0,0.0,33.97187,Alto
2.423,89.0,0.0,33.04361,Alto
2.873,88.0,0.1,32.919827,Alto
3.323,84.0,0.1,36.102455,Alto
3.223,86.0,0.4,40.78182,Alto
3.773,83.0,0.2,41.19759,Alto
3.923,83.0,0.1,43.022636,Muy alto
4.123,81.0,0.1,43.597176,Muy alto
3.823,82.0,0.0,42.133842,Muy alto
3.523,83.0,0.0,37.08175,Alto
3.323,82.0,0.0,33.510952,Alto
3.473,80.0,0.0,37.550602,Alto
3.173,75.0,0.0,33.449017,Alto
2.673,71.0,0.0,29.795301,Alto
1.723,69.0,0.0,26.987997,Alto
1.123,69.0,0.0,25.651104,Alto
0.823,67.0,0.0,26.727423,Alto
1.473,67.0,0.0,33.137604,Alto
1.423,68.0,0.0,36.23682,Muy alto
1.523,69.0,0.0,39.33072,Muy alto
1.523,68.0,0.0,39.575443,Muy alto
1.473,68.0,0.0,40.915073,Muy alto
1.473,67.0,0.0,41.742928,Muy alto
2.073,69.0,0.0,43.6551,Muy alto
1.923,69.0,0.0,42.402134,Muy alto
2.223,67.0,0.0,40.4115,Muy alto
2.623,63.0,0.0,37.84283,Muy alto
2.923,60.0,0.0,35.259792,Muy alto
3.073,59.0,0.0,32.714474,Alto
3.173,58.0,0.0,34.03476,Muy alto
2.923,59.0,0.0,29.257614,Alto
2.1729999,63.0,0.0,24.923338,Alto
1.073,69.0,0.0,21.602999,Moderado
0.673,71.0,0.0,20.211363,Moderado
0.423,72.0,0.0,18.888851,Moderado
-0.02700001,72.0,0.0,18.228943,Moderado
-0.227,73.0,0.0,18.532133,Moderado
-0.37699997,74.0,0.0,19.110542,Moderado
-0.627,75.0,0.0,20.172853,Moderado
-0.727,78.0,0.0,21.602999,Moderado
-0.627,81.0,0.0,22.366402,Moderado
-0.02700001,85.0,0.0,23.683512,Moderado
0.423,86.0,0.0,22.930048,Moderado
0.673,86.0,0.0,22.226902,Moderado
1.073,92.0,0.1,23.132626,Moderado
1.273,93.0,0.0,22.104116,Moderado
1.523,93.0,0.0,20.275385,Moderado
2.523,92.0,0.0,21.791153,Moderado
3.923,88.0,0.0,32.777798,Alto
4.273,84.0,0.0,36.748222,Alto
4.4729996,85.0,0.0,36.764088,Alto
5.023,84.0,0.0,37.648838,Alto
5.4729996,84.0,0.0,40.23312,Muy alto
5.7229996,79.0,0.0,42.60338,Muy alto
5.623,80.0,0.0,40.091137,Muy alto
5.123,83.0,0.0,36.217144,Alto
4.9729996,88.0,0.0,33.805515,Alto
4.823,91.0,0.0,29.427658,Alto
5.2229996,90.0,0.0,31.796375,Alto
5.4230003,91.0,0.0,33.1845,Alto
5.7229996,92.0,0.0,34.17157,Alto
6.123,89.0,0.0,34.322937,Alto
6.773,85.0,0.0,43.321327,Muy alto
6.623,85.0,0.0,41.835968,Muy alto
6.523,85.0,0.1,36.764088,Alto
6.773,81.0,0.1,38.886665,Muy alto
6.623,78.0,0.1,42.864193,Muy alto
6.323,76.0,0.0,46.834602,Muy alto
5.6730003,79.0,0.0,46.50832,Muy alto
5.373,80.0,0.0,43.973083,Muy alto
5.4729996,80.0,0.0,42.864193,Muy alto
5.823,79.0,0.0,45.721416,Muy alto
5.323,78.0,0.0,41.798775,Muy alto
5.4230003,79.0,0.0,38.56203,Muy alto
6.123,77.0,0.0,38.546906,Muy alto
6.523,71.0,0.0,41.982853,Muy alto
6.7229996,74.0,0.0,39.98594,Muy alto
6.4230003,72.0,0.0,41.76621,Muy alto
6.1730003,75.0,0.0,41.117294,Muy alto
5.823,77.0,0.0,40.377815,Muy alto
5.523,80.0,0.0,39.626175,Muy alto
5.623,81.0,0.0,38.894997,Muy alto
5.6730003,82.0,0.0,37.806854,Alto
5.4230003,81.0,0.0,34.03095,Alto
5.273,81.0,0.0,32.686733,Alto
4.9729996,82.0,0.0,30.78368,Alto
4.773,83.0,0.0,30.500309,Alto
4.7229996,85.0,0.1,30.54701,Alto
4.773,84.0,0.1,30.955812,Alto
5.023,79.0,0.0,28.883131,Alto
5.323,78.0,0.0,30.244286,Alto
5.373,77.0,0.0,32.91983,Alto
5.323,77.0,0.0,32.47192,Alto
5.373,77.0,0.0,31.338614,Alto
5.323,78.0,0.0,32.09052,Alto
5.6730003,75.0,0.0,28.162956,Alto
5.7229996,75.0,0.0,29.522196,Alto
6.073,74.0,0.0,29.888672,Alto
6.523,73.0,0.0,31.37168,Alto
6.773,71.0,0.0,31.035257,Alto
6.9230003,73.0,0.0,31.012281,Alto
6.7229996,73.0,0.0,32.2034,Alto
6.4729996,73.0,0.0,31.452133,Alto
5.9230003,75.0,0.0,28.981676,Alto
5.2229996,78.0,0.0,24.522316,Moderado
4.7229996,82.0,0.0,20.883104,Moderado
4.273,85.0,0.0,18.014393,Moderado
3.823,86.0,0.0,17.673029,Moderado
3.373,88.0,0.0,14.618837,Moderado
2.873,91.0,0.0,12.522619,Bajo
2.673,91.0,0.0,12.904882,Bajo
2.973,93.0,0.0,12.879752,Bajo
3.523,92.0,0.0,13.527572,Bajo
3.173,90.0,0.0,13.527572,Moderado
3.423,90.0,0.0,13.854155,Moderado
3.323,91.0,0.0,12.43434,Bajo
3.223,91.0,0.0,11.440979,Bajo
3.073,90.0,0.0,10.315115,Bajo
3.173,88.0,0.0,10.1887,Bajo
3.023,88.0,0.0,8.891343,Bajo
2.973,89.0,0.0,8.427383,Bajo
3.223,90.0,0.0,7.42159,Bajo
4.4729996,86.0,0.0,8.049845,Bajo
6.073,80.0,0.0,10.883676,Bajo
7.323,74.0,0.0,13.18308,Moderado
7.773,69.0,0.0,9.793059,Moderado
7.4729996,68.0,0.0,7.0911775,Bajo
6.1730003,73.0,0.0,5.2416787,Bajo
4.4729996,79.0,0.0,4.6938252,Bajo
3.323,83.0,0.0,4.3349743,Bajo
2.573,85.0,0.0,3.319036,Bajo
1.323,88.0,0.0,4.1046314,Bajo
0.773,91.0,0.0,4.0249224,Bajo
0.473,91.0,0.0,3.4152596,Bajo
-0.02700001,93.0,0.0,2.968636,Bajo
-0.627,96.0,0.0,2.9024127,Bajo
-1.077,99.0,0.0,3.0758414,Bajo
-1.377,92.0,0.0,2.968636,Bajo
-1.427,92.0,0.0,2.8799999,Bajo
-1.177,90.0,0.0,2.6208394,Bajo
-1.127,90.0,0.0,3.0758414,Bajo
-1.527,93.0,0.0,3.4152596,Bajo
-1.8269999,95.0,0.0,3.5455887,Bajo
-1.977,94.0,0.0,4.6938252,Bajo
-1.8269999,94.0,0.0,4.1046314,Bajo
-1.177,92.0,0.0,3.7585104,Bajo
0.073,87.0,0.0,2.9024127,Bajo
1.273,85.0,0.0,2.3051248,Bajo
2.023,85.0,0.1,2.3051248,Bajo
2.323,91.0,0.7,1.9386592,Bajo
2.973,88.0,0.5,0.35999998,Bajo
3.173,87.0,0.0,1.8,Bajo
2.623,89.0,0.0,4.452954,Bajo
1.723,92.0,0.0,5.506941,Bajo
1.523,92.0,0.0,7.072878,Bajo
1.823,91.0,0.0,8.350138,Bajo
2.1230001,92.0,0.0,9.255571,Bajo
2.373,92.0,0.0,9.178235,Bajo
2.273,92.0,0.0,8.049845,Bajo
2.273,92.0,0.0,7.5170207,Bajo
2.023,94.0,0.0,6.6185193,Bajo
2.073,92.0,0.0,7.729527,Bajo
2.273,91.0,0.0,6.763786,Bajo
2.823,90.0,0.0,8.699793,Bajo
3.273,88.0,0.0,10.163227,Bajo
3.373,89.0,0.0,10.966713,Bajo
3.073,90.0,0.0,10.464797,Bajo
2.273,90.0,0.0,9.028754,Bajo
2.273,90.0,0.0,7.5685663,Bajo
2.1729999,91.0,0.0,6.151683,Bajo
2.723,91.0,0.0,4.379589,Bajo
3.523,89.0,0.0,4.6800003,Bajo
4.323,86.0,0.0,4.8965297,Bajo
5.773,80.0,0.0,5.991594,Bajo
5.773,80.0,0.0,5.991594,Bajo
4.9729996,82.0,0.0,4.6938257,Bajo
3.673,86.0,0.0,3.8939953,Bajo
2.873,89.0,0.0,4.198285,Bajo
2.623,90.0,0.0,4.1046314,Bajo
2.723,90.0,0.0,2.7416782,Bajo
2.523,89.0,0.0,3.5455887,Bajo
2.573,88.0,0.0,4.1046314,Bajo
2.573,88.0,0.0,3.319036,Bajo
2.773,87.0,0.1,3.319036,Bajo
2.873,86.0,0.2,3.0547013,Bajo
2.273,91.0,0.3,3.2399998,Bajo
2.273,92.0,0.3,3.219938,Bajo
1.473,96.0,0.3,4.896529,Bajo
1.523,95.0,0.1,5.2416787,Bajo
1.373,95.0,0.0,3.8773184,Bajo
1.223,95.0,0.0,2.9024127,Bajo
1.123,96.0,0.0,4.5536795,Bajo
0.973,96.0,0.0,3.5455887,Bajo
1.173,96.0,0.0,1.484318,Bajo
1.573,95.0,0.0,1.835647,Bajo
2.073,95.0,0.1,1.8,Bajo
2.823,95.0,0.1,0.71999997,Bajo
3.923,90.0,0.2,1.8,Bajo
4.073,90.0,0.2,1.4399999,Bajo
3.673,92.0,0.0,1.1384199,Bajo
3.373,91.0,0.0,1.8,Bajo
2.473,94.0,0.0,3.6,Bajo
1.923,95.0,0.0,4.379589,Bajo
1.923,93.0,0.1,5.3999996,Bajo
2.1230001,92.0,0.0,7.2359104,Bajo
2.573,91.0,0.2,7.8954163,Bajo
2.973,90.0,1.0,7.7879906,Bajo
2.923,89.0,0.6,3.6,Bajo
2.473,89.0,0.3,5.7599998,Bajo
2.273,88.0,0.1,7.5685663,Bajo
2.1729999,83.0,0.1,9.885262,Bajo
1.673,81.0,0.0,11.043261,Bajo
1.123,77.0,0.0,12.979984,Moderado
0.623,75.0,0.0,13.708391,Moderado
0.223,77.0,0.0,14.408997,Moderado
-0.227,74.0,0.0,14.471821,Moderado
-0.527,73.0,0.0,14.440443,Moderado
-0.427,74.0,0.0,13.979871,Moderado
0.273,76.0,0.0,15.937878,Moderado
1.473,74.0,0.0,18.792551,Moderado
2.523,69.0,0.0,19.839235,Moderado
3.323,68.0,0.0,22.81957,Moderado
3.573,73.0,0.0,20.898611,Moderado
3.923,77.0,0.0,22.862125,Moderado
3.873,80.0,0.0,23.469128,Moderado
3.523,83.0,0.0,21.9718,Moderado
3.423,83.0,0.0,22.033648,Moderado
3.323,67.0,0.0,23.863409,Alto
3.023,64.0,0.0,24.503809,Alto
2.523,69.0,0.0,21.288757,Moderado
2.023,79.0,0.0,19.201874,Moderado
1.923,85.0,0.0,18.844202,Moderado
1.923,85.0,0.0,19.35314,Moderado
1.873,84.0,0.0,19.770523,Moderado
2.073,87.0,0.0,19.0392,Moderado
2.723,87.0,0.0,19.386591,Moderado
3.423,86.0,0.0,19.211996,Moderado
3.923,85.0,0.0,19.483284,Moderado
4.023,84.0,0.0,18.388212,Moderado
3.923,84.0,0.0,21.900904,Moderado
4.373,82.0,0.0,22.73707,Moderado
4.773,80.0,0.0,23.828083,Moderado
5.2229996,79.0,0.0,26.564486,Alto
5.373,79.0,0.1,28.185955,Alto
5.4230003,79.0,0.2,28.503725,Moderado
5.6730003,77.0,0.2,28.174458,Moderado
5.4729996,78.0,0.2,27.212759,Moderado
5.373,79.0,0.1,26.564486,Alto
5.1730003,81.0,0.1,24.149532,Moderado
5.1730003,80.0,0.1,23.532547,Moderado
5.373,75.0,0.1,27.698954,Alto
5.4230003,74.0,0.2,28.84721,Moderado
5.4729996,75.0,0.1,29.47826,Alto
5.4230003,76.0,0.1,29.795301,Alto
5.323,77.0,0.1,27.381308,Alto
5.323,78.0,0.1,27.381308,Alto
5.4230003,79.0,0.1,27.086262,Alto
5.773,76.0,0.1,27.381308,Alto
5.873,77.0,0.1,26.099379,Alto
5.9729996,81.0,0.1,24.162947,Moderado
6.073,82.0,0.1,24.472057,Moderado
6.273,83.0,0.1,23.993399,Moderado
6.2229996,85.0,0.1,24.819122,Moderado
6.373,83.0,0.1,22.702845,Moderado
6.1730003,80.0,0.0,24.144167,Moderado
6.123,78.0,0.1,23.263912,Moderado
6.4729996,67.0,0.1,28.137632,Alto
6.4729996,66.0,0.0,29.257614,Alto
6.4230003,63.0,0.0,32.343952,Alto
6.323,64.0,0.1,38.243114,Muy alto
5.4729996,70.0,0.3,38.08861,Alto
4.9230003,70.0,0.2,39.626175,Alto
4.6730003,70.0,0.1,37.550602,Muy alto
4.623,70.0,0.0,40.186382,Muy alto
4.4729996,68.0,0.0,38.41387,Muy alto
3.923,72.0,0.0,43.225487,Muy alto
3.723,72.0,0.0,42.699093,Muy alto
3.273,68.0,0.0,40.480392,Muy alto
2.773,69.0,0.0,36.764088,Muy alto
2.423,73.0,0.0,30.453527,Alto
2.1230001,78.0,0.0,23.110207,Moderado
1.673,79.0,0.0,18.806337,Moderado
1.273,84.0,0.0,13.207634,Moderado
1.023,87.0,0.0,8.654987,Bajo
1.123,90.0,0.0,6.130579,Bajo
1.473,90.0,0.0,9.107359,Bajo
2.073,89.0,0.3,14.081478,Bajo
3.173,80.0,0.1,20.991426,Moderado
3.423,77.0,0.0,23.770906,Moderado
4.023,74.0,0.0,27.748037,Alto
4.9729996,76.0,0.0,29.07989,Alto
6.2229996,79.0,0.0,34.838253,Alto
7.323,76.0,0.0,35.80688,Alto
7.823,81.0,0.4,35.74711,Alto
7.373,85.0,1.1,30.918108,Moderado
7.4230003,88.0,1.5,35.09769,Alto
7.4729996,87.0,1.6,41.848354,Alto
7.523,80.0,0.9,43.831387,Alto
7.273,79.0,0.9,45.60079,Muy alto
6.373,74.0,0.4,51.33378,Muy alto
4.823,71.0,0.0,50.482216,Muy alto
3.973,69.0,0.0,48.32589,Muy alto
3.323,69.0,0.0,48.305775,Muy alto
2.773,70.0,0.0,48.261486,Muy alto
2.373,71.0,0.0,46.102493,Muy alto
2.1729999,71.0,0.0,43.2015,Muy alto
2.073,71.0,0.0,40.334457,Muy alto
2.073,71.0,0.0,37.14286,Muy alto
2.073,75.0,0.0,34.114628,Alto
2.1230001,76.0,0.0,30.85307,Alto
2.1230001,78.0,0.0,28.58545,Alto
2.423,79.0,0.1,29.882166,Alto
2.873,81.0,0.1,33.588207,Alto
3.673,75.0,0.0,37.84283,Muy alto
4.273,68.0,0.0,40.03938,Muy alto
4.7229996,67.0,0.0,41.117294,Muy alto
4.873,67.0,0.0,41.784824,Muy alto
4.7229996,65.0,0.0,38.535137,Muy alto
4.523,65.0,0.0,37.801712,Muy alto
4.123,69.0,0.0,36.721764,Muy alto
3.623,73.0,0.0,36.028786,Alto
3.323,75.0,0.0,36.115017,Alto
3.173,75.0,0.0,35.945957,Alto
2.923,77.0,0.0,35.369884,Alto
2.673,77.0,0.0,33.168877,Alto
2.523,80.0,0.0,30.619051,Alto
2.273,82.0,0.0,25.929996,Moderado
1.823,85.0,0.0,20.176065,Moderado
1.623,89.0,0.0,15.2947035,Moderado
1.373,93.0,0.0,6.151683,Bajo
1.673,93.0,1.4,15.986595,Bajo
0.873,97.0,1.3,11.183201,Bajo
1.523,94.0,1.0,8.557102,Bajo
1.573,94.0,0.8,9.449572,Bajo
2.323,91.0,0.8,8.534353,Bajo
3.973,85.0,0.2,5.4833565,Bajo
5.373,88.0,0.1,13.755579,Moderado
8.123,78.0,0.0,32.696644,Alto
8.873,72.0,0.0,37.600616,Muy alto
8.623,71.0,0.0,36.233246,Muy alto
7.9729996,69.0,0.0,37.909554,Muy alto
8.373,63.0,0.1,36.860905,Muy alto
7.773,63.0,0.0,37.226505,Muy alto
7.1730003,66.0,0.0,39.562344,Muy alto
6.323,68.0,0.0,42.73702,Muy alto
4.6730003,68.0,0.0,44.014324,Muy alto
3.873,63.0,0.0,41.67612,Muy alto
3.273,67.0,0.0,49.52454,Muy alto
2.473,61.0,0.0,46.675217,Muy alto
2.1230001,67.0,0.0,43.38112,Muy alto
1.973,71.0,0.0,38.423992,Muy alto
1.773,74.0,0.0,33.26252,Alto
1.723,76.0,0.0,28.802248,Alto
1.523,72.0,0.0,29.195534,Alto
1.223,74.0,0.0,25.984917,Alto
0.773,76.0,0.0,23.313995,Moderado
0.423,81.0,0.0,21.915693,Moderado
0.223,81.0,0.0,22.007162,Moderado
0.073,81.0,0.0,18.448023,Moderado
-0.827,84.0,0.0,8.534353,Bajo
-1.227,87.0,0.0,6.792466,Bajo
-0.677,85.0,0.0,7.5685663,Bajo
0.623,79.0,0.0,5.937272,Bajo
1.923,69.0,0.0,8.707238,Bajo
3.073,61.0,0.0,17.643673,Moderado
3.173,70.0,0.0,20.721119,Moderado
2.973,71.0,0.0,20.633371,Moderado
2.623,76.0,0.0,17.731598,Moderado
2.073,79.0,0.0,13.797912,Moderado
1.523,83.0,0.0,11.183201,Bajo
1.373,84.0,0.0,6.9527545,Bajo
1.423,82.0,0.1,0.35999998,Bajo
1.373,79.0,0.0,2.6208394,Bajo
0.673,82.0,0.0,5.495161,Bajo
0.523,84.0,0.0,7.7043357,Bajo
0.773,87.0,0.0,10.514218,Bajo
0.723,92.0,0.0,10.948973,Bajo
0.373,91.0,0.0,11.874544,Bajo
0.273,93.0,0.0,11.726277,Bajo
0.073,93.0,0.0,11.043261,Bajo
0.122999996,92.0,0.0,11.440979,Bajo
-0.02700001,92.0,0.0,11.592895,Bajo
0.023000002,91.0,0.0,10.383987,Bajo
-0.07699999,85.0,0.0,11.019764,Bajo
-0.02700001,87.0,0.0,11.808878,Bajo
0.773,79.0,0.0,14.4,Moderado
1.923,70.0,0.0,21.385939,Moderado
2.1729999,74.0,0.1,26.260265,Alto
3.323,69.0,0.0,28.257132,Alto
4.4230003,70.0,0.0,29.6383,Alto
4.023,78.0,0.1,28.467327,Alto
3.723,74.0,0.0,25.006397,Alto
3.023,71.0,0.0,23.277834,Moderado
2.523,72.0,0.0,22.26768,Moderado
2.223,76.0,0.0,23.333443,Moderado
1.823,83.0,0.0,22.691423,Moderado
1.923,83.0,0.0,24.063513,Moderado
1.723,86.0,0.0,22.828087,Moderado
1.773,86.0,0.1,23.904108,Moderado
1.923,85.0,0.0,25.77962,Moderado
1.923,83.0,0.0,25.661207,Moderado
1.873,85.0,0.0,23.233252,Moderado
2.023,84.0,0.0,22.406927,Moderado
1.673,88.0,0.2,21.650938,Moderado
1.673,88.0,0.0,20.746122,Moderado
1.523,89.0,0.0,18.584509,Moderado
1.623,89.0,0.0,18.11841,Moderado
1.073,94.0,0.0,18.532135,Moderado
1.273,92.0,0.1,20.140705,Moderado
1.323,91.0,0.0,19.930477,Moderado
1.673,87.0,0.0,21.175835,Moderado
2.223,80.0,0.0,23.664352,Moderado
2.423,71.0,0.0,26.758923,Alto
2.473,70.0,0.0,29.339449,Alto
2.323,70.0,0.0,29.478264,Alto
1.773,73.0,0.0,28.467329,Alto
1.123,77.0,0.0,28.001427,Alto
0.823,79.0,0.0,27.059933,Alto
0.573,79.0,0.0,23.97989,Moderado
0.17300001,81.0,0.0,22.26477,Moderado
-0.127,83.0,0.0,22.805367,Moderado
-0.32700002,85.0,0.0,22.380884,Moderado
-0.477,85.0,0.0,21.188072,Moderado
-0.577,85.0,0.0,20.774214,Moderado
-0.727,85.0,0.0,20.008356,Moderado
-1.077,89.0,0.0,17.873556,Moderado
-1.077,89.0,0.0,17.873556,Moderado
-1.127,87.0,0.0,18.64369,Moderado
-1.227,87.0,0.0,18.844202,Moderado
-1.377,87.0,0.0,17.873556,Moderado
-1.477,85.0,0.0,18.709612,Moderado
-1.327,85.0,0.0,22.180206,Moderado
-1.427,84.0,0.0,21.398056,Moderado
-0.877,82.0,0.0,19.93048,Moderado
0.122999996,76.0,0.0,20.188908,Moderado
1.123,73.0,0.0,23.990698,Moderado
1.523,74.0,0.0,26.111792,Alto
1.673,71.0,0.0,28.162956,Alto
1.373,70.0,0.0,26.67889,Alto
0.873,70.0,0.0,25.570139,Alto
0.122999996,73.0,0.0,23.762726,Moderado
-0.427,73.0,0.0,23.762726,Moderado
-0.92700005,71.0,0.0,23.444265,Moderado
-1.727,73.0,0.0,23.469128,Moderado
-2.177,62.0,0.0,26.309572,Alto
-2.927,59.0,0.0,25.277023,Alto
-3.427,60.0,0.0,23.584808,Alto
-3.7770002,65.0,0.0,20.880001,Moderado
-3.977,71.0,0.0,19.829433,Moderado
-4.377,74.0,0.0,21.862406,Moderado
-3.577,78.0,0.0,24.149532,Moderado
-3.127,67.0,0.0,26.27753,Alto
-3.127,65.0,0.0,27.595825,Alto
-2.977,64.0,0.0,28.930204,Alto
-2.627,61.0,0.0,29.257614,Alto
-2.527,64.0,0.0,27.897097,Alto
-2.327,64.0,0.0,25.620771,Alto
-1.627,62.0,0.0,23.565567,Alto
-0.577,59.0,0.0,24.606731,Alto
0.17300001,56.0,0.0,25.40743,Alto
0.573,54.0,0.0,25.282152,Alto
0.723,53.0,0.0,27.943512,Alto
0.623,52.0,0.0,24.023088,Alto
0.273,56.0,0.0,18.692286,Moderado
-0.627,65.0,0.0,12.599999,Moderado
-1.577,74.0,0.0,9.904906,Bajo
-2.077,81.0,0.0,8.39657,Bajo
-2.077,86.0,0.0,8.654987,Bajo
-1.077,95.0,0.1,7.7879906,Bajo
-0.577,95.0,0.2,10.799999,Bajo
-0.227,94.0,0.0,15.856354,Moderado
0.17300001,93.0,0.0,18.998316,Moderado
0.423,92.0,0.1,20.771093,Moderado
0.723,91.0,0.0,20.073025,Moderado
0.823,92.0,0.0,22.406927,Moderado
0.923,88.0,0.0,22.930048,Moderado
0.973,87.0,0.0,23.469128,Moderado
1.023,88.0,0.0,23.683512,Moderado
1.023,88.0,0.0,23.806318,Moderado
1.123,88.0,0.0,22.7057,Moderado
1.173,89.0,0.0,22.218153,Moderado
1.823,85.0,0.0,23.358423,Moderado
2.523,81.0,0.0,26.486313,Alto
3.173,79.0,0.0,29.88217,Alto
3.423,79.0,0.0,31.796375,Alto
4.023,77.0,0.1,33.00436,Alto
3.623,81.0,0.2,26.405453,Moderado
3.273,84.0,0.2,24.735432,Moderado
2.673,88.0,0.1,21.518847,Moderado
2.1729999,91.0,0.0,19.483284,Moderado
1.823,92.0,0.0,18.947083,Moderado
1.723,91.0,0.0,19.652176,Moderado
1.373,91.0,0.0,19.201874,Moderado
1.123,86.0,0.0,18.733839,Moderado
0.673,73.0,0.0,20.570463,Moderado
0.273,77.0,0.0,19.44,Moderado
-0.02700001,81.0,0.0,17.673029,Moderado
-0.127,84.0,0.0,18.057508,Moderado
-0.32700002,83.0,0.0,15.905319,Moderado
-0.727,85.0,0.0,13.039754,Moderado
-0.827,84.0,0.0,9.3669195,Bajo
-1.527,88.0,0.0,5.3999996,Bajo
-2.077,90.0,0.0,4.6800003,Bajo
-2.427,90.0,0.0,2.7416782,Bajo
-2.477,89.0,0.0,1.484318,Bajo
-1.977,88.0,0.0,1.4399999,Bajo
-0.92700005,89.0,0.0,1.2979984,Bajo
0.673,81.0,0.0,2.52,Bajo
1.623,75.0,0.0,3.8773184,Bajo
2.323,67.0,0.0,8.913181,Bajo
2.423,65.0,0.0,9.0,Moderado
1.673,73.0,0.0,7.386582,Bajo
0.873,79.0,0.0,5.692099,Bajo
0.223,81.0,0.0,5.4833565,Bajo
-0.427,83.0,0.0,5.1544156,Bajo
-1.077,88.0,0.0,4.68,Bajo
-1.227,89.0,0.0,5.2416787,Bajo
-1.277,90.0,0.0,5.6920996,Bajo
-1.227,90.0,0.0,5.815978,Bajo
-1.177,90.0,0.0,6.151683,Bajo
-1.027,90.0,0.0,6.6185193,Bajo
-0.877,90.0,0.0,7.42159,Bajo
-0.627,90.0,0.0,7.42159,Bajo
-0.527,91.0,0.0,7.0911775,Bajo
-0.527,92.0,0.0,6.9247384,Bajo
-0.427,92.0,0.0,6.792466,Bajo
-0.37699997,94.0,0.1,6.489992,Bajo
-0.07699999,95.0,0.2,9.983106,Bajo
-0.02700001,96.0,0.2,10.163227,Bajo
0.073,97.0,0.4,10.390226,Bajo
0.573,97.0,0.4,11.659777,Bajo
0.673,98.0,0.4,12.599999,Bajo
0.773,99.0,0.4,12.605142,Bajo
0.923,99.0,0.3,14.05845,Bajo
1.023,99.0,0.3,15.124284,Bajo
1.073,98.0,0.3,15.124284,Bajo
1.073,98.0,0.3,15.119999,Bajo
1.273,97.0,0.3,14.77755,Bajo
1.623,97.0,0.4,16.039202,Bajo
1.623,97.0,0.5,17.731598,Bajo
1.773,97.0,0.4,18.36353,Bajo
2.1729999,97.0,0.5,19.164719,Bajo
2.323,98.0,0.4,18.448023,Bajo
2.523,98.0,0.3,17.414476,Bajo
2.673,97.0,0.4,17.873556,Bajo
2.923,96.0,0.4,18.792551,Bajo
2.873,94.0,1.1,18.161278,Bajo
2.773,93.0,1.3,18.161278,Bajo
2.723,94.0,1.1,17.339897,Bajo
2.673,96.0,1.1,15.124284,Bajo
2.773,96.0,1.2,13.797912,Bajo
2.573,97.0,1.2,12.904882,Bajo
2.473,97.0,0.7,11.592894,Bajo
2.573,97.0,0.3,10.464797,Bajo
2.723,96.0,0.1,9.931042,Bajo
2.923,95.0,0.1,8.587338,Bajo
3.173,94.0,0.0,7.9036193,Bajo
3.323,93.0,0.0,8.427383,Bajo
3.423,92.0,0.0,5.4833565,Bajo
3.423,92.0,0.0,2.52,Bajo
2.973,95.0,0.0,2.9024127,Bajo
2.473,97.0,0.0,2.9024127,Bajo
2.1230001,97.0,0.0,2.8116899,Bajo
1.423,97.0,0.0,2.0991426,Bajo
0.673,99.0,0.0,3.219938,Bajo
0.323,100.0,0.0,2.5455842,Bajo
0.423,99.0,0.0,2.2768397,Bajo
0.17300001,100.0,0.0,2.0991426,Bajo
-0.02700001,100.0,0.0,4.3349743,Bajo
0.323,99.0,0.0,4.8965297,Bajo
0.573,96.0,0.0,6.763786,Bajo
0.923,94.0,0.0,8.39657,Bajo
1.123,94.0,0.0,10.685391,Bajo
1.423,93.0,0.0,13.779114,Bajo
1.623,93.0,0.0,14.021525,Bajo
1.673,90.0,0.0,14.182355,Moderado
1.673,91.0,0.3,15.175612,Bajo
1.823,91.0,0.5,18.532133,Bajo
1.873,92.0,0.7,20.073025,Bajo
2.073,91.0,0.7,20.466246,Bajo
2.523,88.0,0.5,20.150354,Bajo
2.973,84.0,0.4,24.014996,Moderado
3.323,80.0,0.4,25.02971,Moderado
3.223,78.0,0.2,24.248611,Moderado
2.873,78.0,0.1,22.691423,Moderado
2.423,79.0,0.0,18.584509,Moderado
2.073,80.0,0.0,14.291592,Moderado
2.023,85.0,0.0,11.966954,Bajo
1.773,85.0,0.0,9.931042,Bajo
1.473,86.0,0.0,8.161764,Bajo
1.323,86.0,0.0,6.193674,Bajo
0.973,87.0,0.0,5.1919937,Bajo
0.873,85.0,0.0,7.386582,Bajo
0.623,84.0,0.0,6.1094027,Bajo
0.373,82.0,0.0,6.9247384,Bajo
0.073,82.0,0.0,7.0911775,Bajo
-0.277,83.0,0.0,6.489992,Bajo
-0.577,83.0,0.0,5.6920996,Bajo
-0.877,84.0,0.0,5.0142193,Bajo
-0.827,80.0,0.0,2.5455842,Bajo
-0.977,80.0,0.0,2.8799999,Bajo
-0.727,82.0,0.0,3.6,Bajo
-0.227,78.0,0.0,5.4477882,Bajo
0.17300001,66.0,0.0,8.350138,Bajo
0.122999996,60.0,0.0,7.754637,Bajo
0.473,59.0,0.0,6.989936,Bajo
0.373,56.0,0.0,6.638072,Bajo
0.17300001,58.0,0.0,5.8603754,Bajo
-0.32700002,64.0,0.0,5.315336,Bajo
-0.677,68.0,0.0,4.452954,Bajo
-1.127,72.0,0.0,5.4477882,Bajo
-1.277,84.0,0.0,6.638072,Bajo
-1.427,80.0,0.0,7.653705,Bajo
-1.577,77.0,0.0,6.439876,Bajo
-1.677,75.0,0.0,5.937272,Bajo
-1.8770001,76.0,0.0,5.1544156,Bajo
-2.277,79.0,0.0,5.3517847,Bajo
-2.527,80.0,0.0,4.39436,Bajo
-2.577,79.0,0.0,3.8268526,Bajo
-2.677,80.0,0.0,3.096837,Bajo
-2.727,81.0,0.0,2.7416782,Bajo
-2.877,83.0,0.0,1.835647,Bajo
-2.977,86.0,0.0,1.4399999,Bajo
-3.177,92.0,0.0,1.5273507,Bajo
-3.227,92.0,0.0,2.3051248,Bajo
-2.577,91.0,0.0,2.5455842,Bajo
-1.627,88.0,0.0,3.6,Bajo
-0.827,84.0,0.0,3.8268526,Bajo
-0.17699999,78.0,0.0,4.1046314,Bajo
0.373,74.0,0.0,3.5455887,Bajo
0.423,69.0,0.0,3.2599385,Bajo
0.223,67.0,0.0,2.9024127,Bajo
-0.277,74.0,0.0,0.71999997,Bajo
-0.727,74.0,0.0,1.484318,Bajo
-1.377,77.0,0.0,1.9386592,Bajo
-2.127,85.0,0.0,2.1897945,Bajo
-2.427,85.0,0.0,2.0991426,Bajo
-3.077,90.0,0.0,2.0364676,Bajo
-3.677,92.0,0.0,2.5959969,Bajo
-4.5270004,95.0,0.0,3.096837,Bajo
-5.0270004,96.0,0.0,3.319036,Bajo
-6.477,97.0,0.0,3.5455887,Bajo
-6.2770004,93.0,0.0,3.7064266,Bajo
-5.977,89.0,0.0,3.7064266,Bajo
-5.5769997,88.0,0.0,2.8116899,Bajo
-5.427,88.0,0.0,2.8116899,Bajo
-5.2770004,88.0,0.0,2.8116899,Bajo
-5.5769997,82.0,0.0,3.096837,Bajo
-5.0769997,82.0,0.0,3.096837,Bajo
-4.177,81.0,0.0,3.096837,Bajo
-3.127,79.0,0.0,3.4152596,Bajo
-1.727,79.0,0.0,4.68,Bajo
-0.427,78.0,0.0,6.849467,Bajo
0.623,79.0,0.0,8.759178,Bajo
1.023,75.0,0.0,9.0645685,Bajo
0.973,74.0,0.0,7.5942073,Bajo
0.373,79.0,0.0,5.95906,Bajo
-0.37699997,82.0,0.0,5.692099,Bajo
-0.977,85.0,0.0,5.0911684,Bajo
-1.927,90.0,0.0,4.8965297,Bajo
-2.477,92.0,0.0,3.8939953,Bajo
-2.727,94.0,0.0,3.319036,Bajo
-3.027,95.0,0.0,3.096837,Bajo
-3.377,96.0,0.0,3.219938,Bajo
-3.627,97.0,0.0,2.7416782,Bajo
-3.727,96.0,0.0,2.0364676,Bajo
-3.727,94.0,0.0,1.2979984,Bajo
-3.677,93.0,0.0,1.2979984,Bajo
-3.877,93.0,0.0,1.8,Bajo
-4.177,94.0,0.0,1.835647,Bajo
-4.627,95.0,0.0,2.0991426,Bajo
-4.2770004,96.0,0.0,1.484318,Bajo
-4.5769997,97.0,0.0,1.835647,Bajo
-4.177,95.0,0.0,1.835647,Bajo
-2.527,88.0,0.0,2.5455842,Bajo
-1.077,83.0,0.0,3.9763298,Bajo
0.073,80.0,0.0,5.0911684,Bajo
0.523,78.0,0.0,3.319036,Bajo
0.773,74.0,0.0,5.04,Bajo
0.673,74.0,0.0,5.4119864,Bajo
0.17300001,80.0,0.0,4.68,Bajo
-0.477,85.0,0.0,4.1046314,Bajo
-0.977,88.0,0.0,4.198285,Bajo
-1.127,91.0,0.0,4.8433046,Bajo
-1.277,90.0,0.0,4.8965297,Bajo
-1.127,88.0,0.0,5.3517847,Bajo
-0.977,88.0,0.0,6.193674,Bajo
-0.77699995,89.0,0.0,7.5942082,Bajo
-0.727,90.0,0.0,8.557102,Bajo
-1.227,93.0,0.0,7.0911775,Bajo
-1.127,92.0,0.0,7.754637,Bajo
-0.977,90.0,0.0,8.311245,Bajo
-1.127,90.0,0.0,8.766573,Bajo
-1.727,91.0,0.0,7.771331,Bajo
-2.377,93.0,0.0,6.638072,Bajo
-3.327,94.0,0.0,5.771239,Bajo
-3.627,96.0,0.0,5.04,Bajo
-2.277,90.0,0.0,4.68,Bajo
-0.277,82.0,0.0,6.489992,Bajo
1.173,77.0,0.0,7.5942073,Bajo
1.923,75.0,0.0,8.64,Bajo
2.673,77.0,0.0,10.446206,Bajo
2.723,78.0,0.0,10.105681,Bajo
2.073,86.0,0.0,7.928178,Bajo
1.173,92.0,0.0,5.771239,Bajo
0.523,96.0,0.0,4.379589,Bajo
0.223,96.0,0.0,3.0758414,Bajo
-0.17699999,98.0,0.0,3.4152596,Bajo
-0.37699997,98.0,0.0,4.1046314,Bajo
-0.477,96.0,0.0,4.3349743,Bajo
-0.277,95.0,0.0,7.6367526,Bajo
0.122999996,96.0,1.2,6.87779,Bajo
0.473,95.0,1.3,6.379216,Bajo
0.323,99.0,0.6,5.3999996,Bajo
0.573,96.0,0.6,6.792466,Bajo
0.673,95.0,0.4,8.311245,Bajo
0.573,96.0,0.3,6.638072,Bajo
0.473,96.0,0.3,5.1544156,Bajo
0.523,95.0,0.3,4.1046314,Bajo
0.623,96.0,0.7,5.3999996,Bajo
0.623,96.0,0.1,5.04,Bajo
0.923,96.0,0.3,4.32,Bajo
1.273,95.0,0.0,5.0528407,Bajo
2.023,92.0,0.0,5.0911684,Bajo
3.073,89.0,0.0,6.5693827,Bajo
3.773,86.0,0.0,6.9899354,Bajo
4.273,85.0,0.0,6.439876,Bajo
4.073,88.0,0.0,7.729527,Bajo
3.423,92.0,0.0,7.729527,Bajo
3.173,92.0,0.0,9.659814,Bajo
3.023,94.0,0.0,11.298495,Bajo
3.273,94.0,0.0,13.358861,Bajo
3.273,95.0,0.0,13.910169,Bajo
3.173,95.0,0.0,14.264361,Bajo
3.073,95.0,0.0,14.830076,Moderado
3.073,93.0,0.0,16.203999,Moderado
3.023,91.0,0.0,15.119999,Moderado
2.723,91.0,0.0,14.113653,Moderado
2.473,92.0,0.0,13.493999,Bajo
2.1729999,93.0,0.0,12.849528,Bajo
1.973,93.0,0.0,13.276144,Bajo
1.873,93.0,0.0,11.367109,Bajo
1.723,93.0,0.0,9.885262,Bajo
1.873,92.0,0.0,11.27553,Bajo
2.023,92.0,0.0,10.703569,Bajo
2.773,90.0,0.0,10.239453,Bajo
4.073,86.0,0.0,10.08,Bajo
5.273,82.0,0.0,11.5199995,Bajo
5.773,77.0,0.0,12.24,Moderado
5.773,78.0,0.0,11.165805,Moderado
5.6730003,77.0,0.0,7.5942073,Bajo
5.073,83.0,0.0,3.219938,Bajo
4.073,87.0,0.0,2.3051248,Bajo
3.073,90.0,0.0,2.9024127,Bajo
2.423,92.0,0.0,1.8,Bajo
1.323,95.0,0.0,5.6233797,Bajo
1.123,95.0,0.0,5.8603754,Bajo
1.273,93.0,0.0,4.8433046,Bajo
1.273,93.0,0.0,4.3349743,Bajo
1.223,93.0,0.0,4.198285,Bajo
1.223,92.0,0.0,4.0249224,Bajo
0.923,92.0,0.0,4.1046314,Bajo
0.973,92.0,0.0,3.7585104,Bajo
0.823,92.0,0.0,3.319036,Bajo
0.673,93.0,0.0,2.5455842,Bajo
0.573,93.0,0.0,2.3051248,Bajo
0.023000002,95.0,0.0,2.7416782,Bajo
-0.92700005,97.0,0.0,3.319036,Bajo
-1.077,98.0,0.0,3.96,Bajo
-0.277,96.0,0.0,3.9763298,Bajo
1.923,89.0,0.0,5.1544156,Bajo
3.323,84.0,0.0,7.2805495,Bajo
4.073,80.0,0.0,7.928178,Bajo
4.7229996,80.0,0.0,8.311245,Bajo
4.823,79.0,0.0,8.557102,Bajo
4.273,83.0,0.0,6.489992,Bajo
2.723,89.0,0.0,4.6800003,Bajo
1.473,92.0,0.0,3.8939953,Bajo
0.723,94.0,0.0,3.396233,Bajo
-0.02700001,95.0,0.0,3.8773184,Bajo
-0.827,98.0,0.0,3.8773184,Bajo
-1.277,99.0,0.0,3.5455887,Bajo
-1.477,99.0,0.0,3.7585104,Bajo
-1.8269999,99.0,0.0,3.6179552,Bajo
-2.227,99.0,0.0,3.319036,Bajo
-2.527,99.0,0.0,3.0758414,Bajo
-2.677,99.0,0.0,2.2768397,Bajo
-2.677,99.0,0.0,1.835647,Bajo
-2.727,99.0,0.0,2.2768397,Bajo
-2.927,100.0,0.0,2.4149535,Bajo
-3.127,99.0,0.0,2.968636,Bajo
-2.977,99.0,0.0,1.9386592,Bajo
-2.977,99.0,0.0,2.6208394,Bajo
-1.927,95.0,0.0,2.2768397,Bajo
-0.02700001,87.0,0.0,2.2768397,Bajo
1.723,83.0,0.0,2.1897945,Bajo
2.973,79.0,0.0,2.52,Bajo
3.723,76.0,0.0,1.484318,Bajo
4.023,74.0,0.0,0.0,Bajo
3.723,77.0,0.0,2.2768397,Bajo
2.273,87.0,0.0,4.0249224,Bajo
0.973,93.0,0.0,5.154415,Bajo
0.573,93.0,0.0,6.151683,Bajo
0.473,93.0,0.0,6.151683,Bajo
0.573,94.0,0.0,6.830519,Bajo
0.573,96.0,0.0,8.759178,Bajo
0.373,98.0,0.0,10.495713,Bajo
0.323,98.0,0.2,11.159999,Bajo
0.423,98.0,0.6,9.422101,Bajo
0.473,98.0,0.4,8.557102,Bajo
0.473,98.0,0.2,9.3669195,Bajo
0.523,98.0,0.3,7.2805495,Bajo
0.473,99.0,0.6,10.08,Bajo
0.523,98.0,0.6,14.404499,Bajo
0.623,98.0,0.3,12.245294,Bajo
0.523,99.0,0.9,13.339445,Bajo
0.673,99.0,0.7,12.224107,Bajo
0.473,99.0,1.6,10.538843,Bajo
0.523,99.0,1.0,9.3669195,Bajo
0.523,98.0,1.3,9.114471,Bajo
0.523,98.0,0.8,9.255571,Bajo
0.523,98.0,0.6,10.137692,Bajo
0.523,98.0,0.5,9.227524,Bajo
0.573,97.0,0.3,6.439876,Bajo
0.473,98.0,0.7,4.8433046,Bajo
0.323,97.0,0.2,5.6002855,Bajo
0.122999996,97.0,0.0,3.4152596,Bajo
0.323,98.0,0.6,3.563818,Bajo
0.223,98.0,0.1,2.9024127,Bajo
0.273,98.0,0.2,2.2768397,Bajo
0.122999996,99.0,0.2,2.5455842,Bajo
-0.37699997,99.0,0.0,2.52,Bajo
-0.577,99.0,0.0,3.671294,Bajo
-0.527,98.0,0.0,4.452954,Bajo
-0.77699995,98.0,0.0,4.452954,Bajo
-0.827,97.0,0.0,6.8399997,Bajo
-0.02700001,96.0,0.0,9.422101,Bajo
1.373,93.0,0.0,12.287555,Bajo
1.473,92.0,0.0,11.542478,Bajo
1.673,88.0,0.0,8.373386,Bajo
1.773,88.0,0.0,7.968939,Bajo
1.923,89.0,0.0,6.519877,Bajo
2.273,89.0,0.0,2.9024127,Bajo
2.773,89.0,0.0,2.1897945,Bajo
3.523,84.0,0.0,0.0,Bajo
4.323,84.0,0.0,6.379216,Bajo
4.123,87.0,0.0,6.5693827,Bajo
3.323,91.0,0.0,8.209263,Bajo
2.423,94.0,0.0,7.24486,Bajo
1.373,96.0,0.0,5.991594,Bajo
1.023,97.0,0.1,6.439876,Bajo
0.523,97.0,0.0,8.225035,Bajo
0.623,96.0,0.0,11.874544,Bajo
0.423,97.0,0.0,9.605998,Bajo
0.523,98.0,0.0,10.495713,Bajo
0.673,98.0,0.0,10.636766,Bajo
0.773,98.0,0.0,10.966713,Bajo
0.923,98.0,0.0,11.631956,Bajo
1.023,98.0,0.0,12.313893,Bajo
0.973,98.0,0.0,12.429127,Bajo
1.023,98.0,0.0,12.429127,Bajo
0.923,98.0,0.0,12.074766,Bajo
1.023,98.0,0.0,11.874544,Bajo
1.373,98.0,0.0,13.797913,Bajo
1.723,97.0,0.0,12.682018,Bajo
2.023,97.0,0.0,11.885453,Bajo
2.523,96.0,0.0,12.261158,Bajo
2.823,95.0,0.0,12.605142,Bajo
2.973,95.0,0.2,13.910169,Bajo
3.523,94.0,0.2,15.617529,Bajo
3.473,94.0,0.1,15.629971,Moderado
3.373,96.0,0.0,13.779114,Bajo
3.223,96.0,0.0,10.636766,Bajo
2.923,96.0,0.0,10.30883,Bajo
2.773,96.0,0.0,9.178235,Bajo
2.273,96.0,0.0,9.360001,Bajo
2.073,97.0,0.0,8.699793,Bajo
1.823,96.0,0.0,7.4128532,Bajo
1.423,96.0,0.0,6.12,Bajo
1.073,96.0,0.0,4.3498964,Bajo
0.823,97.0,0.0,3.6179552,Bajo
0.623,97.0,0.0,3.396233,Bajo
0.573,97.0,0.0,3.396233,Bajo
0.523,97.0,0.0,4.5536795,Bajo
0.523,97.0,0.0,5.506941,Bajo
0.523,97.0,0.0,1.8,Bajo
0.623,97.0,0.0,1.1384199,Bajo
0.223,97.0,0.0,3.8939953,Bajo
0.423,96.0,0.0,3.6,Bajo
1.023,94.0,0.0,3.671294,Bajo
1.573,90.0,0.0,6.2145634,Bajo
1.973,87.0,0.0,7.172949,Bajo
2.1230001,87.0,0.0,5.937272,Bajo
3.423,80.0,0.0,5.8048253,Bajo
3.673,79.0,0.0,5.3999996,Bajo
3.773,79.0,0.0,4.6102495,Bajo
2.973,86.0,0.0,2.9024127,Bajo
1.773,90.0,0.0,2.3051248,Bajo
1.223,93.0,0.0,2.7416782,Bajo
0.773,94.0,0.0,2.968636,Bajo
0.573,96.0,0.0,3.6179552,Bajo
0.473,96.0,0.0,4.32,Bajo
0.373,97.0,0.0,4.32,Bajo
0.273,97.0,0.0,5.0528407,Bajo
0.373,96.0,0.0,6.519877,Bajo
0.17300001,96.0,0.0,7.928178,Bajo
0.17300001,96.0,0.0,8.647496,Bajo
0.17300001,96.0,0.0,8.287822,Bajo
0.122999996,96.0,0.0,9.726665,Bajo
0.17300001,95.0,0.0,9.746631,Bajo
0.323,95.0,0.0,6.489992,Bajo
0.623,96.0,0.0,5.6920996,Bajo
0.573,96.0,0.2,4.0249224,Bajo
0.523,97.0,1.3,4.0249224,Bajo
0.473,98.0,2.4,4.1046314,Bajo
0.923,97.0,0.5,4.5820518,Bajo
1.323,95.0,0.0,6.989936,Bajo
1.823,92.0,0.0,7.072878,Bajo
1.973,91.0,0.0,6.4096174,Bajo
1.873,92.0,0.0,6.924738,Bajo
1.523,92.0,0.0,6.489992,Bajo
0.723,92.0,0.0,6.12,Bajo
0.323,90.0,0.0,6.162207,Bajo
-0.627,92.0,0.0,6.130579,Bajo
-1.227,92.0,0.0,5.771239,Bajo
-1.777,92.0,0.0,5.0528407,Bajo
-1.8770001,92.0,0.0,4.379589,Bajo
-1.977,92.0,0.0,4.379589,Bajo
-2.227,92.0,0.0,4.1046314,Bajo
-2.977,95.0,0.0,4.2136917,Bajo
-2.827,94.0,0.0,4.2136917,Bajo
-2.827,94.0,0.0,4.5536795,Bajo
-2.677,93.0,0.0,4.452954,Bajo
-2.527,93.0,0.0,4.802999,Bajo
-2.427,92.0,0.0,4.73506,Bajo
-1.977,93.0,0.0,4.3349743,Bajo
-1.627,93.0,0.0,3.96,Bajo
-0.577,92.0,0.0,4.1046314,Bajo
0.723,91.0,0.0,4.452954,Bajo
1.873,85.0,0.0,6.0347,Bajo
2.723,83.0,0.0,8.12197,Bajo
4.223,77.0,0.0,10.661107,Bajo
4.323,78.0,0.0,10.041354,Bajo
3.973,80.0,0.0,7.771331,Bajo
2.773,83.0,0.0,6.379216,Bajo
1.623,87.0,0.0,5.937272,Bajo
1.323,88.0,0.0,5.5887027,Bajo
0.773,88.0,0.0,5.04,Bajo
0.273,89.0,0.0,5.3999996,Bajo
-0.127,89.0,0.0,5.4119864,Bajo
-0.37699997,89.0,0.0,6.162207,Bajo
-0.527,88.0,0.0,6.489992,Bajo
-0.577,86.0,0.0,7.5685663,Bajo
0.023000002,85.0,0.0,9.826088,Bajo
0.573,84.0,0.0,12.015589,Bajo
0.673,87.0,0.0,12.074766,Bajo
0.773,89.0,0.0,12.783802,Bajo
0.823,91.0,0.0,13.441071,Bajo
0.923,89.0,0.0,14.471821,Moderado
1.273,89.0,0.0,15.379206,Moderado
1.673,90.0,0.0,16.516901,Moderado
2.773,87.0,0.0,17.76081,Moderado
3.973,82.0,0.0,18.0,Moderado
5.373,77.0,0.0,17.727943,Moderado
6.7229996,73.0,0.0,17.81909,Moderado
8.173,64.0,0.0,21.2522,Moderado
7.7229996,63.0,0.0,23.499481,Alto
7.023,64.0,0.0,22.805367,Alto
5.773,69.0,0.0,20.082708,Moderado
4.123,76.0,0.0,16.808569,Moderado
2.773,80.0,0.0,14.471821,Moderado
2.373,78.0,0.0,15.158522,Moderado
2.623,78.0,0.0,15.158522,Moderado
2.773,77.0,0.0,16.039202,Moderado
2.673,73.0,0.0,15.941944,Moderado
2.523,77.0,0.0,16.93531,Moderado
2.423,82.0,0.0,16.981165,Moderado
2.623,78.0,0.0,19.469976,Moderado
2.823,78.0,0.0,19.493261,Moderado
2.923,78.0,0.0,17.373497,Moderado
2.823,78.0,0.0,16.199999,Moderado
2.773,79.0,0.0,16.700275,Moderado
2.473,81.0,0.0,17.811815,Moderado
2.323,79.0,0.0,14.685176,Moderado
2.673,77.0,0.0,16.520823,Moderado
4.573,69.0,0.0,17.414476,Moderado
6.523,59.0,0.0,20.883104,Moderado
7.523,56.0,0.0,23.177402,Alto
7.773,53.0,0.0,23.863409,Alto
7.823,51.0,0.0,24.535524,Alto
7.373,52.0,0.0,24.280659,Alto
6.6730003,56.0,0.0,22.35481,Alto
5.373,61.0,0.0,18.998314,Moderado
3.523,71.0,0.0,15.137133,Moderado
2.373,77.0,0.0,13.324863,Moderado
1.723,80.0,0.0,14.044615,Moderado
1.623,79.0,0.0,12.964998,Moderado
1.423,79.0,0.0,11.879999,Moderado
1.173,80.0,0.0,11.542478,Bajo
1.023,81.0,0.0,11.966953,Bajo
0.773,83.0,0.0,13.084402,Moderado
0.223,81.0,0.0,12.245294,Moderado
0.023000002,83.0,0.0,12.959999,Moderado
-0.07699999,84.0,0.0,13.039754,Moderado
-0.02700001,85.0,0.0,11.659777,Bajo
-0.32700002,85.0,0.0,9.47012,Bajo
-1.027,88.0,0.0,7.208994,Bajo
-0.827,88.0,0.0,8.28,Bajo
0.473,83.0,0.0,9.779817,Bajo
3.023,74.0,0.0,14.113653,Moderado
4.9230003,69.0,0.0,17.373497,Moderado
6.4230003,65.0,0.0,20.633371,Moderado
7.4729996,64.0,0.0,20.570463,Moderado
8.173,61.0,0.0,21.24305,Moderado
8.073,62.0,0.0,20.240196,Moderado
7.4729996,65.0,0.0,17.873556,Moderado
6.373,70.0,0.0,14.154915,Moderado
4.573,81.0,0.0,10.805999,Bajo
3.673,86.0,0.0,10.446206,Bajo
2.873,88.0,0.0,11.928989,Bajo
2.723,87.0,0.0,11.879999,Bajo
2.473,87.0,0.0,12.261158,Bajo
2.073,89.0,0.0,12.261158,Bajo
1.823,90.0,0.0,10.799999,Bajo
1.573,91.0,0.0,10.853866,Bajo
1.123,91.0,0.0,9.0645685,Bajo
0.823,92.0,0.0,8.350138,Bajo
0.273,94.0,0.0,7.2805495,Bajo
-0.277,96.0,0.0,6.849467,Bajo
-0.627,97.0,0.0,6.162207,Bajo
-0.827,98.0,0.0,5.3999996,Bajo
-0.32700002,96.0,0.0,8.12197,Bajo
0.823,94.0,0.0,9.107359,Bajo
3.173,87.0,0.0,13.797913,Moderado
5.073,80.0,0.0,18.0036,Moderado
6.4230003,73.0,0.0,22.782625,Moderado
7.123,67.0,0.0,25.651104,Alto
7.623,59.0,0.0,24.967499,Alto
7.6730003,60.0,0.0,25.364037,Alto
7.073,66.0,0.0,24.490587,Alto
6.073,70.0,0.0,24.48,Alto
4.273,71.0,0.0,22.725668,Moderado
2.973,78.0,0.0,22.505037,Moderado
2.023,82.0,0.0,23.828083,Moderado
1.723,80.0,0.0,22.366402,Moderado
1.473,83.0,0.0,20.532627,Moderado
1.373,82.0,0.0,20.211363,Moderado
1.173,81.0,0.0,18.733839,Moderado
1.073,85.0,0.0,18.72346,Moderado
1.323,90.0,0.0,20.907913,Moderado
1.473,86.0,0.0,20.883104,Moderado
1.973,83.0,0.1,20.163212,Moderado
1.873,85.0,0.1,18.36353,Moderado
1.573,87.0,0.0,16.923828,Moderado
1.323,89.0,0.0,16.199999,Moderado
1.823,90.0,0.0,13.339445,Bajo
2.723,87.0,0.0,14.77755,Moderado
4.623,82.0,0.0,15.496736,Moderado
7.023,73.0,0.0,18.709612,Moderado
8.023,69.0,0.0,21.629978,Moderado
8.473,67.0,0.0,22.427162,Moderado
8.723,67.0,0.0,27.210379,Alto
8.422999,67.0,0.0,28.829233,Alto
8.023,70.0,0.0,28.639803,Alto
7.123,73.0,0.0,25.849905,Alto
5.873,80.0,0.0,21.542923,Moderado
5.273,84.0,0.0,19.523155,Moderado
4.573,88.0,0.0,17.673029,Moderado
4.373,89.0,0.0,16.919998,Moderado
4.373,88.0,0.0,17.414476,Moderado
4.273,88.0,0.0,17.298738,Moderado
4.1730003,88.0,0.0,15.281989,Moderado
4.223,86.0,0.0,12.758432,Moderado
2.923,88.0,0.0,10.308831,Bajo
2.1729999,91.0,0.0,8.350138,Bajo
1.723,92.0,0.0,6.849467,Bajo
1.323,94.0,0.0,6.162207,Bajo
0.723,96.0,0.0,6.28713,Bajo
0.122999996,99.0,0.0,6.0347,Bajo
-0.277,97.0,0.0,5.2416787,Bajo
0.122999996,96.0,0.0,4.73506,Bajo
2.473,88.0,0.0,5.3999996,Bajo
5.4230003,75.0,0.0,9.007196,Bajo
7.523,68.0,0.0,13.441071,Moderado
8.773,65.0,0.0,17.309973,Moderado
9.922999,58.0,0.0,17.114204,Moderado
9.823,60.0,0.0,20.545246,Moderado
9.023,64.0,0.0,21.129885,Moderado
7.773,71.0,0.0,18.057508,Moderado
6.2229996,79.0,0.0,13.75558,Moderado
5.1730003,85.0,0.0,13.556282,Moderado
4.7229996,85.0,0.0,14.759999,Moderado
4.7229996,86.0,0.0,14.759999,Moderado
4.873,85.0,0.0,15.745627,Moderado
4.873,86.0,0.0,16.946787,Moderado
4.9729996,86.0,0.0,18.511143,Moderado
4.873,88.0,0.0,18.25026,Moderado
4.6730003,91.0,0.0,17.902534,Moderado
4.4729996,91.0,0.0,17.309973,Moderado
4.273,91.0,0.0,17.309973,Moderado
4.073,91.0,0.0,16.965895,Moderado
3.823,91.0,0.0,16.516901,Moderado
3.573,92.0,0.0,16.62249,Moderado
2.923,94.0,0.0,13.661038,Bajo
3.673,92.0,0.0,15.484185,Moderado
5.523,84.0,0.0,17.902534,Moderado
6.9729996,77.0,0.0,20.188908,Moderado
8.073,69.0,0.0,20.5484,Moderado
8.723,64.0,0.0,20.598795,Moderado
9.023,61.0,0.0,20.008356,Moderado
9.023,60.0,0.0,18.228943,Moderado
8.473,64.0,0.0,15.158522,Moderado
7.4729996,71.0,0.0,9.726665,Moderado
6.123,79.0,0.0,6.439876,Bajo
4.9729996,84.0,0.0,5.0911684,Bajo
3.923,89.0,0.0,3.8268526,Bajo
3.423,90.0,0.0,2.1897945,Bajo
2.823,91.0,0.0,2.9024127,Bajo
2.523,91.0,0.0,3.096837,Bajo
2.523,91.0,0.0,3.8773184,Bajo
2.423,91.0,0.0,4.452954,Bajo
0.973,96.0,0.0,5.5887027,Bajo
1.023,96.0,0.0,6.28713,Bajo
1.423,95.0,0.2,7.2359104,Bajo
1.773,94.0,0.1,8.287822,Bajo
1.823,95.0,0.0,10.464798,Bajo
1.823,96.0,0.0,9.885262,Bajo
2.1230001,95.0,0.0,9.346143,Bajo
2.423,95.0,0.0,9.793058,Bajo
2.923,96.0,0.3,10.137692,Bajo
3.423,96.0,0.6,9.531505,Bajo
4.023,94.0,0.8,7.2805495,Bajo
4.523,91.0,0.7,5.506941,Bajo
5.023,86.0,0.6,6.489992,Bajo
5.073,85.0,0.3,4.6938257,Bajo
5.073,85.0,0.1,2.9024127,Bajo
4.823,87.0,0.0,2.1897945,Bajo
4.073,92.0,0.0,3.9763298,Bajo
3.273,95.0,0.0,3.6179552,Bajo
2.523,97.0,0.0,4.68,Bajo
2.023,98.0,0.0,4.73506,Bajo
1.873,99.0,0.0,3.4152596,Bajo
1.873,99.0,0.0,2.8116899,Bajo
1.823,99.0,0.0,3.0547013,Bajo
1.773,99.0,0.0,2.8116899,Bajo
0.973,100.0,0.0,2.6208394,Bajo
1.023,100.0,0.0,1.1384199,Bajo
1.073,100.0,0.0,0.35999998,Bajo
1.023,100.0,0.0,1.484318,Bajo
0.973,100.0,0.0,3.2599385,Bajo
0.623,100.0,0.0,4.3349743,Bajo
0.673,100.0,0.0,0.8049845,Bajo
0.523,100.0,0.0,4.5536795,Bajo
1.023,100.0,0.2,3.6,Bajo
2.423,95.0,0.0,2.16,Bajo
5.373,86.0,0.0,4.829907,Bajo
7.773,67.0,0.0,16.516901,Moderado
8.823,49.0,0.0,25.729298,Alto
8.373,51.0,0.0,25.620771,Alto
7.773,54.0,0.0,25.071098,Alto
6.623,60.0,0.0,22.66857,Alto
5.2229996,69.0,0.0,17.782688,Moderado
4.123,77.0,0.0,15.509274,Moderado
3.423,79.0,0.0,19.353138,Moderado
2.873,82.0,0.0,21.629978,Moderado
2.673,85.0,0.0,24.590923,Moderado
2.673,86.0,0.0,25.417631,Moderado
2.723,89.0,0.0,27.248457,Moderado
2.923,83.0,0.0,31.667723,Alto
3.173,80.0,0.0,31.698402,Alto
2.723,76.0,0.0,28.808998,Alto
2.1230001,79.0,0.0,24.187069,Moderado
1.423,82.0,0.0,18.692286,Moderado
1.073,86.0,0.0,17.22742,Moderado
1.273,90.0,0.0,16.58346,Moderado
1.273,87.0,0.0,13.708391,Moderado
2.623,83.0,0.0,15.463246,Moderado
4.7229996,76.0,0.0,18.720001,Moderado
6.1730003,66.0,0.0,27.691935,Alto
6.623,64.0,0.0,22.553936,Alto
6.873,66.0,0.0,26.064596,Alto
7.023,65.0,0.0,28.257132,Alto
6.7229996,63.0,0.0,30.77105,Alto
6.2229996,66.0,0.0,28.712116,Alto
5.873,67.0,0.1,25.772078,Alto
5.1730003,71.0,0.2,23.708124,Moderado
5.023,68.0,0.1,20.929594,Moderado
5.073,69.0,0.0,21.767351,Moderado
4.6730003,70.0,0.0,19.228851,Moderado
4.073,72.0,0.0,15.986593,Moderado
3.923,74.0,0.0,17.873556,Moderado
4.573,70.0,0.0,25.264202,Alto
4.273,74.0,0.3,29.088802,Moderado
4.323,72.0,0.2,28.555965,Moderado
4.023,76.0,0.0,29.142216,Alto
3.573,76.0,0.0,25.294964,Alto
3.223,76.0,0.0,23.675304,Moderado
2.973,82.0,0.0,23.847115,Moderado
3.073,81.0,0.0,26.00486,Alto
2.873,78.0,0.0,28.802248,Alto
3.523,73.0,0.0,32.26572,Alto
4.573,68.0,0.0,33.71338,Alto
5.4230003,63.0,0.0,35.28,Muy alto
5.773,62.0,0.0,35.038563,Muy alto
5.873,60.0,0.0,33.75756,Alto
5.373,59.0,0.0,33.190357,Alto
5.073,59.0,0.0,31.355152,Alto
4.623,58.0,0.0,29.68636,Alto
3.823,62.0,0.0,27.402597,Alto
2.873,67.0,0.0,25.651104,Alto
2.223,72.0,0.0,24.850431,Alto
1.473,77.0,0.0,27.038372,Alto
1.323,77.0,0.0,27.397867,Alto
1.273,73.0,0.0,25.683926,Alto
1.223,71.0,0.0,24.162945,Alto
1.273,76.0,0.0,24.122683,Moderado
1.423,80.0,0.0,26.64,Alto
1.673,78.0,0.0,25.562534,Alto
1.773,75.0,0.0,23.4,Moderado
1.623,80.0,0.0,22.253124,Moderado
1.573,88.0,0.0,20.478907,Moderado
1.773,91.0,0.0,20.12461,Moderado
2.073,92.0,0.0,19.770523,Moderado
2.473,90.0,0.0,18.792551,Moderado
3.973,85.0,0.0,23.34455,Moderado
5.023,82.0,0.0,22.427162,Moderado
6.123,78.0,0.0,23.263912,Moderado
6.4729996,77.0,0.0,25.0064,Alto
6.573,77.0,0.0,24.535526,Moderado
6.7229996,72.0,0.0,20.037485,Moderado
6.6730003,71.0,0.0,19.353138,Moderado
6.523,72.0,0.0,17.917007,Moderado
6.123,75.0,0.0,16.75064,Moderado
5.523,77.0,0.0,14.20062,Moderado
5.073,79.0,0.0,13.684735,Moderado
4.223,81.0,0.0,12.096214,Moderado
3.473,84.0,0.0,11.212135,Bajo
3.123,84.0,0.0,10.703569,Bajo
2.773,85.0,0.0,9.793059,Bajo
2.773,83.0,0.0,10.685391,Bajo
2.673,84.0,0.0,10.805998,Bajo
2.273,80.0,0.0,5.634891,Bajo
2.223,79.0,0.0,6.12,Bajo
2.073,79.0,0.0,5.1919937,Bajo
2.1729999,78.0,0.0,5.1165614,Bajo
2.623,79.0,0.3,5.1165614,Bajo
2.973,79.0,0.5,6.1305785,Bajo
3.823,72.0,0.6,3.396233,Bajo
4.823,70.0,0.3,2.4149535,Bajo
5.123,71.0,0.1,3.319036,Bajo
7.123,57.0,0.0,8.669949,Moderado
9.672999,50.0,0.0,22.288042,Alto
10.373,53.0,0.0,27.959743,Alto
11.073,50.0,0.0,30.45566,Alto
10.473,56.0,0.0,29.162222,Alto
9.973,58.0,0.0,27.729347,Alto
9.023,65.0,0.0,25.925,Alto
8.073,72.0,0.1,22.73707,Moderado
7.523,74.0,0.0,21.461555,Moderado
7.7229996,70.0,0.0,24.627787,Alto
7.123,69.0,0.0,24.627787,Alto
6.773,71.0,0.0,24.72495,Alto
6.4729996,73.0,0.0,22.734219,Moderado
6.2229996,76.0,0.0,18.782204,Moderado
5.873,78.0,0.0,14.799459,Moderado
5.323,78.0,0.0,11.440979,Moderado
4.873,77.0,0.0,9.983106,Bajo
4.323,80.0,0.0,7.729527,Bajo
3.823,83.0,0.0,5.0142193,Bajo
3.423,84.0,0.1,3.4152596,Bajo
3.623,84.0,0.3,2.0991426,Bajo
3.873,81.0,0.6,4.8433046,Bajo
3.823,87.0,0.1,4.8965297,Bajo
5.073,84.0,0.1,7.5942073,Bajo
5.6730003,84.0,0.0,8.759178,Bajo
6.873,81.0,0.1,9.793058,Bajo
7.9729996,75.0,0.0,8.534353,Bajo
8.573,72.0,0.1,10.383987,Moderado
8.823,72.0,0.1,8.669949,Bajo
8.323,80.0,0.6,3.319036,Bajo
7.573,88.0,1.3,2.7416782,Bajo
7.023,91.0,1.0,2.9024127,Bajo
6.773,92.0,0.4,2.1897945,Bajo
5.9729996,93.0,0.3,3.671294,Bajo
5.9230003,92.0,0.0,3.5455887,Bajo
5.9230003,88.0,0.0,7.127636,Bajo
7.123,73.0,0.0,15.683774,Moderado
6.623,73.0,0.0,11.753876,Moderado
6.123,76.0,0.0,7.5685663,Bajo
6.123,71.0,0.0,12.88981,Moderado
6.323,70.0,0.0,15.7908325,Moderado
6.023,72.0,0.0,14.529915,Moderado
5.4729996,74.0,0.0,12.984975,Moderado
4.773,78.0,0.0,10.787993,Bajo
4.573,76.0,0.0,10.495713,Bajo
4.9729996,71.0,0.2,11.043261,Bajo
6.273,68.0,0.0,15.072783,Moderado
7.7229996,63.0,0.0,23.1774,Alto
7.373,68.0,0.2,29.96662,Moderado
7.873,66.0,0.0,27.783045,Alto
8.672999,59.0,0.0,29.574827,Alto
8.523,60.0,0.0,30.121912,Alto
8.473,60.0,0.0,28.576382,Alto
8.323,62.0,0.0,24.36325,Alto
7.773,65.0,0.0,22.206486,Moderado
6.773,70.0,0.0,19.05281,Moderado
6.073,78.0,0.0,18.919704,Moderado
5.323,81.0,0.0,24.29133,Moderado
4.123,68.0,0.0,25.922499,Alto
3.323,72.0,0.0,24.130743,Alto
2.823,76.0,0.0,22.7057,Moderado
2.623,79.0,0.0,19.06301,Moderado
2.373,82.0,0.0,18.1041,Moderado
2.023,82.0,0.0,17.651016,Moderado
1.873,84.0,0.0,17.377226,Moderado
1.823,85.0,0.0,15.978486,Moderado
1.773,87.0,0.0,14.145756,Moderado
1.673,89.0,0.0,13.661038,Moderado
1.573,91.0,0.0,12.979984,Bajo
1.573,91.0,0.0,13.5515,Bajo
3.323,83.0,0.0,15.141414,Moderado
5.4230003,73.0,0.0,17.902534,Moderado
7.073,67.0,0.0,20.12461,Moderado
8.323,63.0,0.0,20.721119,Moderado
9.172999,60.0,0.0,23.40277,Alto
8.973,60.0,0.0,21.2522,Moderado
9.123,60.0,0.0,20.674158,Moderado
8.723,63.0,0.0,19.483284,Moderado
7.9230003,67.0,0.0,19.242327,Moderado
7.023,72.0,0.0,17.551615,Moderado
6.373,76.0,0.0,19.592731,Moderado
5.823,73.0,0.0,17.902534,Moderado
5.273,75.0,0.0,16.171976,Moderado
4.573,79.0,0.0,13.37825,Moderado
4.123,82.0,0.0,10.990322,Bajo
4.123,85.0,0.0,11.753876,Bajo
4.273,81.0,0.0,14.565548,Moderado
3.423,83.0,0.0,13.684735,Moderado
3.873,81.0,0.0,17.873556,Moderado
4.1730003,78.0,0.0,19.05281,Moderado
4.273,79.0,0.0,19.855558,Moderado
4.323,80.0,0.0,19.319628,Moderado
4.123,80.0,0.0,18.58451,Moderado
5.023,72.0,0.0,18.875126,Moderado
5.823,69.0,0.0,22.565422,Moderado
6.773,65.0,0.0,26.242987,Alto
6.9230003,66.0,0.0,29.44307,Alto
6.4230003,57.0,0.0,28.08923,Alto
6.073,50.0,0.0,29.888672,Alto
5.373,51.0,0.0,30.49818,Alto
5.273,48.0,0.0,28.521906,Alto
4.7229996,49.0,0.0,27.059933,Alto
3.873,55.0,0.0,23.051247,Alto
2.923,58.0,0.0,18.03237,Moderado
2.1729999,63.0,0.0,14.689589,Moderado
1.223,72.0,0.0,14.986553,Moderado
0.973,76.0,0.0,14.654254,Moderado
0.923,78.0,0.0,14.021525,Moderado
1.123,76.0,0.0,15.30741,Moderado
1.223,82.0,0.0,17.935081,Moderado
1.373,84.0,0.0,21.382906,Moderado
2.073,84.0,0.0,23.47741,Moderado
2.573,84.0,0.0,26.674032,Alto
2.773,81.0,0.0,25.455843,Moderado
2.873,78.0,0.0,24.693481,Moderado
2.973,79.0,0.0,22.963936,Moderado
2.973,81.0,0.0,22.61419,Moderado
3.623,79.0,0.0,21.915693,Moderado
4.7229996,74.0,0.0,25.417631,Alto
5.873,69.0,0.1,30.385365,Alto
6.4230003,66.0,0.0,36.71294,Muy alto
6.873,65.0,0.2,37.419224,Alto
6.9729996,66.0,0.2,36.061146,Alto
7.873,61.0,0.2,40.10406,Alto
7.323,66.0,0.1,36.359997,Muy alto
6.773,71.0,0.2,34.94968,Alto
6.7229996,63.0,0.0,36.785233,Muy alto
6.123,63.0,0.0,32.335934,Alto
5.7229996,64.0,0.0,32.396,Alto
5.773,61.0,0.0,29.940662,Alto
5.773,65.0,0.0,27.009598,Alto
5.823,65.0,0.0,28.66468,Alto
5.623,62.0,0.0,29.947153,Alto
5.2229996,63.0,0.0,32.06426,Alto
5.123,67.0,0.0,28.277763,Alto
5.4230003,63.0,0.0,27.579382,Alto
5.373,63.0,0.0,26.959166,Alto
5.623,62.0,0.0,27.459293,Alto
5.4230003,62.0,0.0,25.488914,Alto
5.2229996,64.0,0.0,23.708124,Alto
4.9729996,66.0,0.0,23.78453,Alto
6.6730003,53.0,0.0,24.184391,Alto
7.073,53.0,0.0,24.967497,Alto
8.023,50.0,0.0,26.596178,Alto
8.473,50.0,0.0,27.217524,Alto
8.873,49.0,0.0,28.66694,Alto
9.323,49.0,0.0,29.827904,Alto
9.922999,51.0,0.0,29.784426,Alto
9.073,57.0,0.0,30.886656,Alto
8.123,64.0,0.0,27.219902,Alto
7.4230003,69.0,0.0,23.990698,Alto
6.7229996,74.0,0.0,22.59699,Moderado
6.4230003,71.0,0.0,23.565569,Moderado
6.6730003,67.0,0.0,25.862436,Alto
6.323,69.0,0.0,26.42753,Alto
6.2229996,69.0,0.0,27.871534,Alto
5.9729996,71.0,0.0,29.168886,Alto
6.073,71.0,0.0,29.5551,Alto
6.023,73.0,0.1,28.961546,Alto
6.323,72.0,0.1,29.957968,Alto
6.023,75.0,0.0,26.925497,Alto
5.873,77.0,0.0,23.042812,Moderado
5.9230003,74.0,0.0,22.881958,Moderado
6.023,69.0,0.0,23.006226,Moderado
5.823,69.0,0.0,20.140705,Moderado
5.4230003,72.0,0.0,18.532133,Moderado
6.073,71.0,0.0,25.44566,Alto
5.873,76.0,0.2,25.12016,Moderado
6.623,70.0,0.1,25.671307,Alto
7.1730003,64.0,0.0,27.887802,Alto
7.4729996,61.0,0.0,25.764534,Alto
7.523,53.0,0.0,27.74103,Alto
7.773,51.0,0.0,26.836306,Alto
7.4230003,53.0,0.0,25.49908,Alto
6.823,60.0,0.0,23.469128,Alto
5.7229996,73.0,0.0,17.287498,Moderado
5.073,74.0,0.0,16.199999,Moderado
4.323,82.0,0.0,16.92383,Moderado
4.073,85.0,0.0,19.008545,Moderado
3.923,85.0,0.0,19.64228,Moderado
3.623,84.0,0.0,17.551615,Moderado
3.173,84.0,0.0,14.007655,Moderado
2.523,89.0,0.0,12.229406,Bajo
2.823,86.0,0.0,15.815435,Moderado
2.623,86.0,0.0,16.08761,Moderado
2.823,85.0,0.0,16.80857,Moderado
2.973,83.0,0.0,18.335276,Moderado
3.023,82.0,0.0,18.11841,Moderado
3.023,81.0,0.0,19.453327,Moderado
3.623,80.0,0.0,22.476227,Moderado
4.573,72.0,0.0,27.009598,Alto
5.573,60.0,0.0,30.85307,Alto
6.1730003,57.0,0.0,31.355152,Alto
6.7229996,52.0,0.0,31.782108,Alto
7.4729996,48.0,0.0,30.926489,Alto
7.7229996,44.0,0.0,28.006058,Alto
8.023,44.0,0.0,23.358425,Alto
7.623,48.0,0.0,22.90743,Alto
6.623,65.0,0.2,24.184391,Moderado
5.9230003,73.0,0.7,18.514643,Moderado
5.573,75.0,1.2,18.1041,Bajo
6.773,67.0,1.0,18.844202,Moderado
6.9729996,64.0,0.6,18.416384,Moderado
6.573,68.0,0.5,17.339897,Moderado
7.323,63.0,0.4,21.933426,Moderado
7.7229996,62.0,0.0,26.31942,Alto
7.323,64.0,0.0,27.776047,Alto
7.4230003,63.0,0.0,28.732422,Alto
6.623,64.0,0.0,31.581665,Alto
5.623,67.0,0.0,30.0767,Alto
4.9729996,70.0,0.0,28.266304,Alto
4.573,69.0,0.0,28.510544,Alto
4.4729996,65.0,0.0,30.563978,Alto
4.6730003,71.0,0.0,31.902174,Alto
4.9729996,67.0,0.0,40.83898,Muy alto
5.623,66.0,0.0,38.358162,Muy alto
6.1730003,58.0,0.0,40.41311,Muy alto
6.4230003,53.0,0.0,41.251034,Muy alto
6.323,51.0,0.0,41.312252,Muy alto
5.9230003,57.0,0.0,44.131947,Muy alto
5.523,57.0,0.0,37.08699,Muy alto
5.073,55.0,0.0,33.487743,Muy alto
4.223,59.0,0.0,30.413074,Alto
2.973,68.0,0.0,26.693459,Alto
1.923,74.0,0.0,22.963936,Moderado
1.123,83.0,0.0,22.45315,Moderado
0.773,85.0,0.0,19.803272,Moderado
0.473,79.0,0.0,20.008356,Moderado
0.073,73.0,0.0,19.559633,Moderado
-0.37699997,70.0,0.0,19.110542,Moderado
-0.77699995,72.0,0.0,19.917469,Moderado
-1.277,72.0,0.0,17.643673,Moderado
-1.777,75.0,0.0,16.167967,Moderado
-2.077,77.0,0.0,14.587776,Moderado
-2.427,80.0,0.0,12.245293,Moderado
-2.227,79.0,0.0,11.298495,Bajo
-2.027,81.0,0.0,11.304229,Bajo
-1.327,85.0,0.0,12.229406,Bajo
0.523,81.0,0.0,17.377226,Moderado
2.523,70.0,0.0,28.555965,Alto
3.323,63.0,0.0,30.945345,Alto
3.823,63.0,0.0,31.92654,Alto
3.973,65.0,0.1,32.85678,Alto
4.1730003,62.0,0.0,34.847553,Muy alto
3.923,65.0,0.0,32.59939,Alto
4.023,66.0,0.0,30.684587,Alto
3.823,68.0,0.0,30.652895,Alto
3.073,73.0,0.0,25.35637,Alto
2.323,80.0,0.3,26.987997,Moderado
2.523,79.0,0.4,30.378967,Moderado
2.573,81.0,0.1,28.58545,Alto
2.373,83.0,0.0,24.675106,Moderado
1.923,87.0,0.0,22.545315,Moderado
1.573,88.0,0.0,21.461555,Moderado
1.423,86.0,0.0,21.461555,Moderado
1.223,83.0,0.0,24.023088,Moderado
1.173,84.0,0.0,23.795427,Moderado
1.123,85.0,0.0,22.104116,Moderado
1.023,87.0,0.0,20.870687,Moderado
1.123,87.0,0.0,20.176065,Moderado
1.223,85.0,0.0,19.296133,Moderado
2.073,82.0,0.0,18.0,Moderado
2.923,79.0,0.0,19.386591,Moderado
3.973,74.0,0.0,20.345573,Moderado
5.073,64.0,0.0,25.264202,Alto
5.573,61.0,0.0,22.963936,Alto
6.023,58.0,0.0,22.734219,Alto
6.123,60.0,0.0,22.314194,Alto
5.4230003,65.0,0.0,21.2522,Moderado
5.273,68.0,0.1,25.44566,Alto
4.623,76.0,0.1,18.678415,Moderado
4.1730003,79.0,0.1,15.077082,Moderado
3.923,80.0,0.0,16.92383,Moderado
3.873,80.0,0.0,19.453327,Moderado
3.723,81.0,0.0,20.46941,Moderado
3.673,83.0,0.0,22.218153,Moderado
3.723,85.0,0.0,25.38702,Moderado
3.523,86.0,0.0,26.309572,Moderado
3.473,85.0,0.0,26.476522,Moderado
3.173,86.0,0.0,23.087763,Moderado
3.373,86.0,0.0,21.67487,Moderado
3.873,84.0,0.0,23.675303,Moderado
4.123,81.0,0.0,25.982424,Alto
4.123,77.0,0.0,27.74103,Alto
3.873,80.0,0.0,25.006397,Moderado
4.873,74.0,0.0,26.661882,Alto
5.6730003,72.0,0.0,26.67889,Alto
6.573,69.0,0.0,29.195534,Alto
7.123,64.0,0.0,30.274265,Alto
7.823,62.0,0.0,30.77105,Alto
7.6730003,61.0,0.0,31.912327,Alto
8.123,59.0,0.0,31.845247,Alto
7.6730003,63.0,0.1,30.659237,Alto
7.4729996,65.0,0.1,30.282827,Alto
7.023,67.0,0.1,30.05515,Alto
6.2229996,72.0,0.1,29.830078,Alto
5.523,78.0,0.2,27.609911,Moderado
5.7229996,75.0,0.1,24.798225,Alto
5.373,77.0,0.1,25.11758,Alto
5.123,79.0,0.1,24.967499,Moderado
4.9729996,79.0,0.0,23.828083,Moderado
4.9230003,78.0,0.0,23.4,Moderado
4.823,78.0,0.0,23.47741,Moderado
5.073,77.0,0.1,25.570139,Alto
5.1730003,77.0,0.1,28.296091,Alto
4.773,80.0,0.3,28.174458,Moderado
4.373,76.0,0.0,25.842384,Alto
4.023,76.0,0.2,28.467329,Moderado
2.873,72.0,0.2,27.086262,Moderado
3.523,68.0,0.0,34.201893,Alto
3.173,56.0,0.0,36.361782,Muy alto
3.573,56.0,0.0,36.721764,Muy alto
3.973,52.0,0.0,37.8,Muy alto
4.373,49.0,0.0,38.52168,Muy alto
4.623,47.0,0.0,39.24165,Muy alto
4.123,55.0,0.0,40.422726,Muy alto
3.873,52.0,0.0,38.403748,Muy alto
3.373,54.0,0.0,35.78697,Muy alto
2.523,58.0,0.0,33.857227,Alto
1.573,64.0,0.0,31.328272,Alto
1.023,67.0,0.0,28.266306,Alto
0.623,73.0,0.0,24.798223,Alto
0.673,74.0,0.0,25.277023,Alto
0.773,76.0,0.0,27.210379,Alto
1.023,73.0,0.0,29.871325,Alto
1.173,72.0,0.0,30.096085,Alto
1.173,72.0,0.0,30.676142,Alto
0.923,74.0,0.0,32.09052,Alto
0.723,73.0,0.0,32.407997,Alto
0.723,73.0,0.0,31.328272,Alto
0.773,74.0,0.0,31.338614,Alto
0.723,72.0,0.0,32.072342,Alto
0.623,71.0,0.0,30.259275,Alto
1.573,71.0,0.0,31.012281,Alto
2.523,66.0,0.0,37.330803,Muy alto
3.323,63.0,0.0,37.490158,Muy alto
3.873,60.0,0.0,37.731365,Muy alto
4.323,56.0,0.0,38.706276,Muy alto
4.523,54.0,0.0,39.503334,Muy alto
4.1730003,58.0,0.0,44.53682,Muy alto
3.873,57.0,0.0,43.45276,Muy alto
3.473,58.0,0.0,40.044235,Muy alto
2.923,60.0,0.0,36.204617,Muy alto
1.973,65.0,0.0,32.654995,Alto
1.323,72.0,0.0,30.735231,Alto
0.923,76.0,0.0,31.394394,Alto
0.923,77.0,0.0,31.353085,Alto
0.973,79.0,0.0,30.978832,Alto
1.023,80.0,0.0,30.602118,Alto
1.023,80.0,0.0,30.619051,Alto
0.973,80.0,0.0,29.598919,Alto
1.073,77.0,0.0,25.651104,Alto
0.723,82.0,0.0,22.751316,Moderado
0.523,86.0,0.0,20.696085,Moderado
0.323,87.0,0.0,20.929594,Moderado
0.323,88.0,0.0,18.58451,Moderado
0.122999996,89.0,0.0,14.336861,Moderado
1.023,88.0,0.0,13.513193,Moderado
2.323,81.0,0.1,16.87398,Moderado
2.773,85.0,0.1,22.077717,Moderado
3.523,80.0,0.1,26.89419,Alto
4.9230003,71.0,0.1,25.14852,Alto
5.2229996,72.0,0.3,24.482647,Moderado
5.1730003,70.0,0.4,21.746504,Moderado
5.773,69.0,0.4,22.725668,Moderado
5.623,71.0,0.4,22.253124,Moderado
5.7229996,71.0,0.3,19.70815,Moderado
5.4230003,71.0,0.0,16.516901,Moderado
4.873,78.0,0.2,12.72283,Bajo
4.373,82.0,0.4,13.32,Bajo
4.773,81.0,0.2,18.671474,Bajo
4.273,82.0,0.0,20.620806,Moderado
3.173,90.0,0.0,17.31746,Moderado
2.723,91.0,0.0,18.25026,Moderado
2.723,90.0,0.0,20.523157,Moderado
2.673,87.0,0.0,23.993399,Moderado
2.473,87.0,0.0,25.44566,Moderado
2.473,89.0,0.0,27.66384,Alto
2.573,85.0,0.0,28.551426,Alto
2.573,84.0,0.0,28.594517,Alto
2.573,83.0,0.0,29.784426,Alto
3.273,80.0,0.0,35.038563,Alto
4.073,73.0,0.0,35.66908,Alto
5.323,64.0,0.0,32.26572,Alto
6.123,58.0,0.0,32.654995,Alto
6.773,56.0,0.0,29.784426,Alto
7.273,52.0,0.0,29.17777,Alto
7.123,51.0,0.0,30.735231,Alto
6.873,53.0,0.0,28.291512,Alto
6.7229996,54.0,0.0,26.903828,Alto
6.023,61.0,0.0,22.42427,Alto
4.773,70.0,0.0,18.751125,Moderado
3.323,78.0,0.0,15.629971,Moderado
2.023,83.0,0.0,15.978484,Moderado
1.423,87.0,0.0,14.81259,Moderado
1.223,89.0,0.0,12.783802,Bajo
1.423,92.0,0.0,12.738099,Bajo
1.623,93.0,0.0,15.30741,Moderado
2.573,89.0,0.0,17.873556,Moderado
1.973,90.0,0.0,13.779114,Moderado
2.323,89.0,0.0,14.618837,Moderado
2.473,90.0,0.0,13.493999,Bajo
2.473,90.0,0.0,13.276144,Bajo
2.823,87.0,0.0,15.273505,Moderado
4.023,84.0,0.0,24.363249,Moderado
5.7229996,77.0,0.1,24.774696,Moderado
6.9230003,75.0,0.0,28.97944,Alto
7.773,66.0,0.0,28.04305,Alto
8.273,63.0,0.0,35.58177,Muy alto
8.473,63.0,0.0,36.367126,Muy alto
7.9729996,71.0,0.4,36.941685,Alto
9.172999,61.0,0.2,40.050705,Alto
8.922999,62.0,0.1,39.463947,Muy alto
8.773,63.0,0.0,34.653625,Muy alto
8.223,67.0,0.0,32.83705,Alto
7.873,71.0,0.0,32.219498,Alto
7.523,74.0,0.0,31.394394,Alto
7.4729996,75.0,0.0,30.96837,Alto
7.373,77.0,0.0,27.722336,Alto
6.9729996,80.0,0.1,25.630886,Alto
6.373,81.0,0.2,25.14852,Moderado
4.6730003,72.0,0.2,24.50381,Moderado
3.523,72.0,0.0,23.087763,Moderado
2.823,77.0,0.0,23.576563,Moderado
2.623,79.0,0.0,26.302181,Alto
2.273,75.0,0.0,27.021591,Alto
1.973,70.0,0.0,28.137634,Alto
1.273,72.0,0.0,28.449112,Alto
0.873,74.0,0.0,26.302181,Alto
1.623,70.0,0.0,31.093666,Alto
2.873,63.0,0.0,34.561874,Alto
4.373,52.0,0.0,36.376038,Muy alto
5.523,46.0,0.0,37.254345,Muy alto
5.273,57.0,0.1,36.58918,Muy alto
5.4230003,59.0,0.2,38.59395,Alto
5.373,64.0,0.3,40.24922,Alto
5.4230003,61.0,0.1,37.806854,Muy alto
4.9729996,60.0,0.0,34.245445,Muy alto
4.123,50.0,0.0,34.04047,Muy alto
2.473,50.0,0.0,31.278593,Alto
1.273,54.0,0.0,28.664682,Alto
0.373,63.0,0.0,28.58545,Alto
-0.127,66.0,0.0,27.0024,Alto
-0.477,71.0,0.0,25.210283,Alto
-0.77699995,74.0,0.0,22.782625,Moderado
-0.977,76.0,0.0,20.617662,Moderado
-1.127,78.0,0.0,18.792551,Moderado
-1.777,78.0,0.0,19.33639,Moderado
-1.927,82.0,0.0,17.782686,Moderado
-1.777,80.0,0.0,18.472595,Moderado
-1.577,80.0,0.0,18.218275,Moderado
-1.477,82.0,0.0,19.346441,Moderado
-1.377,85.0,0.0,19.914215,Moderado
0.223,74.0,0.0,22.66857,Moderado
1.973,68.0,0.0,29.574827,Alto
3.323,57.0,0.0,32.714474,Alto
4.273,53.0,0.0,36.16701,Muy alto
5.1730003,50.0,0.0,36.08091,Muy alto
5.4230003,48.0,0.0,37.77256,Muy alto
6.023,47.0,0.0,39.31259,Muy alto
5.9729996,47.0,0.0,37.63679,Muy alto
5.823,50.0,0.0,35.603615,Muy alto
5.373,52.0,0.0,34.137413,Muy alto
4.523,57.0,0.0,29.5551,Alto
3.723,61.0,0.0,24.850431,Alto
2.923,66.0,0.0,21.385939,Moderado
2.623,67.0,0.0,21.096123,Moderado
2.1729999,70.0,0.0,19.878391,Moderado
1.723,72.0,0.0,18.581022,Moderado
1.323,75.0,0.0,16.418526,Moderado
0.973,77.0,0.0,15.629971,Moderado
0.223,76.0,0.0,12.096214,Moderado
-0.07699999,78.0,0.0,12.313894,Moderado
-0.277,80.0,0.0,12.031756,Moderado
-0.37699997,81.0,0.0,11.480557,Bajo
-0.427,80.0,0.0,10.464797,Bajo
-0.477,80.0,0.0,9.504272,Bajo
1.023,77.0,0.0,10.990322,Bajo
3.173,69.0,0.0,13.684735,Moderado
5.373,62.0,0.0,19.242327,Moderado
6.773,57.0,0.0,22.450264,Alto
7.773,52.0,0.0,22.206486,Alto
7.873,53.0,0.0,23.400002,Alto
7.823,51.0,0.0,22.930048,Alto
7.9729996,50.0,0.0,22.930048,Alto
7.573,52.0,0.0,22.768398,Alto
6.6730003,58.0,0.0,21.542923,Alto
5.073,71.0,0.1,18.057508,Moderado
3.423,70.0,0.0,15.328561,Moderado
1.873,73.0,0.0,15.84409,Moderado
1.073,74.0,0.0,10.587917,Bajo
0.973,75.0,0.1,8.217153,Bajo
0.623,71.0,0.1,10.483357,Moderado
0.323,67.0,0.2,12.303366,Bajo
-0.427,65.0,0.0,14.145756,Moderado
-1.327,65.0,0.0,13.661038,Moderado
-1.777,65.0,0.0,12.979984,Moderado
-2.127,64.0,0.0,13.779114,Moderado
-2.777,65.0,0.0,13.1041975,Moderado
-3.377,68.0,0.0,11.304229,Moderado
-3.477,67.0,0.0,10.594036,Moderado
-2.377,65.0,0.0,13.797912,Moderado
-0.677,56.0,0.0,18.448023,Moderado
0.473,46.0,0.0,19.05281,Moderado
1.273,40.0,0.0,19.130875,Alto
1.973,32.0,0.0,20.724247,Alto
2.223,29.0,0.0,21.758419,Alto
2.1230001,31.0,0.0,23.110205,Alto
2.023,34.0,0.0,21.2522,Alto
1.773,36.0,0.0,20.5484,Alto
1.423,38.0,0.0,19.13426,Alto
0.773,41.0,0.0,16.854767,Moderado
0.223,46.0,0.0,14.81259,Moderado
-0.727,55.0,0.0,12.475961,Moderado
-1.277,65.0,0.0,12.031756,Moderado
-1.527,66.0,0.0,11.770403,Moderado
-1.8269999,68.0,0.0,13.202726,Moderado
-1.8269999,75.0,0.0,14.982228,Moderado
-1.627,77.0,0.0,16.039202,Moderado
-2.527,79.0,0.0,14.003028,Moderado
-2.477,78.0,0.0,13.044722,Moderado
-2.727,79.0,0.0,12.287555,Moderado
-2.877,80.0,0.0,11.384198,Bajo
-2.877,80.0,0.0,11.090103,Bajo
-2.727,78.0,0.0,10.883676,Bajo
-1.227,72.0,0.0,11.983188,Moderado
0.873,62.0,0.0,17.57744,Moderado
2.573,55.0,0.0,21.533897,Alto
3.973,49.0,0.0,25.741888,Alto
5.023,45.0,0.0,28.528723,Alto
5.823,42.0,0.0,29.024128,Alto
5.7229996,41.0,0.0,29.52878,Alto
5.523,41.0,0.0,30.04221,Alto
5.4230003,43.0,0.0,27.776047,Alto
5.1730003,43.0,0.0,27.757376,Alto
4.623,44.0,0.0,23.688984,Alto
3.873,47.0,0.0,21.370783,Alto
3.223,49.0,0.0,20.380579,Alto
3.273,47.0,0.0,20.730501,Alto
3.373,46.0,0.0,21.068459,Alto
3.423,43.0,0.0,19.930477,Alto
3.473,42.0,0.0,19.242327,Alto
3.173,46.0,0.0,16.78156,Moderado
3.023,52.0,0.0,17.974781,Moderado
2.873,59.0,0.0,18.875126,Moderado
1.473,83.0,0.0,17.654686,Moderado
0.673,83.0,0.0,16.520823,Moderado
0.223,78.0,0.0,19.164719,Moderado
0.073,80.0,0.0,20.523155,Moderado
1.073,71.0,0.0,18.486622,Moderado
2.1230001,56.0,0.0,22.55106,Alto
3.423,46.0,0.0,24.269983,Alto
3.973,39.0,0.0,25.959969,Alto
4.1730003,37.0,0.0,26.758923,Alto
4.373,34.0,0.0,27.276978,Alto
3.573,34.0,0.0,31.311722,Muy alto
3.273,36.0,0.0,29.620802,Alto
2.623,41.0,0.0,28.739187,Alto
2.073,46.0,0.0,28.001427,Alto
1.373,51.0,0.0,22.33161,Alto
0.523,57.0,0.0,18.486622,Moderado
-0.277,64.0,0.0,16.676977,Moderado
-0.677,67.0,0.0,16.516901,Moderado
-1.027,71.0,0.0,15.175612,Moderado
-1.277,74.0,0.0,13.217443,Moderado
-1.227,77.0,0.0,13.891522,Moderado
-0.827,78.0,0.0,15.379206,Moderado
-0.32700002,79.0,0.0,17.339897,Moderado
-0.07699999,80.0,0.0,18.335276,Moderado
0.122999996,77.0,0.0,20.390114,Moderado
0.273,78.0,0.0,20.523157,Moderado
-0.32700002,87.0,0.2,19.08,Bajo
-0.527,87.0,0.3,18.218275,Bajo
0.973,54.0,0.2,24.144167,Moderado
2.1230001,51.0,0.0,30.113304,Alto
3.373,46.0,0.0,32.385994,Muy alto
4.4230003,45.0,0.0,37.379375,Muy alto
4.223,59.0,0.2,40.70548,Alto
4.773,69.0,0.1,35.08292,Alto
7.4729996,47.0,0.0,46.24424,Muy alto
6.123,51.0,0.0,48.717194,Extremo
5.4230003,54.0,0.0,45.91235,Muy alto
4.523,58.0,0.0,42.732468,Muy alto
3.573,53.0,0.0,39.279613,Muy alto
2.573,55.0,0.0,38.332817,Muy alto
1.423,69.0,0.0,35.50155,Alto
0.723,66.0,0.0,30.599998,Alto
0.423,69.0,0.0,30.78368,Alto
0.073,67.0,0.0,32.998474,Alto
-0.477,62.0,0.0,34.966362,Alto
-0.877,63.0,0.0,32.91983,Alto
-1.477,70.0,0.0,29.660152,Alto
-1.727,66.0,0.0,29.660152,Alto
-2.027,69.0,0.0,27.908709,Alto
-2.227,70.0,0.0,26.168804,Alto
-2.277,71.0,0.0,25.099514,Alto
-2.127,71.0,0.0,25.099514,Alto
-1.327,72.0,0.0,29.899511,Alto
-0.32700002,62.0,0.0,32.760002,Alto
0.323,60.0,0.1,35.346058,Muy alto
0.923,56.0,0.1,38.445908,Muy alto
1.373,54.0,0.1,39.831684,Muy alto
1.773,52.0,0.1,41.235325,Muy alto
1.723,53.0,0.1,42.437263,Muy alto
1.373,55.0,0.1,42.236763,Muy alto
1.373,53.0,0.0,40.786587,Muy alto
0.973,53.0,0.0,38.48129,Muy alto
0.423,54.0,0.0,37.71075,Muy alto
-0.17699999,61.0,0.0,34.17157,Alto
-0.727,62.0,0.0,31.956972,Alto
-0.827,67.0,0.0,28.1169,Alto
-0.827,75.0,0.0,26.67889,Alto
-0.627,80.0,0.0,28.835976,Alto
-0.277,79.0,0.0,29.986076,Alto
-0.127,78.0,0.0,29.237675,Alto
0.623,77.0,0.0,30.85307,Alto
0.923,78.0,0.0,32.136932,Alto
1.323,77.0,0.0,33.326748,Alto
1.373,81.0,0.1,36.158054,Alto
1.523,82.0,0.0,38.156605,Alto
1.973,82.0,0.1,37.930065,Alto
4.023,73.0,0.1,45.49836,Muy alto
4.773,71.0,0.0,51.782467,Muy alto
5.4729996,68.0,0.0,53.707603,Extremo
5.773,68.0,0.0,53.45606,Extremo
6.323,68.0,0.0,51.1922,Extremo
6.073,71.0,0.7,48.590664,Muy alto
6.323,69.0,1.0,56.538338,Muy alto
6.623,66.0,0.3,53.067955,Muy alto
5.9230003,70.0,0.4,49.352833,Muy alto
4.823,76.0,0.6,43.253967,Alto
4.273,73.0,0.2,39.26641,Alto
3.723,70.0,0.0,35.069984,Alto
2.923,74.0,0.0,33.887836,Alto
2.573,76.0,0.0,33.151287,Alto
2.323,75.0,0.0,33.933697,Alto
2.223,76.0,0.0,35.069984,Alto
2.1729999,75.0,0.0,35.66908,Alto
1.973,78.0,0.0,34.207577,Alto
2.273,78.0,0.0,32.072342,Alto
1.773,84.0,0.0,27.059933,Alto
1.423,89.0,0.0,21.915693,Moderado
1.673,92.0,0.0,22.26477,Moderado
2.523,89.0,0.0,24.472057,Moderado
2.873,85.0,0.0,26.795223,Alto
4.7229996,77.0,0.0,31.435646,Alto
6.023,71.0,0.0,35.494247,Alto
7.123,67.0,0.0,45.504055,Muy alto
7.573,68.0,0.1,45.872814,Muy alto
7.823,67.0,0.2,49.426308,Muy alto
7.823,69.0,0.4,51.03627,Muy alto
9.123,65.0,0.3,49.82587,Muy alto
8.823,67.0,0.3,50.137028,Muy alto
8.422999,69.0,0.4,44.647255,Muy alto
7.873,73.0,0.3,43.9436,Alto
7.523,75.0,0.4,40.377815,Alto
6.9230003,79.0,0.1,37.191677,Alto
7.323,82.0,0.5,36.23682,Alto
6.373,79.0,0.3,36.93291,Alto
4.623,73.0,0.0,37.861664,Muy alto
4.023,72.0,0.0,39.160656,Muy alto
2.973,68.0,0.0,39.966484,Muy alto
2.1729999,73.0,0.0,41.161396,Muy alto
1.823,71.0,0.0,36.67232,Muy alto
0.773,60.0,0.0,34.38895,Alto
0.423,62.0,0.0,32.777798,Alto
0.373,67.0,0.0,30.24214,Alto
0.323,68.0,0.0,28.808998,Alto
0.373,65.0,0.0,29.539747,Alto
2.073,62.0,0.0,33.549606,Alto
2.723,56.0,0.0,36.001797,Muy alto
3.123,49.0,0.0,37.330803,Muy alto
3.423,44.0,0.0,37.47114,Muy alto
3.673,41.0,0.0,36.997772,Muy alto
3.623,41.0,0.0,35.80688,Muy alto
3.673,40.0,0.0,35.62363,Muy alto
3.223,40.0,0.0,33.82659,Muy alto
2.873,40.0,0.0,32.83705,Muy alto
2.1729999,42.0,0.0,30.563978,Alto
1.173,45.0,0.0,25.630886,Alto
0.073,53.0,0.0,18.72346,Moderado
-0.677,64.0,0.0,13.905509,Moderado
-1.277,69.0,0.0,13.281023,Moderado
-1.627,73.0,0.0,13.004922,Moderado
-1.427,80.0,0.0,15.856354,Moderado
-0.627,79.0,0.0,22.881958,Moderado
-0.277,73.0,0.0,28.112288,Alto
-0.577,73.0,0.0,27.419146,Alto
-1.227,73.0,0.0,26.795223,Alto
-1.427,70.0,0.0,28.808998,Alto
-1.8269999,69.0,0.0,27.722336,Alto
-2.227,68.0,0.0,25.922499,Alto
-2.227,67.0,0.0,24.490587,Alto
-1.027,66.0,0.0,23.499481,Alto
0.223,54.0,0.0,27.362366,Alto
1.323,47.0,0.0,28.100763,Alto
1.873,46.0,0.0,29.070974,Alto
2.273,44.0,0.1,29.01743,Alto
2.873,39.0,0.0,28.467329,Alto
2.923,38.0,0.0,29.337238,Alto
2.723,37.0,0.0,28.829233,Alto
2.273,38.0,0.0,26.208395,Alto
1.573,39.0,0.0,24.379204,Alto
0.473,42.0,0.0,20.523157,Alto
-0.627,51.0,0.0,13.75558,Moderado
-1.8269999,60.0,0.0,7.42159,Bajo
-2.527,67.0,0.0,7.24486,Bajo
-2.977,71.0,0.0,5.991594,Bajo
-3.277,75.0,0.0,4.6102495,Bajo
-3.427,77.0,0.0,3.6,Bajo
-3.127,78.0,0.1,2.968636,Bajo
-3.377,82.0,0.4,2.0364676,Bajo
-3.427,86.0,0.0,3.0758414,Bajo
-3.527,89.0,0.0,4.6938252,Bajo
-3.577,89.0,0.0,6.4799995,Bajo
-3.727,87.0,0.0,7.92,Bajo
-3.177,81.0,0.0,8.647496,Bajo
-1.577,72.0,0.0,10.829959,Moderado
0.323,58.0,0.0,14.587776,Moderado
1.073,55.0,0.1,12.879752,Moderado
1.423,59.0,0.3,12.4811535,Bajo
2.073,57.0,0.2,12.738099,Bajo
2.773,51.0,0.2,14.84318,Moderado
3.073,44.0,0.1,15.9134655,Moderado
3.323,41.0,0.0,16.831684,Moderado
3.023,39.0,0.0,18.391737,Alto
2.1729999,42.0,0.0,18.504139,Moderado
1.023,45.0,0.0,16.1198,Moderado
-0.32700002,55.0,0.0,13.661038,Moderado
-1.477,59.0,0.0,13.75558,Moderado
-2.027,63.0,0.0,13.684735,Moderado
-2.577,67.0,0.0,14.404499,Moderado
-3.027,71.0,0.0,14.417988,Moderado
-3.377,75.0,0.0,15.188415,Moderado
-3.477,79.0,0.0,15.546833,Moderado
-3.477,78.0,0.0,17.163355,Moderado
-3.377,79.0,0.0,17.163355,Moderado
-3.177,77.0,0.0,18.161278,Moderado
-2.927,77.0,0.0,18.947083,Moderado
-2.827,84.0,0.0,19.242327,Moderado
-1.977,85.0,0.0,18.161278,Moderado
0.323,77.0,0.0,18.844202,Moderado
1.973,59.0,0.0,21.53089,Moderado
3.123,51.0,0.0,21.611996,Alto
3.923,49.0,0.0,20.746122,Alto
4.4729996,45.0,0.0,17.31746,Moderado
4.523,42.0,0.0,16.563911,Moderado
4.323,50.0,0.0,19.171478,Moderado
4.123,55.0,0.0,16.299694,Moderado
4.323,53.0,0.0,15.408671,Moderado
3.923,53.0,0.0,13.584932,Moderado
3.273,54.0,0.0,9.227524,Moderado
1.223,75.0,0.4,5.8048253,Bajo
-0.577,91.0,0.3,15.273505,Bajo
-1.377,93.0,0.7,15.03835,Bajo
-2.277,90.0,0.6,14.561099,Bajo
-2.977,89.0,0.3,13.084402,Bajo
-3.277,91.0,0.3,10.308831,Bajo
-3.477,93.0,0.4,7.24486,Bajo
-3.377,94.0,0.4,5.5887027,Bajo
-3.627,94.0,0.3,4.68,Bajo
-3.827,95.0,0.2,3.7585104,Bajo
-4.177,96.0,0.1,2.4149535,Bajo
-4.627,96.0,0.1,1.835647,Bajo
-4.3269997,95.0,0.1,1.1384199,Bajo
-2.877,87.0,0.1,3.7585104,Bajo
-1.727,83.0,0.0,3.671294,Bajo
-0.577,74.0,0.0,2.4149535,Bajo
0.273,63.0,0.0,3.563818,Bajo
1.073,54.0,0.0,5.6002855,Bajo
1.623,47.0,0.0,7.7043357,Moderado
1.873,46.0,0.0,9.339208,Moderado
2.323,45.0,0.0,10.041354,Moderado
2.473,45.0,0.0,10.931203,Moderado
2.323,47.0,0.0,11.440979,Moderado
1.423,54.0,0.0,9.387651,Moderado
0.223,62.0,0.0,7.729527,Bajo
-1.027,70.0,0.0,6.2145634,Bajo
-1.727,71.0,0.0,5.8048253,Bajo
-2.177,75.0,0.0,6.0347,Bajo
-2.577,79.0,0.0,5.95906,Bajo
-2.577,80.0,0.0,6.489992,Bajo
-2.127,79.0,0.0,7.8954163,Bajo
-1.777,82.0,0.0,11.753877,Bajo
-1.527,87.0,0.0,14.372974,Moderado
-0.977,84.0,0.0,16.171976,Moderado
-0.277,89.0,0.0,19.353138,Moderado
0.223,91.0,0.0,21.175835,Moderado
0.973,89.0,0.0,22.26477,Moderado
2.723,83.0,0.0,23.933908,Moderado
3.923,79.0,0.0,27.112564,Alto
5.4230003,70.0,0.0,32.399998,Alto
6.2229996,67.0,0.0,34.92,Alto
6.323,68.0,0.0,36.367126,Muy alto
6.623,66.0,0.0,35.296524,Muy alto
7.2229996,61.0,0.0,37.50225,Muy alto
7.373,63.0,0.0,37.861664,Muy alto
7.123,63.0,0.0,37.938602,Muy alto
6.323,67.0,0.0,35.64727,Muy alto
5.4729996,70.0,0.0,34.201893,Alto
4.573,79.0,0.0,31.698402,Alto
4.273,78.0,0.0,32.09052,Alto
3.923,80.0,0.0,32.47192,Alto
3.623,82.0,0.0,32.47192,Alto
3.423,83.0,0.0,32.85678,Alto
3.323,83.0,0.0,33.24498,Alto
3.323,82.0,0.0,33.574707,Alto
3.473,80.0,0.0,29.024128,Alto
3.423,80.0,0.0,29.339449,Alto
3.323,81.0,0.0,29.627363,Alto
3.273,81.0,0.0,29.528778,Alto
3.123,80.0,0.0,28.162956,Alto
3.473,73.0,0.0,31.129074,Alto
4.4729996,68.0,0.1,30.500309,Alto
5.123,67.0,0.1,34.57687,Alto
5.9230003,65.0,0.1,37.564407,Muy alto
6.1730003,63.0,0.2,44.700928,Muy alto
5.573,65.0,0.3,38.2973,Alto
6.4729996,57.0,0.0,36.80637,Muy alto
7.323,51.0,0.0,41.750687,Muy alto
6.9729996,48.0,0.0,41.393738,Muy alto
6.123,51.0,0.0,40.42593,Muy alto
4.9230003,57.0,0.0,39.205303,Muy alto
3.723,63.0,0.0,37.420956,Muy alto
2.773,63.0,0.0,34.679794,Alto
2.673,68.0,0.0,33.487743,Alto
2.223,71.0,0.0,33.481937,Alto
1.923,73.0,0.0,33.151287,Alto
1.623,75.0,0.0,32.431984,Alto
1.423,75.0,0.0,30.602118,Alto
1.423,74.0,0.0,30.248568,Alto
1.373,74.0,0.0,29.888672,Alto
1.173,75.0,0.0,29.888672,Alto
1.123,75.0,0.0,28.802248,Alto
1.073,74.0,0.0,28.08923,Alto
0.973,74.0,0.0,27.729347,Alto
1.323,73.0,0.0,27.729347,Alto
3.323,65.0,0.0,33.487743,Alto
4.573,54.0,0.0,38.592266,Muy alto
5.523,49.0,0.0,40.20573,Muy alto
6.123,46.0,0.0,41.21646,Muy alto
5.9729996,50.0,0.0,40.30071,Muy alto
6.773,46.0,0.0,40.0782,Muy alto
6.9729996,47.0,0.0,42.87628,Muy alto
6.6730003,48.0,0.0,39.28456,Muy alto
6.123,51.0,0.0,38.344646,Muy alto
5.4230003,54.0,0.0,34.387066,Muy alto
4.823,57.0,0.0,31.006012,Alto
3.873,63.0,0.0,27.834309,Alto
3.123,74.0,0.0,27.038372,Alto
2.873,79.0,0.0,28.820242,Alto
2.873,74.0,0.0,27.729347,Alto
2.773,79.0,0.0,29.339449,Alto
2.673,78.0,0.0,29.834423,Alto
3.023,78.0,0.0,28.467329,Alto
3.473,73.0,0.0,30.453527,Alto
3.573,74.0,0.0,29.888672,Alto
3.723,74.0,0.0,28.174456,Alto
3.673,78.0,0.0,27.852928,Alto
3.873,80.0,0.0,29.519999,Alto
4.373,79.0,0.0,31.278593,Alto
5.323,71.0,0.0,32.48788,Alto
6.1730003,70.0,0.0,34.03095,Alto
7.1730003,65.0,0.0,36.04497,Muy alto
7.573,63.0,0.0,37.08699,Muy alto
7.623,62.0,0.0,36.04497,Muy alto
7.873,60.0,0.0,35.28,Muy alto
8.672999,56.0,0.0,41.140926,Muy alto
8.373,61.0,0.0,39.732323,Muy alto
7.523,64.0,0.0,37.612675,Muy alto
7.023,64.0,0.0,33.87062,Alto
6.4729996,70.0,0.0,30.962095,Alto
5.823,67.0,0.0,26.727423,Alto
5.823,68.0,0.0,27.722336,Alto
5.273,64.0,0.0,25.509243,Alto
5.023,72.0,0.0,22.963936,Moderado
4.9729996,73.0,0.0,22.73707,Moderado
4.873,71.0,0.0,25.14852,Alto
4.623,72.0,0.0,22.79684,Moderado
4.4230003,75.0,0.0,21.407139,Moderado
4.373,76.0,0.0,23.688984,Moderado
4.4230003,76.0,0.0,25.346148,Alto
4.4729996,77.0,0.0,25.455843,Alto
4.773,78.0,0.0,25.509243,Alto
5.373,74.0,0.0,26.882141,Alto
6.1730003,67.0,0.0,28.528723,Alto
7.023,62.0,0.0,31.97319,Alto
7.6730003,61.0,0.0,32.2034,Alto
8.273,59.0,0.0,32.49785,Alto
8.323,60.0,0.0,32.2034,Alto
9.073,57.0,0.0,32.49785,Alto
9.172999,57.0,0.0,31.452133,Alto
8.073,65.0,0.1,29.339449,Alto
7.9729996,64.0,0.0,29.024128,Alto
8.323,61.0,0.0,27.475807,Alto
7.7229996,67.0,0.0,22.380884,Moderado
7.023,73.0,0.0,17.208603,Moderado
6.4729996,76.0,0.0,18.511143,Moderado
6.2229996,79.0,0.0,22.782625,Moderado
5.6730003,80.0,0.0,23.0653,Moderado
5.2229996,84.0,0.0,19.881649,Moderado
4.9729996,87.0,0.0,18.057508,Moderado
4.6730003,90.0,0.0,15.188415,Moderado
4.273,90.0,0.0,14.869351,Moderado
4.023,92.0,0.0,14.205182,Moderado
3.973,91.0,0.0,13.910169,Moderado
3.873,91.0,0.0,14.332341,Moderado
3.673,92.0,0.0,12.496719,Bajo
4.4729996,89.0,0.0,13.708391,Moderado
6.6730003,78.0,0.0,16.965895,Moderado
8.223,72.0,0.0,21.129885,Moderado
9.422999,65.0,0.0,22.682856,Alto
10.172999,60.0,0.0,19.803272,Moderado
10.823,58.0,0.0,20.633371,Moderado
11.323,58.0,0.0,21.398056,Alto
11.223,58.0,0.0,21.518847,Alto
11.073,59.0,0.0,20.49156,Moderado
11.123,57.0,0.0,18.388212,Moderado
11.172999,60.0,0.0,17.114204,Moderado
10.973,63.0,0.0,15.315873,Moderado
10.073,68.0,0.0,14.24163,Moderado
9.123,71.0,0.0,10.787993,Moderado
7.823,78.0,0.0,9.504273,Bajo
7.023,81.0,0.0,8.225035,Bajo
6.623,82.0,0.0,7.5685663,Bajo
6.523,82.0,0.0,7.289445,Bajo
6.7229996,82.0,0.0,8.287822,Bajo
7.023,82.0,0.0,10.1887,Bajo
7.4729996,79.0,0.1,14.05845,Moderado
7.573,79.0,0.2,15.856354,Bajo
7.6730003,79.0,0.1,16.323528,Moderado
7.773,78.0,0.0,16.641972,Moderado
7.873,79.0,0.3,15.484185,Bajo
8.672999,83.0,0.7,10.739832,Bajo
9.672999,78.0,0.3,14.255272,Bajo
10.623,72.0,0.2,20.380579,Moderado
10.323,73.0,0.4,22.9724,Moderado
10.023,73.0,0.5,23.993399,Moderado
10.123,71.0,0.4,25.284714,Moderado
10.422999,69.0,0.3,29.07989,Moderado
9.873,72.0,0.5,26.925497,Moderado
9.573,75.0,0.4,22.862123,Moderado
9.672999,73.0,0.2,20.497883,Moderado
9.823,70.0,0.0,21.749483,Moderado
9.172999,74.0,0.0,19.930477,Moderado
8.723,76.0,0.3,17.533146,Bajo
8.023,80.0,0.0,14.658676,Moderado
7.523,81.0,0.0,13.089354,Moderado
7.123,81.0,0.0,13.830749,Moderado
7.6730003,81.0,0.0,14.336861,Moderado
7.6730003,84.0,0.0,14.693999,Moderado
7.9729996,82.0,0.0,15.277749,Moderado
8.223,80.0,0.0,15.629971,Moderado
8.623,76.0,0.0,15.580141,Moderado
8.573,75.0,0.0,16.595179,Moderado
8.123,78.0,0.0,13.684735,Moderado
8.373,78.0,0.0,10.799999,Bajo
9.123,78.0,0.0,10.009036,Bajo
9.823,77.0,0.3,11.770403,Bajo
9.973,79.0,0.3,9.178235,Bajo
10.573,76.0,0.1,7.5170207,Bajo
11.422999,71.0,0.4,14.764389,Bajo
10.823,76.0,1.6,12.768586,Bajo
11.223,78.0,1.3,7.208994,Bajo
10.773,79.0,0.8,9.885262,Bajo
10.922999,78.0,0.3,10.028439,Bajo
12.273,70.0,0.1,18.59845,Moderado
11.023,66.0,0.3,29.142216,Moderado
9.672999,63.0,0.0,28.58545,Alto
8.823,64.0,0.0,28.66694,Alto
7.9230003,63.0,0.0,28.162954,Alto
7.1730003,66.0,0.1,28.373846,Alto
6.4729996,70.0,0.0,31.087412,Alto
5.773,76.0,0.0,32.096577,Alto
5.4230003,81.0,0.2,29.157776,Moderado
5.623,79.0,0.3,30.718357,Moderado
5.323,72.0,0.0,35.281837,Alto
5.023,74.0,0.0,33.87062,Alto
4.6730003,73.0,0.0,31.338614,Alto
4.623,71.0,0.0,29.16,Alto
5.123,70.0,0.0,27.475807,Alto
6.523,63.0,0.0,34.07091,Alto
7.273,59.0,0.0,36.748222,Muy alto
8.123,55.0,0.0,36.72706,Muy alto
8.823,53.0,0.0,36.028786,Muy alto
9.023,53.0,0.2,35.728977,Alto
9.123,53.0,0.3,35.069984,Alto
9.273,52.0,0.1,34.213257,Muy alto
8.823,54.0,0.0,32.32992,Alto
8.523,54.0,0.0,30.77105,Alto
7.823,56.0,0.0,28.856194,Alto
6.9729996,59.0,0.0,26.642431,Alto
6.1730003,61.0,0.0,23.084955,Alto
5.1730003,66.0,0.0,23.675303,Alto
4.6730003,70.0,0.0,22.734219,Moderado
4.323,72.0,0.0,21.915693,Moderado
4.023,73.0,0.0,22.427162,Moderado
3.673,75.0,0.0,23.110205,Moderado
3.523,78.0,0.0,23.110205,Moderado
3.223,79.0,0.0,22.55106,Moderado
3.023,78.0,0.0,22.206486,Moderado
3.023,79.0,0.0,21.41319,Moderado
2.973,79.0,0.0,20.724247,Moderado
2.973,80.0,0.0,19.809813,Moderado
3.723,77.0,0.0,19.694992,Moderado
4.873,72.0,0.0,21.9718,Moderado
5.7229996,66.0,0.0,24.448214,Alto
6.7229996,60.0,0.0,24.923338,Alto
7.273,59.0,0.0,24.923338,Alto
7.4230003,58.0,0.0,25.49908,Alto
8.223,56.0,0.0,23.34455,Alto
8.523,55.0,0.0,24.64094,Alto
9.223,53.0,0.0,25.212852,Alto
9.373,53.0,0.0,24.933735,Alto
9.123,56.0,0.0,23.14103,Alto
8.323,61.0,0.0,20.898611,Moderado
7.073,68.0,0.0,18.35647,Moderado
5.773,73.0,0.0,19.881649,Moderado
4.823,79.0,0.0,18.998314,Moderado
4.1730003,82.0,0.0,18.35647,Moderado
3.673,83.0,0.0,17.298738,Moderado
3.323,83.0,0.0,16.946787,Moderado
3.173,83.0,0.0,16.946787,Moderado
3.373,83.0,0.0,19.770523,Moderado
3.423,83.0,0.0,19.35314,Moderado
3.523,85.0,0.0,18.709612,Moderado
3.523,85.0,0.0,18.782204,Moderado
3.523,81.0,0.0,18.079027,Moderado
4.123,79.0,0.0,18.556595,Moderado
5.373,78.0,0.0,17.581125,Moderado
6.523,67.0,0.0,22.033648,Moderado
7.9230003,58.0,0.0,21.316135,Alto
8.373,51.0,0.0,26.6327,Alto
7.823,59.0,0.0,27.684914,Alto
7.4230003,64.0,0.1,25.620771,Alto
8.073,58.0,0.0,27.210379,Alto
8.823,57.0,0.1,30.158459,Alto
8.823,61.0,0.1,30.267845,Alto
8.123,70.0,0.2,31.581665,Alto
7.073,76.0,0.3,28.576382,Moderado
6.623,79.0,0.5,26.525429,Moderado
6.573,76.0,0.3,29.374763,Moderado
6.4729996,76.0,0.4,29.620802,Moderado
6.323,77.0,0.3,29.827904,Moderado
5.9729996,80.0,0.3,30.551254,Moderado
5.9230003,82.0,0.6,32.048088,Moderado
6.1730003,80.0,0.8,33.68069,Alto
6.373,78.0,0.6,33.68069,Alto
6.323,79.0,0.3,32.789658,Moderado
6.4729996,80.0,0.2,31.92654,Moderado
6.523,79.0,0.3,31.452133,Moderado
6.773,77.0,0.2,30.676142,Moderado
7.373,77.0,0.2,32.957207,Alto
7.823,73.0,0.2,28.241076,Moderado
8.723,70.0,0.1,30.035742,Alto
9.573,68.0,0.1,31.608328,Alto
10.172999,65.0,0.1,32.688713,Alto
10.422999,66.0,0.1,34.32105,Alto
10.323,66.0,0.2,35.016357,Alto
10.773,65.0,0.2,39.254856,Alto
11.023,60.0,0.0,40.83739,Muy alto
11.123,59.0,0.0,39.205303,Muy alto
10.373,62.0,0.0,36.290424,Muy alto
9.623,65.0,0.0,36.161636,Muy alto
8.823,68.0,0.0,33.449017,Alto
8.623,67.0,0.0,29.655787,Alto
8.323,68.0,0.0,29.09103,Alto
8.023,69.0,0.0,28.551426,Alto
7.823,66.0,0.0,27.852928,Alto
7.523,68.0,0.0,24.40046,Alto
7.273,70.0,0.0,23.806318,Alto
6.6730003,75.0,0.0,22.461807,Moderado
6.323,76.0,0.0,20.858265,Moderado
6.1730003,78.0,0.0,20.523157,Moderado
6.273,77.0,0.0,20.61766,Moderado
6.323,74.0,0.0,20.808498,Moderado
7.073,72.0,0.0,21.120682,Moderado
7.9230003,72.0,0.0,22.884789,Moderado
8.723,66.0,0.0,23.452555,Alto
9.723,62.0,0.0,25.932495,Alto
10.172999,59.0,0.0,26.999998,Alto
10.573,56.0,0.0,26.111792,Alto
11.373,50.0,0.0,26.019806,Alto
11.922999,46.0,0.0,30.574575,Alto
12.023,48.0,0.0,29.601109,Alto
12.073,48.0,0.0,28.483257,Alto
11.473,54.0,0.0,25.959969,Alto
10.823,58.0,0.0,22.380884,Alto
9.723,62.0,0.0,21.178896,Moderado
8.773,63.0,0.0,21.26744,Moderado
8.422999,64.0,0.0,21.980644,Moderado
8.173,67.0,0.1,22.553934,Moderado
8.073,67.0,0.0,17.22742,Moderado
7.273,71.0,0.0,10.587917,Moderado
6.573,73.0,0.0,8.049845,Bajo
6.373,78.0,0.0,4.39436,Bajo
6.2229996,79.0,0.1,2.7416782,Bajo
6.2229996,78.0,0.0,4.072935,Bajo
6.7229996,72.0,0.0,7.7879906,Bajo
7.623,65.0,0.2,13.32,Bajo
8.473,60.0,0.1,15.978484,Moderado
10.172999,49.0,0.0,18.58451,Moderado
11.773,47.0,0.0,28.266304,Alto
12.473,49.0,0.0,34.776817,Muy alto
12.773,48.0,0.0,32.449963,Muy alto
12.223,47.0,0.0,31.104082,Alto
12.473,45.0,0.0,34.83639,Muy alto
12.672999,40.0,0.0,38.72302,Muy alto
11.723,45.0,0.0,38.706276,Muy alto
11.073,47.0,0.0,38.023907,Muy alto
10.172999,45.0,0.0,35.71265,Muy alto
8.823,48.0,0.0,33.617138,Muy alto
7.1730003,53.0,0.0,32.831135,Muy alto
6.273,58.0,0.0,29.899511,Alto
5.2229996,58.0,0.0,29.162226,Alto
4.623,61.0,0.0,27.722336,Alto
4.223,64.0,0.0,27.36947,Alto
3.773,67.0,0.0,25.942488,Alto
3.423,68.0,0.0,23.042812,Moderado
2.823,70.0,0.0,21.986542,Moderado
2.573,71.0,0.0,17.935081,Moderado
2.023,76.0,0.0,14.372974,Moderado
1.273,81.0,0.0,12.287555,Moderado
0.973,82.0,0.0,11.304229,Bajo
2.523,76.0,0.0,12.218805,Moderado
5.1730003,68.0,0.0,16.548256,Moderado
6.9230003,55.0,0.0,20.08916,Moderado
8.323,51.0,0.0,21.30093,Alto
9.973,44.0,0.0,21.749483,Alto
11.773,42.0,0.0,23.269482,Alto
13.223,40.0,0.0,25.133053,Alto
14.172999,36.0,0.0,31.863558,Muy alto
14.273,40.0,0.0,28.894344,Alto
13.373,44.0,0.0,24.184391,Alto
12.573,52.0,0.0,18.720001,Moderado
12.273,54.0,0.0,17.782688,Moderado
10.922999,62.0,0.1,17.238699,Moderado
9.623,76.0,0.1,12.4811535,Moderado
8.873,80.0,0.1,11.246759,Moderado
8.273,81.0,0.1,10.691453,Bajo
7.773,83.0,0.0,10.233123,Bajo
7.4230003,85.0,0.0,11.304229,Bajo
6.9729996,87.0,0.0,12.287555,Bajo
6.573,92.0,0.0,12.413477,Bajo
6.2229996,90.0,0.0,13.217443,Bajo
6.2229996,86.0,0.0,13.70839,Moderado
6.1730003,84.0,0.0,14.973577,Moderado
6.2229996,84.0,0.0,15.315873,Moderado
7.1730003,81.0,0.0,17.447933,Moderado
8.723,83.0,0.0,15.893093,Moderado
10.123,74.0,0.0,19.469976,Moderado
11.823,64.0,0.0,19.09358,Moderado
12.672999,57.0,0.0,20.06334,Moderado
12.172999,58.0,0.0,21.316135,Alto
11.573,65.0,0.0,20.211363,Moderado
13.573,52.0,0.0,22.461807,Alto
13.373,50.0,0.0,23.623243,Alto
13.373,51.0,0.0,22.963936,Alto
12.873,53.0,0.0,20.598795,Alto
11.672999,58.0,0.0,19.813087,Moderado
10.223,64.0,0.0,16.263872,Moderado
8.323,72.0,0.0,11.304229,Moderado
7.1730003,80.0,0.0,7.8625183,Bajo
6.273,85.0,0.0,6.6185193,Bajo
5.6730003,87.0,0.0,4.829907,Bajo
5.523,85.0,0.0,4.3349743,Bajo
5.323,85.0,0.0,3.7064266,Bajo
4.9729996,84.0,0.4,3.4152596,Bajo
4.6730003,87.0,0.0,4.510787,Bajo
5.073,90.0,0.1,7.7879906,Bajo
5.2229996,91.0,0.2,10.636766,Bajo
5.073,90.0,0.0,12.661564,Bajo
6.2229996,84.0,0.0,17.298738,Moderado
7.4729996,77.0,0.0,20.957443,Moderado
8.922999,66.0,0.0,22.691425,Alto
9.922999,60.0,0.0,23.084955,Alto
9.873,58.0,0.0,24.216522,Alto
10.023,58.0,0.0,23.40277,Alto
10.422999,56.0,0.0,21.96295,Alto
12.172999,45.0,0.0,22.682856,Alto
12.172999,44.0,0.0,23.444265,Alto
11.723,47.0,0.0,24.387177,Alto
10.873,52.0,0.0,22.461807,Alto
10.172999,53.0,0.0,19.562946,Moderado
8.823,57.0,0.0,16.039202,Moderado
7.623,60.0,0.0,11.609651,Moderado
6.6730003,67.0,0.0,7.8954163,Bajo
6.7229996,68.0,0.0,5.3517847,Bajo
6.023,73.0,0.0,4.3349743,Bajo
5.9230003,77.0,0.0,5.506941,Bajo
6.123,88.0,0.0,8.534353,Bajo
6.523,89.0,0.0,8.669949,Bajo
6.323,91.0,0.0,9.885262,Bajo
6.873,90.0,0.0,12.879752,Bajo
7.073,89.0,0.0,14.84318,Moderado
6.873,90.0,0.0,13.896187,Moderado
7.873,86.0,0.0,15.646544,Moderado
8.922999,80.0,0.0,17.654686,Moderado
10.023,70.0,0.0,21.749481,Moderado
10.223,59.0,0.0,22.862125,Alto
10.973,54.0,0.0,23.411074,Alto
11.473,52.0,0.0,21.626984,Alto
11.573,51.0,0.0,19.829433,Alto
11.123,50.0,0.0,20.275383,Alto
11.172999,51.0,0.0,19.493261,Moderado
10.573,54.0,0.1,18.161278,Moderado
9.773,57.0,0.0,16.171976,Moderado
9.123,59.0,0.0,15.484185,Moderado
8.123,62.0,0.0,13.202726,Moderado
7.2229996,68.0,0.0,13.324863,Moderado
6.273,73.0,0.0,12.620554,Moderado
5.273,76.0,0.0,12.959999,Moderado
4.223,76.0,0.0,11.720751,Moderado
3.423,80.0,0.0,10.703569,Bajo
3.023,81.0,0.0,10.028439,Bajo
2.323,81.0,0.0,12.864649,Moderado
2.273,83.0,0.0,12.224107,Bajo
2.223,86.0,0.0,12.224107,Bajo
2.1230001,88.0,0.0,11.113451,Bajo
2.223,83.0,0.0,13.37825,Moderado
3.873,70.0,0.0,15.978484,Moderado
6.373,60.0,0.0,23.400002,Alto
7.7229996,56.0,0.0,27.193705,Alto
8.473,54.0,0.0,26.693459,Alto
8.773,51.0,0.0,24.336637,Alto
10.073,49.0,0.0,23.313995,Alto
10.823,47.0,0.0,23.83896,Alto
11.672999,44.0,0.0,27.14123,Alto
11.973,45.0,0.0,23.847115,Alto
11.922999,45.0,0.0,29.515608,Alto
10.922999,53.0,0.0,29.795301,Alto
9.623,66.0,0.3,29.142216,Moderado
8.773,76.0,1.2,24.696102,Moderado
8.473,80.0,1.7,16.520823,Bajo
8.422999,82.0,2.0,19.486609,Moderado
8.073,79.0,2.6,32.527744,Moderado
7.123,73.0,0.4,35.945957,Alto
6.4729996,75.0,0.0,31.178993,Alto
6.373,79.0,0.0,31.235058,Alto
7.023,80.0,0.0,30.599998,Alto
7.123,79.0,0.1,34.17157,Alto
6.873,76.0,0.2,38.70628,Alto
6.1730003,78.0,0.5,41.137775,Alto
6.023,79.0,0.3,40.68,Alto
6.4729996,76.0,0.1,41.476624,Muy alto
7.773,68.0,0.1,47.928696,Muy alto
8.573,64.0,0.0,49.934998,Muy alto
9.623,61.0,0.0,44.15103,Muy alto
10.123,60.0,0.0,43.38261,Muy alto
10.723,60.0,0.0,41.947342,Muy alto
11.273,57.0,0.0,42.821846,Muy alto
11.073,57.0,0.0,43.34974,Muy alto
10.273,59.0,0.0,41.376514,Muy alto
10.473,58.0,0.0,41.86693,Muy alto
10.073,58.0,0.0,38.966568,Muy alto
8.922999,59.0,0.0,36.061146,Muy alto
7.573,63.0,0.0,32.491867,Alto
7.373,66.0,0.0,29.784426,Alto
6.823,68.0,0.0,26.009842,Alto
6.4729996,73.0,0.0,24.144165,Alto
6.1730003,77.0,0.0,23.762726,Moderado
5.873,79.0,0.0,22.68,Moderado
5.573,80.0,0.0,20.163212,Moderado
5.2229996,83.0,0.0,15.629972,Moderado
4.6730003,86.0,0.0,14.145756,Moderado
4.4230003,88.0,0.0,12.522619,Bajo
4.373,89.0,0.0,12.303366,Bajo
4.9729996,86.0,0.0,14.372974,Moderado
6.9230003,79.0,0.0,17.76081,Moderado
9.672999,71.0,0.0,26.124195,Alto
10.873,64.0,0.0,31.37168,Alto
11.422999,59.0,0.0,33.510952,Alto
11.873,55.0,0.0,33.887836,Muy alto
11.773,54.0,0.0,34.589985,Muy alto
11.723,55.0,0.0,34.94968,Muy alto
11.922999,55.0,0.0,37.612675,Muy alto
11.672999,56.0,0.0,36.973244,Muy alto
11.172999,58.0,0.0,35.543507,Muy alto
10.672999,60.0,0.0,33.21573,Alto
10.023,63.0,0.0,30.293522,Alto
8.922999,69.0,0.0,27.059933,Alto
7.9729996,74.0,0.0,25.364037,Alto
7.1730003,79.0,0.0,25.346148,Alto
6.6730003,81.0,0.0,25.212852,Moderado
6.4230003,83.0,0.0,24.336637,Moderado
5.9729996,84.0,0.0,22.782625,Moderado
5.4729996,85.0,0.0,20.12461,Moderado
4.9729996,86.0,0.0,20.696085,Moderado
4.9230003,88.0,0.0,21.829777,Moderado
4.823,90.0,0.0,21.67487,Moderado
4.523,90.0,0.0,20.969805,Moderado
4.823,88.0,0.0,21.749481,Moderado
6.4230003,80.0,0.0,24.64094,Moderado
8.573,68.0,0.0,32.686733,Alto
10.123,59.0,0.0,33.50128,Alto
10.973,55.0,0.0,38.243114,Muy alto
12.023,51.0,0.0,36.67232,Muy alto
12.623,49.0,0.0,37.930065,Muy alto
12.873,47.0,0.0,39.75841,Muy alto
13.172999,47.0,0.0,37.99322,Muy alto
12.922999,47.0,0.0,37.916393,Muy alto
12.422999,48.0,0.0,35.65454,Muy alto
11.223,53.0,0.0,33.626774,Muy alto
10.172999,58.0,0.0,29.250967,Alto
9.172999,63.0,0.0,24.149532,Alto
8.273,61.0,0.0,22.3229,Alto
7.523,64.0,0.0,20.892412,Moderado
6.823,65.0,0.0,23.803596,Alto
6.373,65.0,0.0,24.216522,Alto
5.7229996,67.0,0.0,20.674158,Moderado
4.773,72.0,0.0,19.0392,Moderado
4.4230003,83.0,0.0,15.034041,Moderado
3.773,90.0,0.0,11.841756,Bajo
3.523,92.0,0.0,12.224107,Bajo
3.873,92.0,0.0,14.84318,Moderado
4.573,86.0,0.0,24.087738,Moderado
5.523,70.0,0.0,27.0024,Alto
6.6730003,62.0,0.0,30.141266,Alto
7.523,61.0,0.0,29.539747,Alto
8.672999,54.0,0.0,30.811037,Alto
9.723,48.0,0.0,30.903435,Alto
9.223,49.0,0.0,30.735231,Alto
9.523,52.0,0.4,29.195534,Alto
9.223,57.0,0.5,32.09052,Alto
8.873,60.0,0.3,34.877293,Alto
8.422999,53.0,0.0,37.683247,Muy alto
7.4230003,53.0,0.0,38.773186,Muy alto
6.4729996,51.0,0.0,36.30471,Muy alto
5.273,54.0,0.0,33.37338,Muy alto
4.273,60.0,0.0,26.208395,Alto
3.723,63.0,0.0,24.149532,Alto
3.223,67.0,0.0,22.782625,Moderado
2.773,70.0,0.0,20.880001,Moderado
2.273,73.0,0.0,19.881649,Moderado
2.1729999,77.0,0.0,22.42427,Moderado
2.1230001,82.0,0.0,22.45315,Moderado
2.623,84.0,0.0,24.098497,Moderado
3.173,82.0,0.0,26.552288,Alto
3.273,82.0,0.0,25.842384,Moderado
3.523,82.0,0.1,23.358423,Moderado
4.1730003,80.0,0.0,25.44566,Moderado
5.523,79.0,0.1,30.29566,Alto
6.1730003,78.0,0.1,34.674183,Alto
6.523,75.0,0.1,36.813408,Alto
7.2229996,72.0,0.1,36.93291,Muy alto
8.672999,69.0,0.1,43.415462,Muy alto
9.373,60.0,0.0,45.763912,Muy alto
9.373,52.0,0.0,51.348927,Extremo
9.223,51.0,0.0,49.52454,Extremo
8.373,54.0,0.0,47.70645,Muy alto
7.523,54.0,0.0,46.66272,Muy alto
6.373,53.0,0.0,45.19398,Muy alto
5.273,57.0,0.0,43.274933,Muy alto
4.223,62.0,0.0,46.812458,Muy alto
3.523,63.0,0.0,48.20372,Muy alto
3.073,60.0,0.0,46.862267,Muy alto
2.723,63.0,0.0,42.2613,Muy alto
2.573,61.0,0.0,38.93995,Muy alto
2.523,63.0,0.0,36.409866,Muy alto
2.923,65.0,0.0,37.28738,Muy alto
2.873,63.0,0.0,36.04677,Muy alto
2.823,66.0,0.0,32.91983,Alto
2.623,68.0,0.0,29.914679,Alto
2.973,67.0,0.0,26.649727,Alto
4.4230003,66.0,0.0,28.835976,Alto
6.073,64.0,0.0,29.660152,Alto
7.523,60.0,0.0,31.012281,Alto
8.773,56.0,0.0,31.427404,Alto
9.473,58.0,0.0,33.71338,Muy alto
10.323,58.0,0.0,34.828953,Muy alto
10.873,54.0,0.0,40.862774,Muy alto
11.422999,48.0,0.0,43.516838,Muy alto
11.273,53.0,0.0,39.29116,Muy alto
10.623,57.0,0.0,40.42593,Muy alto
9.773,63.0,0.0,34.936695,Muy alto
8.773,68.0,0.1,31.75355,Alto
7.9230003,74.0,0.1,30.009838,Alto
8.422999,68.0,0.0,28.236486,Alto
7.7229996,68.0,0.0,31.450073,Alto
7.023,71.0,0.0,29.257614,Alto
6.523,76.0,0.2,27.438046,Moderado
6.273,79.0,0.6,27.09822,Moderado
5.9230003,83.0,0.6,25.40743,Moderado
6.2229996,78.0,0.6,25.455843,Moderado
6.323,76.0,0.6,27.783045,Moderado
6.373,75.0,0.4,28.357855,Moderado
6.373,76.0,0.3,29.337238,Moderado
6.4230003,78.0,0.1,31.072817,Alto
6.9729996,77.0,0.3,33.88019,Alto
8.023,69.0,0.1,36.04497,Muy alto
8.823,64.0,0.0,38.881668,Muy alto
9.623,64.0,0.2,38.886665,Alto
9.422999,63.0,0.3,39.606544,Alto
8.473,63.0,0.3,41.773964,Alto
9.422999,51.0,0.0,40.872288,Muy alto
9.672999,43.0,0.0,42.10769,Muy alto
8.873,53.0,0.1,36.088093,Muy alto
8.422999,57.0,0.3,33.62099,Alto
8.073,61.0,0.1,35.364388,Muy alto
7.323,68.0,0.1,30.396025,Alto
6.273,74.0,0.1,30.631746,Alto
5.273,80.0,0.2,28.412645,Moderado
5.373,82.0,0.0,27.691935,Alto
5.9230003,84.0,0.2,27.14123,Moderado
6.323,80.0,0.2,29.940662,Moderado
6.4729996,79.0,0.2,31.079071,Moderado
6.523,81.0,0.5,31.52005,Moderado
6.773,77.0,0.0,32.88635,Alto
6.6730003,78.0,0.0,28.594517,Alto
6.323,77.0,0.4,31.355152,Moderado
6.023,78.0,0.1,31.259941,Alto
5.9230003,80.0,0.3,30.563978,Moderado
6.1730003,77.0,0.3,34.66858,Alto
7.4230003,73.0,0.3,40.761158,Alto
7.6730003,74.0,0.5,42.34708,Alto
7.773,74.0,0.8,43.027153,Alto
10.073,59.0,0.2,44.332653,Muy alto
9.672999,64.0,0.5,45.361427,Muy alto
10.573,56.0,0.1,45.872814,Muy alto
11.223,52.0,0.1,50.907867,Extremo
10.973,55.0,0.1,45.63062,Muy alto
10.623,50.0,0.0,47.446304,Muy alto
9.672999,58.0,0.0,40.883385,Muy alto
9.123,60.0,0.0,34.471764,Muy alto
8.323,60.0,0.0,33.887836,Alto
7.7229996,64.0,0.0,29.574827,Alto
7.273,67.0,0.0,29.738703,Alto
6.823,70.0,0.0,27.155552,Alto
6.623,74.0,0.2,28.348713,Moderado
6.123,75.0,0.3,25.501621,Moderado
5.9729996,78.0,0.8,20.304129,Moderado
7.1730003,81.0,0.8,23.051247,Moderado
7.873,81.0,0.5,29.317352,Moderado
7.9230003,81.0,0.4,28.337282,Moderado
7.823,81.0,0.2,27.532352,Moderado
8.073,80.0,0.3,30.351225,Moderado
8.573,73.0,0.2,33.91269,Alto
9.073,61.0,0.0,43.29589,Muy alto
9.172999,57.0,0.0,44.098164,Muy alto
9.523,56.0,0.0,43.987816,Muy alto
9.373,54.0,0.0,41.85919,Muy alto
9.623,53.0,0.1,43.213493,Muy alto
9.573,49.0,0.0,42.877792,Muy alto
9.922999,48.0,0.0,44.332653,Muy alto
10.073,46.0,0.0,43.68033,Muy alto
9.823,48.0,0.0,42.340958,Muy alto
9.123,51.0,0.0,41.085762,Muy alto
8.373,55.0,0.0,37.52471,Muy alto
7.373,59.0,0.0,33.857227,Alto
6.4729996,62.0,0.0,28.551426,Alto
5.873,66.0,0.0,26.28986,Alto
5.4230003,69.0,0.0,23.039999,Moderado
5.2229996,70.0,0.0,19.70815,Moderado
5.023,72.0,0.0,17.654688,Moderado
4.773,74.0,0.0,15.94601,Moderado
4.4230003,73.0,0.0,11.019764,Moderado
4.523,73.0,0.0,8.913181,Bajo
4.623,75.0,0.2,9.659814,Bajo
4.4729996,79.0,1.0,6.3690495,Bajo
4.4230003,84.0,0.5,3.6,Bajo
5.523,84.0,0.2,4.3498964,Bajo
7.323,83.0,0.0,12.783802,Moderado
9.172999,75.0,0.0,23.565567,Moderado
9.823,68.0,0.0,27.534704,Alto
10.273,65.0,0.1,29.370352,Alto
11.023,61.0,0.0,29.947151,Alto
11.723,56.0,0.0,32.2034,Alto
13.123,40.0,0.0,35.32589,Muy alto
12.873,40.0,0.0,35.1862,Muy alto
11.922999,40.0,0.0,33.68069,Muy alto
10.823,44.0,0.0,30.85307,Alto
9.573,47.0,0.0,28.241076,Alto
8.173,51.0,0.0,23.97989,Alto
7.4729996,56.0,0.0,19.829433,Moderado
6.373,62.0,0.0,16.981165,Moderado
5.4729996,67.0,0.0,13.797913,Moderado
4.573,73.0,0.0,9.83268,Bajo
4.323,74.0,0.0,6.792466,Bajo
4.373,74.0,0.0,4.1046314,Bajo
5.623,69.0,0.0,1.9386592,Bajo
5.323,72.0,0.0,3.9763298,Bajo
5.6730003,72.0,0.0,4.802999,Bajo
6.023,73.0,0.0,3.7064266,Bajo
7.123,75.0,0.0,3.6179552,Bajo
9.172999,76.0,0.0,7.8954163,Bajo
12.073,69.0,0.0,15.03835,Moderado
13.473,62.0,0.0,24.162947,Alto
15.823,53.0,0.0,27.362368,Alto
16.673,50.0,0.0,29.144442,Alto
17.123001,48.0,0.0,28.99062,Alto
17.273,47.0,0.0,30.599998,Alto
18.673,39.0,0.0,31.404713,Muy alto
17.623001,42.0,0.0,26.474077,Alto
17.073,44.0,0.0,22.870626,Alto
16.273,47.0,0.0,19.161337,Alto
15.723,49.0,0.0,17.22742,Moderado
14.973,52.0,0.0,16.981165,Moderado
14.273,55.0,0.0,11.966953,Moderado
13.123,58.0,0.0,10.163227,Moderado
12.073,62.0,0.0,9.028754,Moderado
11.073,66.0,0.0,7.42159,Bajo
10.373,68.0,0.0,6.439876,Bajo
9.723,71.0,0.0,5.3517847,Bajo
8.922999,75.0,0.0,4.3349743,Bajo
8.422999,76.0,0.0,4.6938252,Bajo
7.9729996,78.0,0.0,3.96,Bajo
7.773,79.0,0.0,3.7585104,Bajo
8.173,77.0,0.0,2.1897945,Bajo
9.422999,74.0,0.0,2.8116899,Bajo
12.073,59.0,0.0,6.696387,Bajo
13.573,50.0,0.0,7.968939,Moderado
14.172999,46.0,0.0,14.113653,Moderado
12.773,59.0,0.3,12.7279215,Bajo
12.023,68.0,0.8,6.989936,Bajo
12.672999,65.0,0.2,4.896529,Bajo
15.723,51.0,0.0,4.1046314,Bajo
14.723,54.0,0.1,6.3690495,Moderado
13.973,61.0,0.1,5.5887027,Bajo
12.422999,76.0,1.1,6.28713,Bajo
11.373,83.0,2.5,9.565437,Bajo
6.7229996,79.0,2.4,26.987997,Moderado
2.673,89.0,3.4,29.46947,Moderado
1.023,96.0,2.8,17.555305,Bajo
1.923,88.0,1.0,14.917212,Bajo
2.973,78.0,0.0,12.758432,Moderado
3.473,74.0,0.0,11.966953,Moderado
3.523,67.0,0.0,19.45333,Moderado
2.423,81.0,0.0,22.461807,Moderado
2.373,83.0,0.0,23.177402,Moderado
2.473,80.0,0.0,23.444265,Moderado
2.473,79.0,0.0,23.444265,Moderado
3.173,76.0,0.0,24.490587,Moderado
4.573,62.0,0.0,27.038372,Alto
5.773,51.0,0.0,33.24498,Muy alto
6.9729996,45.0,0.0,33.280045,Muy alto
7.9230003,39.0,0.0,34.726475,Muy alto
8.973,36.0,0.0,33.033802,Muy alto
9.723,34.0,0.0,30.758411,Muy alto
10.323,32.0,0.0,29.275326,Muy alto
10.373,33.0,0.0,30.124065,Muy alto
10.773,36.0,0.0,25.455843,Alto
10.723,34.0,0.0,23.444265,Alto
10.373,41.0,0.0,19.64558,Alto
10.422999,39.0,0.0,16.79314,Moderado
9.672999,44.0,0.0,12.88981,Moderado
7.4230003,59.0,0.0,8.759178,Moderado
6.823,61.0,0.0,8.4963045,Moderado
6.373,60.0,0.0,14.33234,Moderado
5.873,65.0,0.0,19.353138,Moderado
5.273,70.0,0.0,17.0763,Moderado
4.9230003,76.0,0.0,17.873556,Moderado
5.023,80.0,0.0,8.217153,Bajo
5.073,82.0,0.0,7.9932976,Bajo
4.9230003,85.0,0.0,8.766573,Bajo
4.9230003,86.0,0.0,6.379216,Bajo
5.323,88.0,0.6,7.10031,Bajo
6.4230003,84.0,0.0,8.905908,Bajo
7.9729996,78.0,0.0,9.746631,Bajo
9.873,70.0,0.0,3.6179552,Bajo
11.023,63.0,0.0,7.289445,Bajo
10.573,66.0,0.4,7.289445,Bajo
10.623,67.0,0.2,6.489992,Bajo
10.973,67.0,0.1,8.557102,Bajo
12.172999,57.0,0.1,16.418526,Moderado
12.723,50.0,0.0,20.140705,Alto
13.123,45.0,0.0,20.12461,Alto
12.773,43.0,0.0,20.63023,Alto
12.073,45.0,0.0,16.199999,Moderado
11.273,49.0,0.0,9.957108,Moderado
9.973,55.0,0.0,7.5685663,Moderado
8.723,71.0,0.4,5.634891,Bajo
6.623,81.0,6.1,13.779114,Bajo
6.2229996,83.0,0.3,5.8603754,Bajo
6.2229996,81.0,0.0,13.849477,Moderado
5.6730003,70.0,0.0,14.372974,Moderado
5.273,69.0,0.0,13.755579,Moderado
5.023,67.0,0.0,15.7908325,Moderado
4.873,67.0,0.0,17.31746,Moderado
4.7229996,68.0,0.0,17.208603,Moderado
5.323,68.0,0.0,17.148247,Moderado
6.6730003,64.0,0.0,22.104116,Moderado
8.323,59.0,0.0,26.141552,Alto
9.373,53.0,0.0,27.66384,Alto
10.273,49.0,0.0,26.208395,Alto
10.823,47.0,0.0,25.323128,Alto
11.023,49.0,0.3,25.764534,Moderado
10.922999,52.0,0.5,25.210283,Moderado
11.073,47.0,0.2,24.216522,Moderado
10.773,48.0,0.2,23.770906,Moderado
10.523,47.0,0.1,23.78453,Alto
10.123,49.0,0.0,23.0653,Alto
9.223,53.0,0.0,21.2522,Alto
8.123,59.0,0.0,19.959719,Moderado
6.823,68.0,0.0,17.057314,Moderado
5.6730003,77.0,0.0,16.516901,Moderado
4.9230003,81.0,0.0,17.727943,Moderado
4.323,84.0,0.0,17.654688,Moderado
3.973,86.0,0.0,17.377226,Moderado
3.823,88.0,0.0,16.87398,Moderado
3.423,89.0,0.0,14.332341,Moderado
3.173,88.0,0.0,13.276144,Moderado
2.623,89.0,0.0,12.57426,Bajo
2.223,90.0,0.0,11.525623,Bajo
3.023,85.0,0.0,12.313893,Bajo
4.573,76.0,0.0,14.205182,Moderado
6.323,64.0,0.0,11.901798,Moderado
7.6730003,55.0,0.0,9.72,Moderado
8.623,48.0,0.0,6.519877,Moderado
9.422999,42.0,0.0,3.4152596,Bajo
9.873,42.0,0.3,4.0249224,Bajo
9.373,50.0,1.1,4.73506,Bajo
10.422999,36.0,1.1,2.4149535,Bajo
10.223,39.0,0.3,1.5273507,Bajo
10.223,38.0,0.0,1.0182338,Bajo
8.773,52.0,0.3,8.217153,Bajo
6.823,73.0,0.3,13.217443,Bajo
5.823,78.0,0.0,14.386494,Moderado
4.4729996,87.0,0.0,14.799459,Moderado
3.573,89.0,0.5,12.287555,Bajo
2.773,90.0,1.0,13.049689,Bajo
1.573,96.0,1.6,10.137692,Bajo
1.823,94.0,1.1,3.671294,Bajo
2.273,93.0,0.2,1.08,Bajo
2.423,93.0,0.1,3.8939953,Bajo
1.673,97.0,0.5,4.198285,Bajo
1.073,100.0,0.7,4.452954,Bajo
1.373,97.0,0.2,6.489992,Bajo
2.573,79.0,0.0,11.367109,Bajo
3.973,62.0,0.0,16.965895,Moderado
5.623,56.0,0.0,22.881958,Alto
6.773,48.0,0.0,24.40046,Alto
7.523,40.0,0.0,26.576681,Alto
8.373,37.0,0.0,27.438046,Alto
8.672999,38.0,0.0,26.82906,Alto
8.573,47.0,0.1,27.117346,Alto
8.922999,52.0,0.2,26.795223,Moderado
8.623,54.0,0.4,27.551172,Moderado
8.573,54.0,0.1,29.237675,Alto
8.422999,54.0,0.0,29.122198,Alto
7.623,58.0,0.0,28.981676,Alto
6.823,63.0,0.0,27.419146,Alto
5.9230003,68.0,0.0,28.19285,Alto
5.523,69.0,0.0,24.863468,Alto
5.2229996,71.0,0.0,22.963936,Moderado
5.023,76.0,0.0,24.014996,Moderado
4.9230003,77.0,0.0,26.554728,Alto
4.9729996,77.0,0.0,28.291512,Alto
4.873,75.0,0.0,28.291512,Alto
4.823,75.0,0.0,27.691935,Alto
4.823,73.0,0.0,27.897097,Alto
4.6730003,69.0,0.0,28.241077,Alto
4.9230003,70.0,0.0,27.438046,Alto
5.873,68.0,0.0,26.525429,Alto
7.4729996,60.0,0.0,25.323128,Alto
8.623,54.0,0.0,24.1388,Alto
9.523,52.0,0.0,24.1388,Alto
9.823,50.0,0.0,22.206486,Alto
10.373,48.0,0.0,19.829433,Alto
10.973,45.0,0.0,17.026896,Moderado
11.123,45.0,0.0,16.946787,Moderado
10.823,47.0,0.0,15.815435,Moderado
10.573,50.0,0.0,14.264361,Moderado
10.073,52.0,0.0,12.964998,Moderado
9.672999,49.0,0.0,12.287555,Moderado
8.723,54.0,0.1,13.441071,Moderado
6.7229996,72.0,0.3,13.698934,Bajo
5.873,79.0,0.1,11.879999,Moderado
5.273,84.0,0.0,9.422101,Bajo
4.873,88.0,0.0,6.849467,Bajo
4.573,89.0,0.0,5.3999996,Bajo
4.623,90.0,0.1,6.28713,Bajo
4.823,90.0,0.3,7.342588,Bajo
4.7229996,92.0,0.5,5.3517847,Bajo
4.7229996,92.0,0.5,6.1305785,Bajo
4.7229996,89.0,0.9,6.489992,Bajo
4.823,88.0,1.0,2.0991426,Bajo
5.2229996,90.0,0.7,8.654986,Bajo
5.4729996,86.0,0.8,8.891343,Bajo
5.4230003,85.0,0.8,14.88242,Bajo
6.1730003,82.0,0.8,17.555307,Bajo
6.4729996,76.0,0.5,21.129883,Moderado
7.073,73.0,0.4,22.963936,Moderado
7.023,74.0,0.2,21.26744,Moderado
6.823,79.0,0.2,21.96295,Moderado
6.823,79.0,0.4,21.746504,Moderado
6.9230003,77.0,0.2,21.188072,Moderado
6.7229996,75.0,0.1,20.523157,Moderado
6.073,74.0,0.0,21.479666,Moderado
5.373,77.0,0.0,18.792551,Moderado
4.873,85.0,0.0,19.164719,Moderado
4.573,86.0,0.0,21.602999,Moderado
4.273,85.0,0.0,21.2522,Moderado
4.1730003,86.0,0.0,20.188908,Moderado
4.073,87.0,0.1,22.19773,Moderado
3.973,88.0,0.2,23.623243,Moderado
4.073,91.0,0.4,23.97989,Moderado
4.073,92.0,0.6,24.031178,Moderado
4.223,93.0,0.7,24.031178,Moderado
4.4729996,95.0,0.7,23.377836,Moderado
4.6730003,95.0,1.5,24.098497,Moderado
4.9729996,95.0,1.4,24.798225,Moderado
5.123,95.0,0.9,24.884306,Moderado
5.7229996,93.0,0.7,27.333935,Moderado
6.273,91.0,0.7,27.51116,Moderado
6.573,92.0,2.1,21.9718,Moderado
6.873,92.0,3.2,17.193533,Bajo
7.323,89.0,0.1,13.202726,Moderado
7.573,85.0,1.0,7.10031,Bajo
7.873,84.0,0.2,8.891343,Bajo
8.623,79.0,0.0,13.755579,Moderado
8.873,75.0,0.0,13.397612,Moderado
8.823,73.0,0.0,12.979984,Moderado
8.273,74.0,0.0,13.202726,Moderado
6.373,87.0,0.0,8.350138,Bajo
5.373,91.0,0.0,7.6367526,Bajo
4.873,93.0,0.0,7.9932976,Bajo
4.623,92.0,0.0,7.968939,Bajo
4.7229996,94.0,0.0,10.931203,Bajo
5.1730003,90.0,0.0,16.215992,Moderado
4.123,91.0,0.0,11.966953,Bajo
3.323,95.0,0.0,9.9571085,Bajo
2.823,95.0,0.0,10.483357,Bajo
2.473,92.0,0.0,10.829958,Bajo
3.523,88.0,0.0,11.269782,Bajo
5.373,80.0,0.0,21.862406,Moderado
7.4230003,66.0,0.0,26.903828,Alto
8.173,62.0,0.0,28.639803,Alto
8.823,58.0,0.0,29.301876,Alto
9.172999,61.0,0.3,29.986076,Alto
9.573,63.0,0.3,29.268686,Moderado
9.922999,61.0,0.4,29.179993,Moderado
10.323,57.0,0.3,30.599998,Alto
10.073,58.0,0.4,30.293522,Alto
9.823,58.0,0.1,30.05515,Alto
9.273,59.0,0.0,29.784426,Alto
8.323,61.0,0.0,28.981676,Alto
7.323,63.0,0.0,26.400545,Alto
6.123,66.0,0.0,26.121714,Alto
5.123,66.0,0.0,23.78453,Alto
4.573,70.0,0.0,21.24305,Moderado
4.023,73.0,0.0,19.523155,Moderado
3.523,77.0,0.0,18.844202,Moderado
3.023,81.0,0.0,18.228943,Moderado
2.723,85.0,0.0,16.65754,Moderado
2.273,88.0,0.0,12.849528,Bajo
2.1729999,88.0,0.0,11.043261,Bajo
2.423,87.0,0.0,9.028754,Bajo
3.423,85.0,0.0,8.699793,Bajo
4.6730003,82.0,0.0,8.891343,Bajo
6.273,73.0,0.1,13.493999,Moderado
6.373,78.0,0.2,16.323528,Bajo
6.823,78.0,0.4,16.299694,Bajo
7.6730003,77.0,0.6,17.429354,Bajo
8.273,76.0,0.7,19.08,Moderado
9.073,75.0,0.5,21.261345,Moderado
9.573,77.0,0.2,20.447239,Moderado
9.773,73.0,0.3,22.101183,Moderado
9.823,72.0,0.2,20.780453,Moderado
9.723,76.0,0.2,18.388212,Moderado
9.023,80.0,0.6,17.654688,Bajo
8.672999,82.0,0.3,14.186923,Bajo
8.473,85.0,0.4,13.608762,Bajo
8.123,85.0,0.1,14.88242,Moderado
7.6730003,88.0,0.0,16.1198,Moderado
7.273,89.0,0.0,16.766108,Moderado
6.873,89.0,0.0,17.462782,Moderado
6.873,89.0,0.0,17.227419,Moderado
6.823,88.0,0.0,18.584509,Moderado
6.823,88.0,0.0,17.81909,Moderado
6.573,90.0,0.0,16.263872,Moderado
6.573,90.0,0.0,15.856356,Moderado
7.773,86.0,0.0,17.731598,Moderado
9.323,80.0,0.0,20.598795,Moderado
11.023,73.0,0.0,22.3229,Moderado
12.422999,69.0,0.0,24.122683,Alto
12.973,68.0,0.0,24.50381,Alto
13.523,66.0,0.0,24.490587,Alto
14.273,63.0,0.0,23.042812,Alto
13.873,66.0,0.0,20.5484,Moderado
14.073,63.0,0.0,22.682856,Alto
13.723,63.0,0.0,21.046917,Moderado
12.773,70.0,0.1,15.844089,Moderado
11.823,80.0,0.6,16.263872,Bajo
11.023,88.0,2.2,14.336861,Bajo
10.723,88.0,1.2,13.276144,Bajo
10.973,90.0,0.4,12.599998,Bajo
10.922999,83.0,0.0,22.077717,Moderado
10.273,85.0,0.0,17.447933,Moderado
9.723,88.0,0.0,15.379206,Moderado
9.623,88.0,0.0,16.516901,Moderado
9.373,88.0,0.0,18.58451,Moderado
9.172999,79.0,0.0,23.675303,Moderado
8.773,79.0,0.0,23.759998,Moderado
7.523,64.0,0.0,24.162947,Alto
6.4729996,71.0,0.0,20.724247,Moderado
6.773,67.0,0.0,20.892412,Moderado
7.323,66.0,0.0,21.611998,Moderado
8.823,63.0,0.0,20.957443,Moderado
9.573,54.0,0.0,24.144165,Alto
9.523,58.0,0.0,22.505037,Alto
10.273,53.0,0.0,22.148045,Alto
9.623,59.0,0.3,23.313995,Moderado
10.922999,55.0,0.3,22.884789,Moderado
12.473,43.0,0.2,23.863409,Moderado
12.422999,43.0,0.2,24.448214,Moderado
12.473,41.0,0.1,25.14852,Alto
11.922999,44.0,0.0,24.280659,Alto
10.922999,49.0,0.0,23.688984,Alto
8.473,67.0,0.6,21.599998,Moderado
8.422999,69.0,0.2,16.299694,Bajo
7.823,72.0,0.0,16.610792,Moderado
7.323,75.0,0.0,16.79314,Moderado
6.873,76.0,0.0,15.876775,Moderado
6.523,74.0,0.0,14.904173,Moderado
6.2229996,74.0,0.0,14.512064,Moderado
6.323,76.0,0.0,16.548256,Moderado
6.1730003,82.0,0.6,16.575644,Bajo
6.123,83.0,0.8,16.1198,Bajo
6.323,80.0,0.1,14.57889,Moderado
6.873,77.0,0.1,19.08,Moderado
7.373,73.0,0.1,23.4,Moderado
9.172999,60.0,0.2,25.284714,Moderado
9.373,58.0,0.1,23.710857,Alto
10.273,54.0,0.1,25.455843,Alto
12.023,45.0,0.0,26.427528,Alto
12.123,43.0,0.0,25.952478,Alto
12.323,43.0,0.0,25.43802,Alto
12.023,47.0,0.0,24.633049,Alto
12.723,46.0,0.0,22.553936,Alto
13.023,45.0,0.0,19.523155,Alto
12.922999,46.0,0.0,17.22742,Moderado
12.223,47.0,0.0,15.379206,Moderado
11.273,52.0,0.1,12.496718,Moderado
11.023,52.0,0.2,3.6179552,Bajo
9.672999,61.0,0.0,4.2136917,Bajo
8.723,68.0,0.0,5.904439,Bajo
8.422999,70.0,0.1,3.4152596,Bajo
8.023,75.0,0.3,2.8799999,Bajo
7.2229996,82.0,0.2,4.0249224,Bajo
6.573,80.0,0.0,2.4149535,Bajo
5.823,87.0,0.0,6.489992,Bajo
5.273,89.0,0.1,5.771239,Bajo
4.4729996,91.0,0.0,5.6920996,Bajo
5.573,84.0,0.0,8.225035,Bajo
6.9729996,78.0,0.0,13.237039,Moderado
8.723,67.0,0.0,22.608458,Moderado
9.473,60.0,0.0,24.858253,Alto
9.323,66.0,0.4,28.496904,Moderado
9.723,55.0,0.3,27.77838,Moderado
10.623,47.0,0.0,31.06239,Alto
10.672999,46.0,0.0,32.957207,Muy alto
10.672999,47.0,0.1,34.786133,Muy alto
10.273,48.0,0.0,35.1862,Muy alto
9.573,50.0,0.0,35.16225,Muy alto
8.723,51.0,0.0,34.322937,Muy alto
7.6730003,53.0,0.0,33.39473,Muy alto
6.623,56.0,0.0,33.041645,Alto
5.323,62.0,0.0,33.27031,Alto
4.373,63.0,0.0,33.62099,Alto
3.573,58.0,0.0,30.821548,Alto
2.973,68.0,0.0,27.77838,Alto
2.473,73.0,0.0,28.08,Alto
2.1729999,72.0,0.0,26.28986,Alto
2.373,78.0,0.0,24.858253,Moderado
2.1729999,81.0,0.0,21.862406,Moderado
2.473,83.0,0.0,19.469975,Moderado
2.923,80.0,0.0,24.18707,Moderado
3.723,73.0,0.0,26.079508,Alto
4.7229996,66.0,0.0,28.694056,Alto
5.823,63.0,0.4,26.865265,Moderado
6.9729996,47.0,0.0,28.056913,Alto
7.7229996,38.0,0.0,30.45566,Muy alto
8.123,37.0,0.0,32.682766,Muy alto
8.473,36.0,0.0,34.936695,Muy alto
8.473,37.0,0.0,36.233246,Muy alto
7.9230003,40.0,0.0,37.540253,Muy alto
7.823,40.0,0.0,36.71294,Muy alto
7.573,40.0,0.0,34.981182,Muy alto
7.2229996,40.0,0.0,33.29173,Muy alto
6.323,43.0,0.0,31.421213,Muy alto
5.4729996,51.0,0.0,30.009838,Alto
4.573,60.0,0.0,30.141266,Alto
3.673,65.0,0.0,26.642431,Alto
3.323,69.0,0.0,21.03152,Moderado
2.973,76.0,0.0,17.87718,Moderado
2.973,78.0,0.0,15.496736,Moderado
3.173,84.0,0.0,10.144082,Bajo
3.323,87.0,0.0,9.585739,Bajo
4.073,88.0,0.0,12.10157,Bajo
4.4230003,87.0,0.0,14.84318,Moderado
4.9230003,86.0,0.0,19.255793,Moderado
5.7229996,84.0,0.0,21.194187,Moderado
6.373,82.0,0.0,26.867676,Alto
7.123,77.0,0.1,23.400002,Moderado
8.073,71.0,0.0,27.021591,Alto
9.073,65.0,0.0,25.671307,Alto
10.473,59.0,0.0,27.212759,Alto
11.323,57.0,0.0,27.162708,Alto
12.172999,52.0,0.0,27.169865,Alto
11.973,51.0,0.0,25.49908,Alto
12.073,51.0,0.0,26.260265,Alto
12.023,48.0,0.0,27.86921,Alto
11.323,48.0,0.0,28.712116,Alto
10.473,50.0,0.0,28.017622,Alto
9.523,51.0,0.0,25.6233,Alto
8.223,57.0,0.0,23.000591,Alto
6.9230003,66.0,0.0,20.721119,Moderado
5.9729996,71.0,0.0,17.283749,Moderado
5.123,76.0,0.0,14.830076,Moderado
4.523,84.0,0.0,14.917212,Moderado
4.123,86.0,0.0,14.512064,Moderado
3.273,90.0,0.0,14.512064,Moderado
3.123,90.0,0.0,14.799459,Moderado
3.123,89.0,0.0,15.856356,Moderado
3.223,84.0,0.0,15.856356,Moderado
4.623,79.0,0.0,19.09358,Moderado
6.4729996,65.0,0.0,23.266697,Alto
8.473,59.0,0.0,22.79684,Alto
9.623,54.0,0.0,20.948164,Alto
11.123,51.0,0.0,18.388212,Moderado
12.473,49.0,0.0,16.595179,Moderado
13.623,47.0,0.0,16.516901,Moderado
14.323,48.0,0.0,16.965895,Moderado
15.172999,44.0,0.0,18.35647,Alto
15.373,42.0,0.0,19.296133,Alto
15.172999,41.0,0.0,19.164719,Alto
14.773,43.0,0.0,17.673029,Moderado
14.223,46.0,0.0,16.394829,Moderado
13.422999,48.0,0.0,14.007655,Moderado
12.023,54.0,0.0,7.289445,Moderado
10.223,63.0,0.0,3.219938,Bajo
8.523,71.0,0.0,4.1046314,Bajo
7.2229996,77.0,0.0,5.315336,Bajo
6.9230003,78.0,0.0,4.510787,Bajo
6.2229996,81.0,0.0,4.3349743,Bajo
4.4729996,88.0,0.0,5.4477882,Bajo
3.723,91.0,0.0,6.830519,Bajo
3.323,93.0,0.0,7.289445,Bajo
3.573,93.0,0.0,7.491114,Bajo
5.4230003,86.0,0.0,11.435313,Bajo
7.023,80.0,0.0,13.450708,Moderado
8.973,73.0,0.0,10.739833,Moderado
10.723,68.0,0.0,10.829959,Moderado
12.922999,61.0,0.0,11.119281,Moderado
15.473,55.0,0.0,11.885453,Moderado
17.923,47.0,0.0,13.779114,Moderado
19.873001,39.0,0.0,17.106628,Alto
20.823,34.0,0.0,18.057508,Alto
21.373001,27.0,0.0,18.875126,Alto
19.823,27.0,0.0,25.417631,Alto
15.823,42.0,0.0,31.012281,Muy alto
14.172999,47.0,0.0,28.664682,Alto
12.973,48.0,0.0,28.385262,Alto
12.223,47.0,0.0,28.483257,Alto
10.623,53.0,0.0,25.071096,Alto
9.672999,57.0,0.0,22.35481,Alto
8.873,60.0,0.0,20.176065,Moderado
8.223,64.0,0.0,19.930477,Moderado
7.873,66.0,0.0,20.46941,Moderado
7.9729996,65.0,0.0,17.309973,Moderado
7.773,66.0,0.0,15.827721,Moderado
7.4729996,67.0,0.0,12.768586,Moderado
7.373,68.0,0.1,11.753877,Moderado
8.473,67.0,0.3,11.988594,Bajo
9.823,63.0,0.3,14.372974,Bajo
11.973,52.0,0.1,17.377226,Moderado
13.123,47.0,0.0,20.808498,Alto
14.073,43.0,0.0,27.0024,Alto
15.223,39.0,0.0,28.757215,Alto
14.922999,41.0,0.0,29.162222,Alto
15.373,41.0,0.0,31.557035,Muy alto
16.523,37.0,0.0,34.322937,Muy alto
16.123001,41.0,0.0,32.559605,Muy alto
15.723,42.0,0.0,28.385262,Alto
15.323,45.0,0.0,24.482647,Alto
14.672999,48.0,0.0,23.132626,Alto
13.573,52.0,0.0,22.553934,Alto
12.573,53.0,0.0,20.326454,Alto
11.223,58.0,0.0,18.709612,Moderado
10.422999,62.0,0.0,18.278645,Moderado
9.973,65.0,0.0,19.201874,Moderado
9.773,68.0,0.0,18.58451,Moderado
9.723,67.0,0.0,17.57744,Moderado
9.623,64.0,0.0,16.516901,Moderado
9.273,67.0,0.0,13.1041975,Moderado
8.523,70.0,0.0,7.928177,Bajo
8.123,73.0,0.0,4.5536795,Bajo
9.273,69.0,0.0,3.671294,Bajo
11.323,60.0,0.0,5.3999996,Bajo
14.123,47.0,0.0,16.171976,Moderado
15.672999,41.0,0.0,19.137648,Alto
17.373001,34.0,0.0,19.171478,Alto
18.323,31.0,0.0,21.142147,Alto
18.273,31.0,0.0,22.039528,Alto
18.923,30.0,0.0,20.808498,Alto
19.073,29.0,0.0,17.884428,Alto
18.623001,31.0,0.0,19.171478,Alto
18.023,35.0,0.0,19.813087,Alto
17.473001,40.0,0.0,17.731598,Alto
16.473001,40.0,0.0,15.876775,Moderado
15.373,45.0,0.0,10.823973,Moderado
14.973,45.0,0.0,9.028754,Moderado
13.623,52.0,0.0,6.193674,Moderado
12.573,60.0,0.0,6.1305785,Bajo
11.323,69.0,0.0,4.6938252,Bajo
10.023,76.0,0.0,4.829907,Bajo
9.473,78.0,0.0,8.473393,Bajo
8.473,78.0,0.0,8.825508,Bajo
8.123,81.0,0.0,7.5685663,Bajo
7.4729996,84.0,0.0,6.439876,Bajo
7.323,86.0,0.0,4.6938257,Bajo
8.173,82.0,0.0,6.6087217,Bajo
9.523,76.0,0.0,7.628263,Bajo
11.523,70.0,0.0,4.379589,Bajo
14.273,60.0,0.0,1.835647,Bajo
16.873001,54.0,0.0,3.6,Bajo
18.573,47.0,0.1,12.768586,Moderado
18.873001,42.0,0.1,13.849476,Moderado
18.373001,43.0,0.2,14.77755,Moderado
18.123001,40.0,0.3,13.1041975,Moderado
17.473001,40.0,0.0,13.276144,Moderado
17.023,41.0,0.0,13.202726,Moderado
15.523,44.0,0.1,16.75064,Moderado
13.773,53.0,0.1,14.494192,Moderado
12.873,54.0,0.1,10.24578,Moderado
12.323,63.0,0.4,5.8048253,Bajo
11.523,68.0,0.0,4.452954,Bajo
10.323,80.0,1.1,4.1046314,Bajo
9.623,85.0,2.1,8.473393,Bajo
8.323,76.0,1.1,28.82249,Moderado
7.2229996,71.0,0.8,20.150354,Moderado
6.573,77.0,0.0,22.530937,Moderado
5.7229996,82.0,0.4,22.366402,Moderado
5.373,70.0,0.1,17.462784,Moderado
5.023,62.0,0.0,16.854767,Moderado
5.373,62.0,0.0,22.065973,Moderado
5.873,61.0,0.0,24.881702,Alto
7.123,56.0,0.1,26.36616,Alto
7.823,52.0,0.1,29.758307,Alto
8.273,50.0,0.2,31.950888,Alto
9.323,44.0,0.1,34.458603,Muy alto
9.672999,45.0,0.3,35.58177,Alto
10.273,42.0,0.2,39.001472,Muy alto
9.123,51.0,0.4,43.619465,Muy alto
8.573,54.0,0.3,41.798775,Muy alto
8.073,55.0,0.4,42.12,Muy alto
8.273,48.0,0.0,39.640884,Muy alto
7.9729996,47.0,0.0,37.550602,Muy alto
7.023,49.0,0.0,33.99475,Muy alto
5.9729996,58.0,0.0,33.2781,Alto
5.073,63.0,0.0,30.24214,Alto
4.623,66.0,0.0,28.442278,Alto
4.223,70.0,0.0,27.362366,Alto
4.023,71.0,0.0,25.241108,Alto
3.823,72.0,0.0,23.499481,Moderado
3.423,75.0,0.0,24.74329,Alto
3.223,76.0,0.0,22.253124,Moderado
3.023,77.0,0.0,20.418695,Moderado
3.073,78.0,0.0,18.511143,Moderado
4.1730003,74.0,0.0,20.082708,Moderado
5.6730003,64.0,0.0,23.051247,Alto
7.4729996,51.0,0.0,19.296133,Moderado
8.573,42.0,0.0,20.056877,Alto
9.422999,38.0,0.0,19.161337,Alto
10.273,36.0,0.0,18.720001,Alto
10.422999,34.0,0.0,19.130875,Alto
10.672999,35.0,0.0,18.692286,Alto
10.823,34.0,0.0,19.386591,Alto
10.573,35.0,0.0,18.792551,Alto
10.823,36.0,0.0,18.25026,Alto
10.672999,38.0,0.0,18.58451,Alto
10.422999,39.0,0.0,17.399586,Moderado
9.723,41.0,0.0,15.137133,Moderado
8.523,44.0,0.0,13.905509,Moderado
6.823,53.0,0.0,8.905908,Moderado
6.073,59.0,0.0,7.2359104,Bajo
5.623,63.0,0.0,6.87779,Bajo
5.323,66.0,0.0,7.342588,Bajo
5.123,67.0,0.0,7.69592,Bajo
4.4729996,71.0,0.0,7.5942073,Bajo
3.873,72.0,0.0,7.5685663,Bajo
3.173,74.0,0.0,7.2,Bajo
3.123,75.0,0.0,6.8399997,Bajo
4.6730003,72.0,0.0,7.208994,Bajo
7.1730003,61.0,0.0,11.183201,Moderado
9.223,54.0,0.0,11.792404,Moderado
10.672999,49.0,0.0,12.57426,Moderado
12.123,44.0,0.0,14.587776,Moderado
12.873,40.0,0.0,16.516901,Moderado
13.172999,40.0,0.0,18.11841,Alto
13.922999,37.0,0.0,19.523155,Alto
14.422999,37.0,0.0,18.331741,Alto
14.672999,37.0,0.0,18.58451,Alto
14.723,37.0,0.0,18.388212,Alto
14.373,37.0,0.0,19.008547,Alto
13.723,41.0,0.0,18.837322,Alto
12.823,44.0,0.0,17.388409,Moderado
11.323,52.0,0.0,16.981165,Moderado
9.623,60.0,0.0,12.7279215,Moderado
8.173,69.0,0.0,11.159999,Moderado
7.123,76.0,0.0,11.159999,Moderado
6.6730003,76.0,0.0,11.165805,Moderado
6.4729996,75.0,0.0,11.5199995,Moderado
6.523,72.0,0.0,12.605142,Moderado
6.4230003,73.0,0.0,12.245294,Moderado
6.4230003,74.0,0.0,11.885453,Moderado
6.4230003,78.0,0.1,11.542478,Moderado
7.123,78.0,0.2,11.542478,Bajo
8.173,74.0,0.2,12.959999,Bajo
9.723,64.0,0.1,14.408997,Moderado
10.422999,62.0,0.3,13.32,Bajo
10.873,62.0,0.3,12.303366,Bajo
11.723,61.0,0.2,12.224107,Bajo
12.273,61.0,0.2,12.371645,Bajo
12.823,61.0,0.2,13.363711,Bajo
13.672999,56.0,0.1,13.039754,Moderado
14.073,55.0,0.1,14.345898,Moderado
14.323,53.0,0.0,13.237039,Moderado
14.523,51.0,0.0,13.905509,Moderado
13.973,52.0,0.0,14.48972,Moderado
13.073,54.0,0.0,14.007655,Moderado
11.973,56.0,0.0,12.245293,Moderado
10.123,63.0,0.0,10.948973,Moderado
9.073,66.0,0.0,7.968939,Bajo
7.873,75.0,0.0,4.802999,Bajo
6.9230003,79.0,0.0,5.692099,Bajo
5.9230003,83.0,0.0,4.8965297,Bajo
4.7229996,85.0,0.0,4.1046314,Bajo
4.323,88.0,0.0,2.8116899,Bajo
4.073,88.0,0.0,2.0364676,Bajo
3.973,88.0,0.0,1.1384199,Bajo
5.1730003,86.0,0.0,0.35999998,Bajo
7.873,71.0,0.0,0.71999997,Bajo
9.922999,63.0,0.0,3.6,Bajo
11.473,54.0,0.0,2.2768397,Bajo
13.073,49.0,0.0,1.609969,Bajo
14.323,45.0,0.0,1.8,Bajo
15.523,41.0,0.0,3.4152596,Bajo
16.473001,38.0,0.0,4.510787,Moderado
17.573,37.0,0.0,4.6938257,Moderado
18.123001,37.0,0.0,6.12,Moderado
18.273,36.0,0.0,8.089993,Moderado
17.673,41.0,0.0,11.592894,Moderado
15.773,48.0,0.0,12.303366,Moderado
14.473,49.0,0.0,8.161764,Moderado
12.422999,46.0,0.0,14.332341,Moderado
10.273,57.0,0.0,13.339445,Moderado
8.922999,64.0,0.0,14.081478,Moderado
8.123,67.0,0.0,15.546833,Moderado
7.573,68.0,0.0,16.199999,Moderado
7.023,69.0,0.0,16.203999,Moderado
6.023,77.0,0.0,13.722565,Moderado
5.323,78.0,0.0,14.081478,Moderado
4.9230003,80.0,0.0,14.440443,Moderado
4.9729996,79.0,0.0,14.77755,Moderado
6.123,74.0,0.0,16.563911,Moderado
7.873,66.0,0.0,19.839235,Moderado
9.672999,59.0,0.0,20.431387,Moderado
10.922999,55.0,0.0,22.805367,Alto
11.922999,53.0,0.0,25.86494,Alto
12.672999,51.0,0.0,27.645092,Alto
13.172999,49.0,0.0,29.655787,Alto
13.473,48.0,0.0,30.500309,Alto
14.123,45.0,0.0,30.49818,Alto
14.023,48.0,0.0,30.344814,Alto
13.473,50.0,0.0,31.845251,Muy alto
11.873,55.0,0.0,30.735231,Alto
10.873,57.0,0.0,27.887802,Alto
9.922999,57.0,0.0,30.0767,Alto
9.023,61.0,0.0,29.237675,Alto
8.273,62.0,0.0,27.0,Alto
7.4729996,68.0,0.0,25.6233,Alto
7.073,72.0,0.0,23.623243,Moderado
6.9230003,74.0,0.0,23.83896,Moderado
6.9230003,74.0,0.0,23.749088,Moderado
6.523,79.0,0.0,20.188908,Moderado
6.873,80.0,0.0,20.833395,Moderado
7.373,77.0,0.1,27.288855,Alto
7.1730003,76.0,0.1,27.908709,Alto
7.523,74.0,0.0,30.096085,Alto
8.123,73.0,0.1,32.527744,Alto
9.922999,63.0,0.1,39.081146,Muy alto
11.223,59.0,0.0,35.589054,Muy alto
12.623,50.0,0.0,36.322556,Muy alto
13.023,44.0,0.0,36.8486,Muy alto
13.172999,41.0,0.0,39.503334,Muy alto
13.573,43.0,0.0,38.243114,Muy alto
13.573,42.0,0.0,46.58489,Extremo
13.323,46.0,0.0,45.53822,Muy alto
11.623,59.0,0.0,39.660496,Muy alto
11.823,60.0,0.0,40.06365,Muy alto
10.773,65.0,0.0,36.764088,Muy alto
9.922999,69.0,0.1,33.574707,Alto
9.172999,68.0,0.2,29.239891,Moderado
8.223,73.0,0.2,30.37683,Moderado
7.7229996,76.0,0.2,30.018473,Moderado
7.4729996,77.0,0.5,31.75355,Moderado
7.523,80.0,0.5,29.784426,Moderado
7.623,79.0,0.6,30.453527,Moderado
7.7229996,77.0,0.5,21.175835,Moderado
7.823,79.0,0.5,23.452555,Moderado
7.773,76.0,0.4,24.482647,Moderado
7.873,78.0,0.1,23.675304,Moderado
7.9729996,78.0,0.4,26.727423,Moderado
8.422999,75.0,0.4,27.748037,Moderado
9.223,67.0,0.3,32.10667,Alto
9.023,68.0,0.7,30.821548,Alto
9.223,65.0,0.2,29.44307,Moderado
10.223,59.0,0.1,29.01743,Alto
11.123,53.0,0.0,28.66694,Alto
11.873,50.0,0.2,29.268686,Alto
11.823,54.0,0.0,29.370352,Alto
12.023,44.0,0.1,29.882166,Alto
11.623,40.0,0.0,29.46947,Alto
10.723,40.0,0.0,29.749592,Alto
9.623,42.0,0.0,29.68636,Alto
8.373,45.0,0.0,27.748037,Alto
6.873,52.0,0.0,29.723444,Alto
5.823,57.0,0.0,26.552288,Alto
5.123,61.0,0.0,24.387177,Alto
4.573,66.0,0.0,23.110207,Alto
4.073,70.0,0.0,21.26744,Moderado
3.673,71.0,0.0,19.959719,Moderado
3.373,76.0,0.0,18.584509,Moderado
3.173,74.0,0.0,19.296133,Moderado
3.023,71.0,0.0,18.919704,Moderado
3.123,68.0,0.0,18.919704,Moderado
4.023,67.0,0.0,23.34455,Alto
5.323,51.0,0.0,25.189713,Alto
7.023,43.0,0.0,26.178707,Alto
7.623,39.0,0.0,25.35637,Alto
8.073,39.0,0.0,24.912935,Alto
8.623,39.0,0.0,24.985659,Alto
9.172999,37.0,0.0,26.208397,Alto
9.623,34.0,0.0,26.552288,Alto
9.323,40.0,0.0,28.019936,Alto
9.123,41.0,0.0,26.044699,Alto
9.323,41.0,0.0,25.41763,Alto
9.123,42.0,0.0,24.464113,Alto
8.323,46.0,0.0,23.847115,Alto
7.123,50.0,0.0,23.023117,Alto
5.623,57.0,0.0,21.659916,Alto
4.4230003,65.0,0.0,18.430452,Moderado
3.673,72.0,0.0,15.496736,Moderado
3.123,79.0,0.0,13.722565,Moderado
2.523,83.0,0.0,13.797912,Moderado
2.023,89.0,0.0,13.202726,Bajo
1.923,91.0,0.0,13.797913,Moderado
2.523,90.0,0.0,16.09969,Moderado
2.873,88.0,0.0,15.629971,Moderado
3.373,85.0,0.0,15.141414,Moderado
4.823,79.0,0.0,18.214718,Moderado
6.523,69.0,0.0,25.812277,Alto
7.523,66.0,0.0,30.293522,Alto
8.123,66.0,0.0,31.093666,Alto
9.323,59.0,0.0,32.110706,Alto
10.323,54.0,0.0,29.515608,Alto
11.172999,51.0,0.0,27.609911,Alto
11.623,48.0,0.0,26.493652,Alto
12.172999,47.0,0.0,26.208397,Alto
12.123,47.0,0.0,26.178707,Alto
12.023,49.0,0.0,27.534704,Alto
11.723,49.0,0.0,27.609911,Alto
10.973,50.0,0.0,27.009598,Alto
10.073,53.0,0.0,25.282152,Alto
9.123,56.0,0.0,24.798223,Alto
8.323,62.0,0.0,22.42427,Alto
7.773,71.0,0.0,20.570463,Moderado
7.2229996,81.0,0.0,19.839235,Moderado
7.023,83.0,0.0,22.101183,Moderado
6.9230003,84.0,0.0,24.923338,Moderado
6.823,76.0,0.0,27.834309,Alto
6.6730003,77.0,0.0,28.880886,Alto
6.6730003,78.0,0.0,28.943642,Alto
6.9729996,79.0,0.0,27.288855,Alto
7.7229996,78.0,0.0,27.112564,Alto
9.023,74.0,0.0,28.112288,Alto
10.823,66.0,0.0,37.137627,Muy alto
11.973,60.0,0.0,35.457714,Muy alto
12.823,56.0,0.0,34.509335,Muy alto
13.573,53.0,0.0,34.04808,Muy alto
14.023,46.0,0.0,35.406506,Muy alto
13.823,43.0,0.0,38.714645,Muy alto
13.422999,38.0,0.0,46.867798,Extremo
11.973,37.0,0.0,45.724247,Extremo
10.672999,40.0,0.0,44.92073,Muy alto
9.422999,41.0,0.0,42.206066,Muy alto
8.323,44.0,0.0,39.65233,Muy alto
7.2229996,47.0,0.0,37.99663,Muy alto
6.6730003,50.0,0.0,33.818928,Muy alto
5.573,58.0,0.0,31.09575,Alto
5.2229996,62.0,0.0,28.61264,Alto
5.023,67.0,0.0,26.081993,Alto
4.9230003,66.0,0.0,22.768398,Moderado
4.6730003,69.0,0.0,19.721298,Moderado
4.773,67.0,0.0,14.264361,Moderado
4.4230003,69.0,0.0,12.074766,Moderado
4.1730003,69.0,0.0,10.538843,Moderado
4.273,70.0,0.0,10.1376915,Moderado
5.4729996,66.0,0.0,11.090103,Moderado
6.9230003,56.0,0.0,11.609651,Moderado
7.9729996,47.0,0.0,14.205182,Moderado
8.422999,43.0,0.0,15.629971,Moderado
9.172999,40.0,0.0,14.84318,Moderado
9.623,39.0,0.1,14.440443,Moderado
9.973,37.0,0.2,14.044615,Moderado
10.123,36.0,0.1,13.722565,Moderado
9.973,39.0,0.0,12.758432,Moderado
9.773,40.0,0.4,11.720751,Moderado
9.573,41.0,0.4,10.661107,Bajo
8.973,42.0,0.4,13.276144,Moderado
8.173,44.0,0.2,15.876775,Moderado
7.4729996,46.0,0.0,16.595179,Moderado
6.323,54.0,0.0,14.24163,Moderado
5.323,56.0,0.1,12.864649,Moderado
4.4230003,63.0,0.0,11.609651,Moderado
3.523,72.0,0.0,9.72,Bajo
2.723,77.0,0.0,7.5685663,Bajo
1.773,79.0,0.0,5.4119864,Bajo
1.123,82.0,0.0,4.1046314,Bajo
0.423,85.0,0.0,3.671294,Bajo
-0.07699999,86.0,0.0,3.4152596,Bajo
-0.17699999,85.0,0.0,3.6179552,Bajo
1.473,78.0,0.0,3.671294,Bajo
2.823,72.0,0.1,4.3498964,Bajo
3.923,64.0,0.0,3.6,Bajo
5.4230003,54.0,0.0,6.151683,Bajo
6.873,42.0,0.0,9.107359,Moderado
7.823,37.0,0.0,9.6932955,Moderado
8.023,36.0,0.0,9.360001,Moderado
8.422999,37.0,0.0,9.693296,Moderado
8.773,40.0,0.0,11.726277,Moderado
8.723,38.0,0.0,11.726277,Moderado
9.073,37.0,0.0,10.137692,Moderado
9.123,35.0,0.0,10.966713,Moderado
8.773,37.0,0.0,11.770403,Moderado
8.373,40.0,0.0,11.113451,Moderado
7.1730003,49.0,0.0,8.287822,Moderado
5.273,60.0,0.0,5.3517847,Bajo
4.023,69.0,0.0,4.8965297,Bajo
3.323,74.0,0.0,5.00128,Bajo
2.773,77.0,0.0,4.73506,Bajo
2.823,79.0,0.0,5.4119864,Bajo
3.273,77.0,0.0,6.12,Bajo
3.123,77.0,0.0,6.130579,Bajo
3.023,78.0,0.0,7.2359104,Bajo
3.573,77.0,0.0,8.707238,Bajo
4.6730003,71.0,0.0,11.542478,Moderado
5.9729996,68.0,0.0,15.39184,Moderado
7.573,61.0,0.0,14.003029,Moderado
8.873,54.0,0.0,14.336861,Moderado
9.723,51.0,0.0,13.044722,Moderado
10.172999,48.0,0.0,13.53236,Moderado
10.422999,47.0,0.0,12.57426,Moderado
10.873,44.0,0.0,10.931203,Moderado
11.523,41.0,0.0,10.853866,Moderado
11.773,40.0,0.0,8.654986,Moderado
11.973,40.0,0.0,6.763786,Moderado
11.473,41.0,0.0,1.8,Bajo
7.873,71.0,0.1,19.296135,Moderado
6.6730003,78.0,0.1,16.279802,Moderado
6.6730003,77.0,0.0,15.379206,Moderado
5.9729996,81.0,0.3,13.905509,Bajo
5.523,82.0,0.1,13.450708,Moderado
4.9230003,84.0,0.0,11.090103,Bajo
4.4230003,87.0,0.0,9.114471,Bajo
4.123,88.0,0.0,7.928178,Bajo
3.473,91.0,0.0,7.9932976,Bajo
3.723,91.0,0.0,7.172949,Bajo
4.123,91.0,0.0,6.12,Bajo
4.573,90.0,0.0,4.6938257,Bajo
5.2229996,88.0,0.0,5.0911684,Bajo
6.4230003,83.0,0.0,6.8777895,Bajo
7.6730003,77.0,0.0,7.7879906,Bajo
8.922999,64.0,0.0,12.522619,Moderado
9.672999,59.0,0.0,13.493999,Moderado
10.823,56.0,0.0,12.429127,Moderado
10.773,57.0,0.4,16.394829,Moderado
11.823,58.0,0.2,15.629971,Moderado
12.523,53.0,0.4,18.129137,Moderado
12.623,50.0,0.2,18.014393,Moderado
11.723,54.0,0.2,18.089775,Moderado
11.373,55.0,0.1,17.163355,Moderado
10.573,61.0,0.2,15.876775,Moderado
9.723,65.0,0.2,12.979984,Bajo
9.323,69.0,0.1,11.159999,Moderado
8.123,76.0,0.2,10.853866,Bajo
6.9729996,82.0,0.0,9.178235,Bajo
6.123,87.0,0.0,10.661107,Bajo
5.4230003,90.0,0.0,11.440978,Bajo
4.9729996,91.0,0.0,12.7279215,Bajo
4.4230003,93.0,0.0,11.252519,Bajo
4.623,91.0,0.0,11.885453,Bajo
4.4729996,91.0,0.0,11.165805,Bajo
4.773,89.0,0.0,11.542478,Bajo
6.373,82.0,0.0,13.849476,Moderado
7.7229996,72.0,0.0,18.35647,Moderado
8.973,68.0,0.0,16.485485,Moderado
10.123,61.0,0.1,16.981165,Moderado
10.973,59.0,0.3,17.477621,Moderado
11.023,60.0,0.4,18.837322,Moderado
11.073,58.0,0.4,19.191748,Moderado
11.573,55.0,0.0,19.813087,Moderado
12.973,43.0,0.1,20.188908,Alto
13.373,35.0,0.0,21.53089,Alto
12.922999,36.0,0.0,21.829777,Alto
12.172999,43.0,0.0,21.046917,Alto
11.623,44.0,0.0,19.839235,Alto
10.773,49.0,0.0,16.919998,Moderado
10.023,53.0,0.0,14.154915,Moderado
8.973,61.0,0.0,9.9571085,Moderado
7.873,66.0,0.0,6.151683,Bajo
7.323,71.0,0.0,5.3999996,Bajo
7.2229996,73.0,0.0,5.8603754,Bajo
6.9729996,77.0,0.0,7.928177,Bajo
7.1730003,75.0,0.1,9.220499,Bajo
7.023,75.0,0.1,11.384198,Moderado
6.873,76.0,0.0,11.304229,Moderado
6.9729996,78.0,0.1,11.808878,Moderado
7.4230003,77.0,0.3,15.192682,Bajo
8.273,73.0,0.1,18.626305,Moderado
10.573,58.0,0.0,17.654688,Moderado
11.023,56.0,0.0,21.868332,Alto
12.373,50.0,0.0,21.175837,Alto
12.823,47.0,0.0,22.476227,Alto
12.573,48.0,0.0,23.893261,Alto
12.073,52.0,0.0,23.532547,Alto
12.973,47.0,0.0,26.081993,Alto
12.273,53.0,0.1,26.00486,Alto
11.422999,60.0,0.2,20.774214,Moderado
11.573,58.0,0.1,14.77755,Moderado
11.323,56.0,0.0,16.394829,Moderado
10.523,56.0,0.0,15.978486,Moderado
9.723,59.0,0.0,17.106628,Moderado
8.672999,64.0,0.0,14.685176,Moderado
7.6730003,69.0,0.0,13.202726,Moderado
6.523,75.0,0.0,10.446206,Bajo
5.6730003,79.0,0.0,9.028754,Bajo
5.073,81.0,0.0,7.6367526,Bajo
4.523,81.0,0.0,8.905908,Bajo
4.073,81.0,0.0,8.557102,Bajo
3.673,81.0,0.0,9.0,Bajo
3.723,79.0,0.0,10.308831,Bajo
5.023,69.0,0.0,13.397612,Moderado
6.7229996,61.0,0.0,17.339897,Moderado
8.523,52.0,0.0,20.523157,Alto
9.573,46.0,0.0,21.41319,Alto
10.823,40.0,0.0,22.206486,Alto
11.623,36.0,0.0,23.587555,Alto
11.973,34.0,0.0,24.826952,Alto
12.373,33.0,0.0,25.516865,Alto
12.623,31.0,0.0,23.683512,Alto
12.573,29.0,0.0,23.906818,Alto
12.172999,31.0,0.0,22.545315,Alto
11.873,34.0,0.0,20.49156,Alto
11.323,37.0,0.0,18.455048,Alto
10.573,39.0,0.0,15.716793,Moderado
9.373,43.0,0.0,13.797913,Moderado
7.6730003,50.0,0.0,7.42159,Moderado
6.273,59.0,0.0,2.9024127,Bajo
5.7229996,61.0,0.0,2.1897945,Bajo
4.273,67.0,0.0,3.7585104,Bajo
3.573,72.0,0.0,3.319036,Bajo
3.173,73.0,0.0,3.8268526,Bajo
3.073,72.0,0.0,4.0249224,Bajo
3.023,70.0,0.0,4.3498964,Bajo
3.823,66.0,0.0,4.1046314,Bajo
5.4729996,64.0,0.0,4.5536795,Bajo
7.523,63.0,0.0,4.3349743,Bajo
8.973,70.0,0.1,6.989936,Bajo
11.073,68.0,0.0,8.28,Bajo
13.273,61.0,0.0,10.829959,Moderado
15.023,49.0,0.0,13.044722,Moderado
15.773,43.0,0.0,15.696165,Moderado
14.023,46.0,0.2,22.183128,Moderado
13.573,52.0,0.6,19.296135,Moderado
12.573,64.0,0.7,12.245293,Bajo
13.223,63.0,0.1,13.004921,Moderado
13.973,64.0,0.0,12.496719,Moderado
14.223,67.0,0.0,13.979871,Moderado
13.973,68.0,0.1,14.764389,Moderado
13.023,71.0,0.1,9.3876505,Moderado
12.373,76.0,0.3,6.489992,Bajo
12.073,75.0,0.0,6.6185193,Bajo
12.172999,67.0,0.1,17.429354,Moderado
11.773,66.0,0.0,22.768396,Alto
11.323,67.0,0.0,22.238562,Moderado
11.172999,68.0,0.0,17.727943,Moderado
10.473,73.0,0.0,17.026896,Moderado
9.773,76.0,0.0,13.276144,Moderado
9.323,79.0,0.0,11.304229,Moderado
9.723,78.0,0.0,10.931203,Moderado
10.922999,74.0,0.0,12.641076,Moderado
12.373,65.0,0.0,15.39184,Moderado
13.573,57.0,0.0,17.026896,Moderado
13.973,55.0,0.1,19.353138,Moderado
14.422999,53.0,0.2,21.53089,Moderado
14.223,54.0,0.4,24.590923,Moderado
13.973,55.0,0.3,25.86494,Moderado
14.422999,51.0,0.4,27.117346,Moderado
13.873,47.0,0.3,28.442278,Alto
13.123,49.0,0.1,29.17777,Alto
12.023,51.0,0.0,27.820337,Alto
11.422999,51.0,0.0,26.693459,Alto
10.523,54.0,0.0,25.455843,Alto
9.773,56.0,0.0,25.40743,Alto
8.873,57.0,0.0,21.2522,Alto
8.123,61.0,0.0,16.954432,Moderado
7.273,67.0,0.0,13.207634,Moderado
6.623,73.0,0.0,10.630672,Moderado
6.273,77.0,0.0,11.183201,Moderado
6.4230003,81.0,0.0,15.2947035,Moderado
6.6730003,81.0,0.0,16.92383,Moderado
6.6730003,81.0,0.0,15.941944,Moderado
7.073,80.0,0.0,15.2947035,Moderado
8.323,74.0,0.0,18.514643,Moderado
9.573,67.0,0.0,22.7057,Moderado
11.422999,58.0,0.0,25.872456,Alto
11.922999,56.0,0.0,29.142216,Alto
12.672999,55.0,0.0,26.282465,Alto
13.123,54.0,0.1,28.876396,Alto
13.172999,53.0,0.1,29.655787,Alto
12.323,57.0,0.4,33.24888,Alto
13.373,53.0,0.4,33.270313,Alto
12.823,55.0,0.4,35.04596,Alto
12.473,60.0,0.3,31.062386,Alto
11.672999,66.0,0.4,27.105392,Moderado
12.172999,61.0,0.1,26.434887,Alto
11.623,64.0,0.1,25.318008,Alto
11.422999,62.0,0.0,25.762016,Alto
10.623,64.0,0.0,24.26998,Alto
10.123,68.0,0.0,23.688984,Alto
9.723,71.0,0.0,24.863466,Alto
9.323,72.0,0.0,24.482647,Alto
9.172999,76.0,0.0,23.966375,Moderado
9.073,76.0,0.0,22.79684,Moderado
8.573,79.0,0.0,20.150354,Moderado
8.023,83.0,0.0,17.31746,Moderado
8.173,82.0,0.0,16.862455,Moderado
9.073,71.0,0.0,18.430452,Moderado
10.123,63.0,0.0,22.027763,Alto
10.473,59.0,0.0,24.490587,Alto
11.073,56.0,0.0,25.199999,Alto
11.823,51.0,0.0,25.20257,Alto
12.672999,47.0,0.0,26.28986,Alto
13.723,42.0,0.0,26.758923,Alto
14.373,37.0,0.0,29.598919,Muy alto
14.273,36.0,0.0,28.496904,Alto
13.873,38.0,0.0,27.44513,Alto
13.873,39.0,0.0,26.042212,Alto
13.623,41.0,0.0,25.20257,Alto
12.922999,44.0,0.0,25.651104,Alto
11.723,47.0,0.0,24.993439,Alto
11.023,50.0,0.0,24.336637,Alto
9.573,58.0,0.0,21.313093,Alto
8.823,65.0,0.0,20.275385,Moderado
8.173,68.0,0.0,18.455048,Moderado
8.023,68.0,0.0,17.25373,Moderado
7.823,69.0,0.0,17.58481,Moderado
7.573,73.0,0.2,15.141414,Bajo
7.2229996,78.0,0.2,14.168641,Bajo
7.273,82.0,0.1,13.849477,Moderado
7.373,81.0,0.1,14.20062,Moderado
8.073,80.0,0.2,14.386494,Bajo
8.973,80.0,0.3,16.075521,Bajo
9.223,74.0,0.1,22.539564,Moderado
10.223,69.0,0.0,24.344624,Alto
10.973,64.0,0.0,30.302078,Alto
11.373,62.0,0.0,27.038372,Alto
13.123,51.0,0.0,29.122198,Alto
13.473,45.0,0.0,32.68871,Muy alto
14.073,42.0,0.0,32.619255,Muy alto
13.823,44.0,0.0,32.335934,Muy alto
13.273,45.0,0.0,32.335934,Muy alto
12.323,47.0,0.0,31.355152,Muy alto
11.422999,50.0,0.0,29.337238,Alto
10.473,52.0,0.0,28.202042,Alto
9.523,50.0,0.0,28.817993,Alto
8.223,55.0,0.0,25.721743,Alto
7.523,60.0,0.0,23.770906,Alto
7.023,65.0,0.0,23.039999,Alto
6.623,67.0,0.0,20.929596,Moderado
6.323,72.0,0.0,18.584509,Moderado
6.6730003,73.0,0.0,18.64369,Moderado
6.323,76.0,0.0,16.516901,Moderado
6.2229996,79.0,0.0,14.118243,Moderado
6.823,78.0,0.0,12.72283,Moderado
7.7229996,74.0,0.0,12.397806,Moderado
8.523,70.0,0.0,10.966713,Moderado
10.373,71.0,0.1,13.708391,Moderado
11.473,69.0,0.0,13.854155,Moderado
12.973,69.0,0.0,15.937878,Moderado
15.023,63.0,0.0,22.392462,Alto
16.423,59.0,0.0,27.51116,Alto
17.073,56.0,0.0,26.576681,Alto
17.423,56.0,0.0,25.325686,Alto
17.323,54.0,0.0,24.693481,Alto
17.823,52.0,0.0,22.862125,Alto
17.473001,52.0,0.0,21.434364,Alto
16.973001,53.0,0.0,18.486622,Moderado
16.273,55.0,0.0,15.226764,Moderado
14.922999,60.0,0.0,10.948973,Moderado
13.223,70.0,0.0,3.7585104,Bajo
12.223,75.0,0.0,2.2768397,Bajo
10.223,83.0,0.0,3.7064266,Bajo
9.273,87.0,0.0,2.5455842,Bajo
9.323,86.0,0.0,2.5455842,Bajo
9.523,84.0,0.0,4.8433046,Bajo
9.172999,87.0,0.0,4.5820518,Bajo
8.523,90.0,0.0,5.1919937,Bajo
8.323,91.0,0.0,2.6208394,Bajo
9.422999,87.0,0.0,2.6208394,Bajo
11.723,75.0,0.0,4.510787,Bajo
12.523,77.0,0.0,7.928178,Bajo
13.123,76.0,0.1,5.506941,Bajo
13.123,81.0,0.5,11.252519,Bajo
14.473,73.0,0.1,17.227419,Moderado
16.423,58.0,0.0,27.607563,Alto
15.323,55.0,0.1,33.510952,Muy alto
15.973,49.0,0.0,29.574827,Alto
15.973,41.0,0.0,33.12,Muy alto
14.623,47.0,0.0,34.292713,Muy alto
13.573,49.0,0.0,33.549606,Muy alto
13.273,45.0,0.0,32.957207,Muy alto
12.323,40.0,0.0,35.452232,Muy alto
11.273,46.0,0.0,33.74796,Muy alto
9.773,53.0,0.0,28.551426,Alto
8.823,57.0,0.0,26.405453,Alto
7.9230003,64.0,0.0,28.99062,Alto
7.1730003,68.0,0.0,30.566095,Alto
6.573,71.0,0.0,30.261421,Alto
6.373,75.0,0.0,25.992397,Alto
6.073,76.0,0.0,26.260265,Alto
5.873,78.0,0.0,26.758923,Alto
5.9729996,77.0,0.0,29.07989,Alto
6.4729996,73.0,0.0,31.89202,Alto
7.1730003,69.0,0.0,34.69847,Alto
8.373,59.0,0.0,37.462494,Muy alto
8.973,57.0,0.2,39.619625,Alto
9.473,55.0,0.4,41.448494,Muy alto
9.922999,56.0,0.4,41.1425,Muy alto
10.422999,54.0,0.5,42.093834,Muy alto
10.073,56.0,0.4,41.93961,Muy alto
9.973,54.0,0.5,43.057262,Muy alto
9.873,52.0,0.2,44.067295,Muy alto
9.422999,52.0,0.2,44.332653,Muy alto
8.922999,54.0,0.1,43.273434,Muy alto
8.173,58.0,0.1,41.065254,Muy alto
7.4230003,63.0,0.0,38.894997,Muy alto
6.873,65.0,0.0,38.221085,Muy alto
6.1730003,68.0,0.0,36.504074,Muy alto
5.623,71.0,0.0,35.85932,Alto
5.4230003,70.0,0.0,34.98674,Alto
5.073,71.0,0.0,34.627434,Alto
4.773,73.0,0.0,35.346058,Alto
4.573,73.0,0.0,33.933697,Alto
4.373,73.0,0.0,34.936695,Alto
4.223,75.0,0.0,35.656357,Alto
4.373,74.0,0.0,34.966362,Alto
4.9230003,70.0,0.0,38.519997,Muy alto
5.7229996,66.0,0.0,40.75798,Muy alto
6.873,58.0,0.0,42.699093,Muy alto
7.823,54.0,0.0,41.305977,Muy alto
8.623,50.0,0.0,42.021423,Muy alto
9.223,49.0,0.0,39.4163,Muy alto
9.723,48.0,0.1,39.061245,Muy alto
9.973,47.0,0.2,39.254856,Muy alto
10.373,46.0,0.3,37.212578,Alto
10.573,45.0,0.0,36.158054,Muy alto
10.323,45.0,0.0,34.838253,Muy alto
9.773,46.0,0.0,33.790176,Muy alto
9.073,48.0,0.0,32.136932,Muy alto
8.123,53.0,0.0,30.430117,Alto
7.023,59.0,0.0,27.343414,Alto
5.9230003,65.0,0.0,24.162945,Alto
5.123,72.0,0.0,22.33161,Moderado
4.573,77.0,0.0,22.007162,Moderado
4.4230003,78.0,0.0,22.7057,Moderado
4.523,77.0,0.0,24.84,Moderado
4.323,74.0,0.0,27.722336,Alto
4.1730003,74.0,0.0,28.449112,Alto
3.823,77.0,0.0,28.44,Alto
4.023,76.0,0.0,28.442278,Alto
5.023,70.0,0.0,29.627363,Alto
6.323,59.0,0.0,32.305862,Alto
7.773,51.0,0.0,31.154043,Alto
8.773,45.0,0.0,32.52177,Muy alto
9.723,41.0,0.0,33.71338,Muy alto
10.473,37.0,0.0,33.77291,Muy alto
10.922999,36.0,0.0,33.58628,Muy alto
11.023,37.0,0.0,34.338036,Muy alto
11.723,35.0,0.0,35.25979,Muy alto
11.573,36.0,0.0,34.20568,Muy alto
11.523,39.0,0.0,33.01418,Muy alto
11.073,39.0,0.0,31.404713,Muy alto
10.323,41.0,0.0,29.47826,Alto
9.473,44.0,0.0,26.925497,Alto
8.373,49.0,0.0,23.068108,Alto
7.323,57.0,0.0,18.947083,Moderado
6.7229996,60.0,0.0,16.299694,Moderado
6.1730003,68.0,0.0,15.4800005,Moderado
5.773,73.0,0.0,13.849476,Moderado
5.4729996,77.0,0.0,13.358861,Moderado
5.373,79.0,0.0,14.84318,Moderado
5.323,80.0,0.0,14.759999,Moderado
5.323,81.0,0.0,13.708391,Moderado
5.573,82.0,0.0,14.05845,Moderado
6.6730003,78.0,0.0,16.946787,Moderado
7.773,73.0,0.0,20.364674,Moderado
8.523,70.0,0.0,24.144165,Alto
10.123,61.0,0.0,26.649727,Alto
10.773,57.0,0.0,28.820242,Alto
11.422999,56.0,0.0,29.195534,Alto
11.573,56.0,0.0,29.5551,Alto
11.922999,55.0,0.0,29.627363,Alto
12.773,54.0,0.0,29.834423,Alto
12.873,55.0,0.0,29.301876,Alto
12.773,56.0,0.0,28.594517,Alto
12.373,59.0,0.0,26.987997,Alto
11.922999,62.0,0.0,25.40743,Alto
11.623,64.0,0.0,24.216522,Alto
10.973,65.0,0.0,21.485697,Moderado
10.023,71.0,0.0,18.416384,Moderado
9.073,75.0,0.0,15.4800005,Moderado
8.273,79.0,0.0,12.605142,Moderado
7.273,84.0,0.0,10.446206,Bajo
6.9729996,85.0,0.0,9.3669195,Bajo
5.9230003,88.0,0.0,6.4799995,Bajo
5.623,90.0,0.0,4.32,Bajo
5.2229996,90.0,0.0,2.9024127,Bajo
5.4230003,89.0,0.0,1.1384199,Bajo
6.573,85.0,0.0,1.1384199,Bajo
8.323,76.0,0.0,2.6208394,Bajo
10.073,69.0,0.0,6.638072,Bajo
10.922999,65.0,0.0,7.5942082,Bajo
11.473,63.0,0.0,8.669949,Moderado
12.523,62.0,0.1,9.585739,Moderado
13.672999,57.0,0.0,11.4862,Moderado
14.323,54.0,0.0,13.849477,Moderado
14.873,53.0,0.1,15.683774,Moderado
14.422999,54.0,0.0,17.906157,Moderado
13.523,54.0,0.1,19.483284,Moderado
12.422999,61.0,0.2,19.486609,Moderado
11.223,68.0,0.2,15.496736,Bajo
10.373,75.0,0.6,13.044722,Bajo
9.523,82.0,0.5,11.304229,Bajo
8.873,87.0,0.6,10.028439,Bajo
8.573,90.0,0.5,9.255571,Bajo
8.273,93.0,0.4,8.669949,Bajo
8.173,94.0,0.5,6.2145634,Bajo
8.073,95.0,0.4,4.39436,Bajo
8.123,97.0,0.2,1.8,Bajo
8.073,98.0,0.3,2.2768397,Bajo
8.023,98.0,0.3,3.9763298,Bajo
8.273,97.0,0.1,6.489992,Bajo
9.273,93.0,0.0,10.446206,Bajo
11.123,78.0,0.0,20.06334,Moderado
11.823,66.0,0.0,24.884306,Alto
12.973,59.0,0.0,25.862436,Alto
13.723,53.0,0.0,27.66384,Alto
14.073,50.0,0.0,29.522196,Alto
14.422999,46.0,0.0,31.104082,Muy alto
14.573,46.0,0.0,31.205997,Muy alto
15.473,43.0,0.0,29.940662,Alto
15.373,42.0,0.0,29.250967,Alto
15.223,44.0,0.0,27.466372,Alto
14.373,48.0,0.0,26.727423,Alto
13.773,52.0,0.0,26.28,Alto
12.873,56.0,0.0,23.469128,Alto
12.473,60.0,0.0,22.314192,Alto
11.523,66.0,0.0,19.469975,Moderado
11.023,69.0,0.0,17.873556,Moderado
10.773,74.0,0.0,19.386593,Moderado
10.273,77.0,0.0,21.734581,Moderado
10.023,79.0,0.0,24.95452,Alto
10.523,73.0,0.1,27.698954,Alto
10.323,76.0,0.0,27.055143,Alto
10.223,78.0,0.0,26.405453,Alto
10.273,78.0,0.0,25.161398,Alto
10.623,80.0,0.1,26.554728,Alto
11.373,76.0,0.1,29.723444,Alto
12.672999,68.0,0.1,27.193705,Alto
13.422999,63.0,0.0,28.910038,Alto
13.873,58.0,0.0,29.179993,Alto
14.373,55.0,0.0,28.820242,Alto
14.723,55.0,0.0,27.722336,Alto
15.023,54.0,0.0,27.381308,Alto
16.073,50.0,0.0,29.627363,Alto
16.123001,49.0,0.0,28.910038,Alto
15.922999,50.0,0.0,27.77838,Alto
15.422999,53.0,0.0,26.282465,Alto
14.873,58.0,0.0,22.104116,Alto
14.073,63.0,0.0,21.218632,Moderado
13.773,69.0,0.0,22.206486,Moderado
13.172999,73.0,0.0,19.813087,Moderado
12.973,77.0,0.0,20.608229,Moderado
12.573,80.0,0.1,21.603,Moderado
12.273,80.0,0.1,21.42227,Moderado
11.973,82.0,0.1,19.33639,Moderado
12.023,79.0,0.0,20.833395,Moderado
11.773,79.0,0.0,20.192118,Moderado
11.373,82.0,0.1,17.771753,Moderado
10.823,86.0,0.1,14.973576,Moderado
11.373,84.0,0.0,14.512064,Moderado
12.773,78.0,0.0,16.267857,Moderado
15.223,65.0,0.0,17.114204,Moderado
16.573,56.0,0.0,20.61766,Alto
17.923,51.0,0.0,22.057161,Alto
18.673,48.0,0.0,25.284714,Alto
19.173,45.0,0.0,27.475807,Alto
19.573,41.0,0.0,30.45566,Muy alto
20.273,39.0,0.0,30.911821,Muy alto
19.873001,40.0,0.0,30.430117,Muy alto
19.723001,41.0,0.0,30.75209,Muy alto
18.873001,44.0,0.0,28.820242,Alto
17.273,51.0,0.0,27.44749,Alto
15.273,64.0,0.0,23.565567,Alto
15.422999,60.0,0.0,20.65848,Moderado
14.723,63.0,0.0,21.325253,Moderado
13.473,73.0,0.1,20.393293,Moderado
12.373,83.0,0.4,16.595179,Bajo
11.773,87.0,0.6,14.707222,Bajo
11.523,89.0,0.5,13.37825,Bajo
11.523,89.0,0.5,10.966713,Bajo
11.323,90.0,0.7,9.693296,Bajo
11.223,92.0,1.1,7.628263,Bajo
11.273,93.0,1.4,7.072878,Bajo
11.523,93.0,1.0,6.830519,Bajo
12.172999,90.0,0.3,8.766573,Bajo
13.323,85.0,0.0,15.281989,Moderado
14.223,78.0,0.0,18.64369,Moderado
15.273,71.0,0.1,21.322214,Moderado
16.623001,63.0,0.0,22.881956,Alto
17.123001,58.0,0.1,24.48,Alto
17.273,46.0,0.0,24.648829,Alto
16.773,45.0,0.0,30.147717,Alto
15.473,44.0,0.0,31.006012,Muy alto
14.523,41.0,0.0,30.659237,Muy alto
13.523,38.0,0.0,31.193535,Muy alto
13.023,41.0,0.0,28.745949,Alto
12.323,43.0,0.0,25.40743,Alto
11.672999,50.0,0.0,22.89611,Alto
10.323,58.0,0.0,18.888851,Moderado
9.373,64.0,0.0,17.283749,Moderado
8.573,72.0,0.0,22.3229,Moderado
7.823,73.0,0.0,25.929996,Alto
7.2229996,68.0,0.0,25.199999,Alto
6.623,71.0,0.0,22.691425,Moderado
6.4230003,74.0,0.0,19.881649,Moderado
6.123,77.0,0.0,17.935081,Moderado
6.1730003,79.0,0.0,17.298738,Moderado
7.273,74.0,0.0,20.06334,Moderado
8.723,64.0,0.0,24.84,Alto
10.172999,56.0,0.0,22.7057,Alto
10.922999,51.0,0.0,23.78453,Alto
10.973,53.0,0.0,24.717085,Alto
11.223,58.0,0.1,25.620771,Alto
12.823,52.0,0.0,26.576681,Alto
13.373,49.0,0.0,28.82249,Alto
13.973,50.0,0.0,34.79917,Muy alto
14.023,52.0,0.0,34.171566,Muy alto
13.823,55.0,0.0,32.688713,Muy alto
13.323,58.0,0.0,29.68636,Alto
13.273,59.0,0.0,28.71437,Alto
12.973,59.0,0.0,27.908709,Alto
12.573,58.0,0.0,28.766228,Alto
11.623,64.0,0.0,26.983194,Alto
10.873,70.0,0.0,24.627787,Alto
10.323,73.0,0.0,22.450264,Moderado
10.073,73.0,0.0,20.620806,Moderado
9.523,76.0,0.0,18.0,Moderado
8.422999,80.0,0.0,14.241629,Moderado
7.773,84.0,0.0,13.049689,Moderado
7.373,86.0,0.0,13.049689,Moderado
7.623,85.0,0.0,12.904882,Moderado
9.172999,77.0,0.0,15.844089,Moderado
10.823,70.0,0.0,19.137648,Moderado
12.422999,63.0,0.0,21.188072,Moderado
13.723,59.0,0.0,22.033648,Alto
14.922999,56.0,0.0,22.691425,Alto
15.873,53.0,0.0,23.266697,Alto
16.123001,52.0,0.0,22.45315,Alto
17.373001,47.0,0.0,21.322214,Alto
18.873001,40.0,0.0,23.051247,Alto
18.923,41.0,0.0,22.702845,Alto
18.723001,42.0,0.0,21.129883,Alto
18.273,44.0,0.0,19.64558,Alto
17.723001,46.0,0.0,18.430452,Alto
16.923,49.0,0.0,16.808569,Moderado
16.073,49.0,0.0,14.759999,Moderado
14.273,55.0,0.0,10.041354,Moderado
12.422999,64.0,0.0,7.072878,Bajo
11.172999,70.0,0.0,4.68,Bajo
10.123,76.0,0.0,4.3349743,Bajo
9.223,80.0,0.0,4.39436,Bajo
8.623,82.0,0.0,2.1897945,Bajo
8.422999,82.0,0.0,2.0991426,Bajo
8.123,83.0,0.0,1.2979984,Bajo
7.873,85.0,0.0,2.0364676,Bajo
9.172999,83.0,0.0,1.8,Bajo
11.823,71.0,0.0,0.5091169,Bajo
13.823,57.0,0.0,6.4799995,Bajo
16.173,49.0,0.0,5.95906,Moderado
18.223001,42.0,0.0,8.78872,Moderado
19.673,38.0,0.0,14.512064,Moderado
20.223001,37.0,0.0,18.075441,Alto
19.923,38.0,0.0,19.35314,Alto
20.023,46.0,0.0,19.09358,Alto
20.373001,47.0,0.0,18.723461,Alto
19.873001,49.0,0.0,20.380579,Alto
18.223001,59.0,0.0,20.390114,Moderado
16.123001,67.0,0.0,20.390114,Moderado
14.073,77.0,0.0,18.79255,Moderado
12.073,86.0,0.0,13.37825,Moderado
11.573,88.0,0.0,11.252519,Bajo
11.422999,88.0,0.0,11.928989,Bajo
11.123,89.0,0.0,11.570515,Bajo
10.873,90.0,0.0,12.9249525,Moderado
10.773,91.0,0.0,10.739833,Bajo
10.823,93.0,0.2,15.1884165,Bajo
10.723,94.0,0.2,16.09969,Bajo
10.723,94.0,2.1,16.965895,Bajo
10.672999,94.0,2.4,18.448023,Bajo
10.672999,93.0,2.3,17.64,Bajo
10.723,92.0,2.3,15.844089,Bajo
10.773,93.0,1.7,16.1198,Bajo
10.922999,92.0,0.9,19.855558,Bajo
10.973,93.0,0.6,19.64228,Bajo
11.223,91.0,0.0,19.164717,Moderado
11.573,89.0,0.0,17.727943,Moderado
12.172999,86.0,0.0,17.713316,Moderado
12.373,87.0,0.0,18.971008,Moderado
12.672999,85.0,0.0,20.073025,Moderado
12.323,86.0,0.0,19.08,Moderado
12.422999,86.0,0.0,19.376562,Moderado
12.172999,87.0,0.0,17.10284,Moderado
12.073,88.0,0.0,15.0038395,Moderado
12.023,88.0,0.0,14.693999,Moderado
11.922999,89.0,0.0,12.7279215,Moderado
11.773,89.0,0.0,12.904882,Moderado
11.672999,90.0,0.0,13.684735,Moderado
11.573,90.0,0.0,13.18308,Moderado
11.623,90.0,0.0,10.703569,Bajo
11.422999,92.0,0.2,10.514218,Bajo
11.323,92.0,0.3,9.0,Bajo
11.172999,92.0,0.2,7.7879906,Bajo
11.223,90.0,0.1,6.489992,Bajo
11.373,89.0,0.1,5.937272,Bajo
11.523,89.0,0.3,5.634891,Bajo
11.573,93.0,0.1,6.989936,Bajo
11.773,93.0,0.1,6.8777895,Bajo
11.973,91.0,0.0,6.638072,Bajo
12.273,90.0,0.3,7.2,Bajo
12.823,90.0,0.2,5.6233797,Bajo
13.823,85.0,0.0,6.9153743,Bajo
14.723,80.0,0.0,9.659814,Bajo
15.422999,75.0,0.0,10.685391,Moderado
15.523,75.0,0.0,9.904906,Moderado
15.023,78.0,0.0,11.212135,Moderado
14.172999,84.0,0.0,10.636766,Bajo
13.672999,86.0,0.0,7.5942082,Bajo
13.672999,85.0,0.0,5.904439,Bajo
13.273,88.0,0.0,3.4152596,Bajo
12.973,89.0,0.0,2.5455842,Bajo
12.873,91.0,0.0,2.0364676,Bajo
12.773,91.0,0.0,1.5273507,Bajo
12.723,92.0,0.0,2.1897945,Bajo
12.523,94.0,0.0,1.4399999,Bajo
12.473,94.0,0.0,1.484318,Bajo
12.422999,93.0,0.0,2.16,Bajo
12.223,92.0,0.0,3.2599385,Bajo
12.323,88.0,0.0,5.2416787,Bajo
12.623,82.0,0.0,6.28713,Bajo
13.523,82.0,0.0,6.0347,Bajo
14.422999,78.0,0.0,7.5685663,Bajo
16.173,70.0,0.0,9.085988,Moderado
17.573,64.0,0.0,9.387651,Moderado
18.623001,60.0,0.0,13.584932,Moderado
19.723001,55.0,0.0,14.8257065,Moderado
21.323,44.0,0.0,15.629971,Moderado
21.573,35.0,0.0,17.414474,Alto
21.473001,28.0,0.0,18.35647,Alto
20.273,32.0,0.0,20.188908,Alto
18.473001,37.0,0.0,19.469975,Alto
16.523,40.0,0.0,20.523157,Alto
15.823,44.0,0.1,17.447933,Moderado
14.323,50.0,0.0,16.92383,Moderado
12.773,61.0,0.1,18.671474,Moderado
11.023,81.0,0.6,17.76081,Bajo
10.672999,84.0,0.1,16.179985,Moderado
10.723,83.0,0.0,15.175612,Moderado
10.573,87.0,0.1,13.37825,Moderado
10.473,89.0,0.5,11.923557,Bajo
10.573,89.0,0.0,11.91812,Bajo
10.773,89.0,0.0,11.298495,Bajo
11.323,86.0,0.0,13.570615,Moderado
12.223,82.0,0.0,19.469976,Moderado
12.223,65.0,0.0,26.459389,Alto
12.323,50.0,0.0,26.932714,Alto
13.422999,46.0,0.0,32.136932,Muy alto
14.323,41.0,0.0,31.688177,Muy alto
14.422999,43.0,0.0,29.830078,Alto
14.573,41.0,0.0,28.241077,Alto
14.723,39.0,0.0,28.829233,Alto
14.422999,40.0,0.0,27.067116,Alto
14.223,40.0,0.0,24.798225,Alto
13.823,42.0,0.0,22.81957,Alto
13.323,43.0,0.0,20.907913,Alto
12.623,47.0,0.0,21.841648,Alto
12.373,50.0,0.0,22.42427,Alto
11.123,59.0,0.0,20.192118,Moderado
10.073,67.0,0.0,18.448023,Moderado
9.373,71.0,0.0,17.25373,Moderado
9.422999,70.0,0.0,17.551615,Moderado
9.473,70.0,0.0,21.2522,Moderado
9.623,70.0,0.0,23.023117,Moderado
9.323,71.0,0.0,23.507753,Alto
9.073,71.0,0.0,23.675304,Alto
8.922999,73.0,0.0,25.284714,Alto
9.422999,73.0,0.0,27.691935,Alto
9.922999,72.0,0.0,30.631746,Alto
10.623,71.0,0.1,28.387545,Alto
11.422999,67.0,0.4,28.66694,Moderado
12.123,60.0,0.2,30.676142,Alto
13.273,51.0,0.0,33.805515,Muy alto
13.723,48.0,0.0,34.213257,Muy alto
13.773,45.0,0.0,33.893574,Muy alto
14.273,40.0,0.0,34.838253,Muy alto
14.323,38.0,0.0,33.82659,Muy alto
14.073,40.0,0.0,31.205997,Muy alto
13.623,42.0,0.0,28.385262,Alto
12.973,44.0,0.0,25.417631,Alto
12.023,45.0,0.0,22.702845,Alto
10.873,47.0,0.0,22.253124,Alto
9.373,55.0,0.0,18.03237,Moderado
8.422999,61.0,0.0,16.199999,Moderado
7.9230003,61.0,0.0,12.979984,Moderado
7.623,64.0,0.0,9.72,Moderado
7.4729996,66.0,0.0,9.107359,Moderado
7.4230003,66.0,0.0,7.7879906,Bajo
7.323,71.0,0.1,8.714677,Bajo
6.9230003,78.0,0.1,10.97262,Bajo
6.873,81.0,0.0,11.019764,Bajo
8.173,75.0,0.0,13.684735,Moderado
10.123,69.0,0.0,17.84816,Moderado
11.323,60.0,0.0,24.20314,Alto
12.373,56.0,0.0,25.6233,Alto
12.723,54.0,0.0,25.744402,Alto
13.573,50.0,0.0,26.525429,Alto
14.273,48.0,0.0,27.210379,Alto
14.323,49.0,0.0,26.807312,Alto
15.573,44.0,0.0,24.448214,Alto
15.773,44.0,0.0,23.241617,Alto
15.373,46.0,0.0,22.206486,Alto
15.373,48.0,0.0,22.206486,Alto
14.773,50.0,0.0,21.749481,Alto
14.123,52.0,0.0,21.288757,Alto
13.172999,53.0,0.0,23.828083,Alto
11.422999,60.0,0.0,22.3229,Alto
10.473,66.0,0.0,23.219301,Alto
9.873,71.0,0.0,20.478907,Moderado
9.422999,72.0,0.0,18.998314,Moderado
9.023,72.0,0.0,18.228943,Moderado
7.873,80.0,0.0,10.587917,Bajo
7.523,81.0,0.0,8.287822,Bajo
7.9230003,84.0,0.0,8.161764,Bajo
8.473,85.0,0.2,10.009036,Bajo
9.373,77.0,0.0,14.007655,Moderado
10.973,67.0,0.0,21.603,Moderado
13.323,58.0,0.0,27.212759,Alto
14.623,51.0,0.0,30.75209,Alto
15.023,49.0,0.0,30.007679,Alto
15.973,47.0,0.0,30.871965,Alto
15.873,49.0,0.0,29.947153,Alto
15.422999,52.0,0.0,29.949316,Alto
16.023,51.0,0.0,31.89608,Muy alto
16.523,52.0,0.0,34.619946,Muy alto
15.523,56.0,0.0,32.90999,Muy alto
14.123,64.0,0.1,28.146843,Alto
13.823,67.0,0.1,25.872454,Alto
13.273,69.0,0.1,23.469128,Alto
14.023,64.0,0.0,22.505037,Alto
12.623,67.0,0.0,22.35481,Moderado
10.873,65.0,0.0,19.011953,Moderado
9.523,72.0,0.0,14.561099,Moderado
8.523,83.0,0.1,13.32,Moderado
7.9230003,85.0,0.0,13.679999,Moderado
7.623,80.0,0.0,12.324414,Moderado
6.9230003,81.0,0.0,11.525623,Bajo
6.9230003,78.0,0.0,11.542478,Moderado
6.9230003,79.0,0.0,11.570515,Moderado
7.873,73.0,0.0,13.363711,Moderado
9.273,63.0,0.0,16.203999,Moderado
10.573,54.0,0.0,20.06334,Moderado
11.723,46.0,0.0,19.70815,Alto
12.873,40.0,0.0,20.721119,Alto
13.672999,37.0,0.0,20.833395,Alto
14.672999,33.0,0.0,22.963936,Alto
15.373,30.0,0.0,23.219301,Alto
15.723,28.0,0.0,23.535301,Alto
16.023,28.0,0.0,22.461807,Alto
16.123001,28.0,0.0,23.0653,Alto
15.973,29.0,0.0,22.691425,Alto
15.523,31.0,0.0,21.96295,Alto
14.873,32.0,0.0,20.519999,Alto
13.672999,37.0,0.0,18.775301,Alto
11.873,46.0,0.0,15.273505,Moderado
10.273,55.0,0.0,12.6462,Moderado
8.922999,61.0,0.0,10.538843,Moderado
7.823,64.0,0.0,9.6932955,Moderado
7.023,67.0,0.0,8.557102,Bajo
5.623,79.0,0.0,5.904439,Bajo
5.373,79.0,0.0,5.3517847,Bajo
5.073,80.0,0.0,4.8433046,Bajo
5.023,81.0,0.0,4.1046314,Bajo
7.023,76.0,0.0,5.3999996,Bajo
9.672999,68.0,0.0,12.313894,Moderado
11.773,54.0,0.0,20.056877,Moderado
13.172999,46.0,0.0,22.79684,Alto
14.623,41.0,0.0,25.0064,Alto
15.373,35.0,0.0,28.512817,Alto
15.973,35.0,0.0,27.532352,Alto
16.723001,33.0,0.0,26.242987,Alto
17.723001,31.0,0.0,26.141552,Alto
18.223001,30.0,0.0,25.277023,Alto
18.173,30.0,0.0,24.482647,Alto
17.823,31.0,0.0,24.098497,Alto
17.073,35.0,0.0,21.67487,Alto
16.223,38.0,0.0,17.114204,Alto
16.123001,37.0,0.0,12.313893,Moderado
13.973,44.0,0.0,6.297428,Moderado
12.172999,52.0,0.0,4.0249224,Bajo
10.922999,58.0,0.0,5.0142193,Bajo
10.273,63.0,0.0,4.6102495,Bajo
10.023,66.0,0.0,2.5455842,Bajo
8.623,74.0,0.0,1.9386592,Bajo
8.073,76.0,0.0,2.968636,Bajo
7.1730003,79.0,0.0,3.9763298,Bajo
6.7229996,83.0,0.0,4.452954,Bajo
8.373,91.0,0.0,7.69592,Bajo
10.172999,87.0,0.0,10.1376915,Bajo
12.973,68.0,0.0,9.178235,Moderado
15.073,57.0,0.0,7.928177,Moderado
16.073,48.0,0.0,7.7879906,Moderado
15.172999,51.0,0.1,13.084402,Moderado
15.223,54.0,0.2,8.0899935,Bajo
13.922999,60.0,0.7,18.947083,Moderado
13.172999,74.0,0.2,20.240198,Moderado
13.073,66.0,0.4,23.933908,Moderado
13.073,64.0,0.3,27.153164,Moderado
12.273,61.0,0.3,32.809414,Alto
11.023,57.0,0.0,34.92,Muy alto
10.172999,58.0,0.0,40.155735,Muy alto
9.223,60.0,0.0,42.10769,Muy alto
8.123,62.0,0.0,38.540184,Muy alto
7.373,61.0,0.0,35.09769,Muy alto
6.9230003,62.0,0.0,32.789658,Alto
6.573,66.0,0.0,30.293522,Alto
6.273,69.0,0.0,29.528778,Alto
5.873,72.0,0.0,29.16889,Alto
5.7229996,70.0,0.0,28.08923,Alto
5.7229996,68.0,0.0,27.908709,Alto
5.873,59.0,0.0,27.698952,Alto
6.573,57.0,0.0,28.001427,Alto
7.873,52.0,0.0,28.948118,Alto
9.273,47.0,0.0,30.5173,Alto
10.373,48.0,0.0,30.0767,Alto
11.172999,45.0,0.0,30.78368,Alto
11.823,44.0,0.0,33.626774,Muy alto
11.523,51.0,0.0,33.27031,Muy alto
12.523,44.0,0.0,33.971867,Muy alto
13.223,45.0,0.0,33.441265,Muy alto
13.073,43.0,0.0,32.048088,Muy alto
13.723,44.0,0.0,30.312773,Alto
13.672999,42.0,0.0,29.427658,Alto
13.073,44.0,0.0,27.248457,Alto
12.573,45.0,0.0,24.798223,Alto
11.723,46.0,0.0,22.668568,Alto
10.623,52.0,0.0,17.414476,Moderado
9.523,59.0,0.0,13.684735,Moderado
8.422999,67.0,0.0,11.525623,Moderado
7.623,72.0,0.0,10.041354,Moderado
7.123,73.0,0.0,9.107359,Bajo
5.9729996,77.0,0.0,7.8954163,Bajo
5.4729996,77.0,0.0,6.9247384,Bajo
5.023,79.0,0.0,5.8603754,Bajo
4.873,82.0,0.0,5.3999996,Bajo
6.573,77.0,0.0,5.1165614,Bajo
9.223,65.0,0.0,9.422101,Moderado
11.672999,56.0,0.0,10.233123,Moderado
13.672999,50.0,0.0,11.4862,Moderado
15.422999,45.0,0.0,11.885453,Moderado
16.623001,40.0,0.0,15.580141,Moderado
17.223001,36.0,0.0,18.075441,Alto
17.573,34.0,0.0,20.390114,Alto
18.123001,30.0,0.0,20.929594,Alto
18.173,29.0,0.0,19.083395,Alto
18.573,28.0,0.0,17.87718,Alto
18.323,30.0,0.0,17.193533,Alto
17.623001,33.0,0.0,15.111424,Moderado
16.873001,35.0,0.0,13.708391,Moderado
16.023,35.0,0.0,9.47012,Moderado
14.723,42.0,0.0,4.072935,Moderado
12.573,51.0,0.0,5.00128,Bajo
10.773,67.0,0.0,4.8433046,Bajo
10.422999,73.0,0.0,2.8799999,Bajo
10.373,71.0,0.2,5.5887027,Bajo
9.773,81.0,0.8,0.8049845,Bajo
9.873,78.0,0.2,4.510787,Bajo
9.373,82.0,0.1,3.319036,Bajo
9.023,86.0,0.0,4.198285,Bajo
9.973,83.0,0.0,7.754637,Bajo
11.123,77.0,0.0,12.768586,Moderado
13.273,65.0,0.0,20.49156,Moderado
13.922999,56.0,0.0,23.241617,Alto
14.073,53.0,0.0,23.795427,Alto
14.773,51.0,0.0,21.603,Alto
14.823,50.0,0.0,22.415602,Alto
14.523,56.0,0.1,24.482647,Alto
16.373001,47.0,0.1,22.702845,Alto
16.073,47.0,0.0,20.073025,Alto
16.023,51.0,0.0,15.546833,Moderado
15.323,58.0,0.2,17.709658,Moderado
14.922999,65.0,0.2,12.015589,Bajo
14.123,76.0,0.6,9.255571,Bajo
12.723,80.0,1.0,12.538134,Bajo
11.373,89.0,1.1,13.237039,Bajo
11.473,93.0,1.3,12.10157,Bajo
12.223,92.0,1.5,9.028754,Bajo
13.123,87.0,0.3,6.830519,Bajo
13.473,82.0,0.0,9.9571085,Bajo
13.823,78.0,0.0,10.182337,Bajo
14.523,74.0,0.0,13.722565,Moderado
15.323,65.0,0.0,20.265795,Moderado
15.823,63.0,0.0,23.358423,Alto
16.123001,64.0,0.0,23.565569,Alto
16.073,68.0,0.0,22.366402,Moderado
18.073,66.0,0.0,27.105392,Alto
18.523,63.0,0.1,32.978832,Alto
17.373001,69.0,0.7,34.61995,Alto
15.523,78.0,1.8,33.84766,Alto
13.823,62.0,0.4,37.330803,Alto
13.573,51.0,0.0,40.480392,Muy alto
14.073,50.0,0.0,44.832645,Muy alto
12.973,48.0,0.0,44.211166,Muy alto
11.573,50.0,0.0,44.12754,Muy alto
10.422999,52.0,0.0,42.877796,Muy alto
9.123,58.0,0.0,39.562344,Muy alto
8.023,61.0,0.0,36.258274,Muy alto
6.773,69.0,0.0,35.010807,Alto
5.9230003,72.0,0.0,31.328272,Alto
5.323,74.0,0.0,28.460497,Alto
4.873,74.0,0.0,27.595823,Alto
4.523,75.0,0.0,26.6327,Alto
4.523,76.0,0.0,28.054604,Alto
4.4729996,77.0,0.0,26.987997,Alto
4.7229996,75.0,0.0,27.238941,Alto
4.7229996,74.0,0.0,27.086262,Alto
4.823,72.0,0.0,25.683926,Alto
5.573,69.0,0.0,25.364037,Alto
6.773,64.0,0.0,29.738703,Alto
8.123,57.0,0.0,29.339449,Alto
8.922999,56.0,0.0,26.576681,Alto
9.723,53.0,0.0,28.73242,Alto
10.223,55.0,0.0,27.231804,Alto
11.422999,52.0,0.0,26.795223,Alto
10.973,61.0,0.2,31.682043,Alto
11.672999,58.0,0.7,34.636787,Alto
11.773,60.0,0.5,35.71265,Alto
12.523,56.0,0.2,38.440853,Alto
11.573,64.0,0.2,36.402744,Alto
11.172999,68.0,0.1,30.141266,Alto
10.573,73.0,0.2,27.21038,Moderado
10.773,67.0,0.1,23.933907,Alto
9.723,72.0,0.0,18.03237,Moderado
8.873,76.0,0.0,13.891522,Moderado
8.173,79.0,0.0,12.88981,Moderado
7.823,81.0,0.0,13.281023,Moderado
7.873,82.0,0.0,14.021525,Moderado
8.723,77.0,0.0,18.35647,Moderado
8.672999,75.0,0.0,18.998316,Moderado
8.473,76.0,0.0,17.873556,Moderado
8.523,77.0,0.0,15.617529,Moderado
8.873,80.0,0.2,18.25026,Bajo
9.773,74.0,0.0,19.803272,Moderado
10.672999,62.0,0.0,23.532547,Alto
11.523,53.0,0.0,25.49908,Alto
12.123,50.0,0.0,31.883888,Muy alto
12.573,50.0,0.0,32.553635,Muy alto
12.672999,51.0,0.0,34.08042,Muy alto
12.973,50.0,0.0,34.76377,Muy alto
14.023,46.0,0.0,37.379375,Muy alto
13.623,48.0,0.0,36.927643,Muy alto
13.123,53.0,0.0,34.77868,Muy alto
12.323,59.0,0.1,29.414444,Alto
11.422999,65.0,0.2,24.464113,Moderado
10.672999,69.0,0.3,23.904108,Moderado
10.672999,66.0,0.1,26.459387,Alto
9.672999,75.0,0.3,23.993399,Moderado
9.123,69.0,0.1,21.42227,Moderado
8.073,67.0,0.0,20.037485,Moderado
7.1730003,69.0,0.0,19.586117,Moderado
6.6730003,70.0,0.0,18.35647,Moderado
5.773,80.0,0.0,15.111424,Moderado
5.9230003,79.0,0.0,15.893093,Moderado
5.623,77.0,0.0,17.106628,Moderado
5.273,71.0,0.0,17.414476,Moderado
5.6730003,68.0,0.0,17.651016,Moderado
6.823,60.0,0.0,23.97989,Alto
8.323,50.0,0.0,25.364037,Alto
8.773,50.0,0.1,25.6233,Alto
9.773,48.0,0.2,26.302181,Moderado
10.473,45.0,0.3,27.0,Alto
10.922999,43.0,0.3,27.722336,Alto
11.323,41.0,0.3,28.08923,Alto
11.473,40.0,0.2,30.413074,Alto
11.223,40.0,0.2,30.37683,Alto
10.873,41.0,0.1,30.37683,Muy alto
10.023,44.0,0.1,29.627363,Alto
9.373,45.0,0.0,27.804028,Alto
8.422999,47.0,0.0,26.67889,Alto
7.1730003,55.0,0.0,27.362366,Alto
5.9729996,60.0,0.0,24.842607,Alto
5.2229996,66.0,0.0,23.444265,Alto
4.7229996,68.0,0.0,21.647945,Moderado
4.273,71.0,0.0,20.364674,Moderado
3.923,73.0,0.0,18.861387,Moderado
3.823,79.0,0.0,17.447933,Moderado
3.723,81.0,0.0,16.854767,Moderado
3.723,82.0,0.0,16.055353,Moderado
3.823,82.0,0.0,16.62249,Moderado
4.873,77.0,0.0,19.416653,Moderado
6.323,66.0,0.0,24.490587,Alto
7.9230003,58.0,0.0,25.562534,Alto
8.973,54.0,0.0,25.922499,Alto
9.672999,53.0,0.0,26.459389,Alto
10.123,58.0,0.0,27.609911,Alto
10.273,62.0,0.2,30.173496,Alto
10.922999,63.0,0.2,34.619946,Alto
11.573,61.0,0.2,37.916393,Alto
11.973,57.0,0.2,36.7588,Alto
11.323,64.0,0.4,37.226505,Alto
11.273,63.0,0.1,37.226505,Muy alto
10.523,68.0,0.3,35.452232,Alto
9.873,72.0,0.2,34.139313,Alto
9.823,72.0,0.1,34.51685,Alto
9.223,76.0,0.1,33.033802,Alto
9.073,78.0,0.1,31.559086,Alto
8.973,82.0,0.3,29.96662,Moderado
8.723,85.0,0.4,25.420181,Moderado
8.773,85.0,0.6,24.933735,Moderado
8.623,83.0,0.3,23.749088,Moderado
8.373,75.0,0.0,28.467329,Alto
8.023,74.0,0.0,27.534704,Alto
7.9230003,77.0,0.0,24.64094,Moderado
8.523,74.0,0.0,24.18707,Alto
9.773,71.0,0.0,32.335934,Alto
10.672999,66.0,0.0,31.63087,Alto
12.023,61.0,0.0,36.44722,Muy alto
13.223,57.0,0.0,35.346058,Muy alto
13.672999,52.0,0.0,36.361782,Muy alto
12.672999,55.0,0.0,37.330803,Muy alto
12.573,54.0,0.0,36.764088,Muy alto
13.922999,48.0,0.0,39.30435,Muy alto
14.023,46.0,0.0,43.893436,Muy alto
14.623,46.0,0.0,41.849903,Muy alto
13.873,48.0,0.0,41.66368,Muy alto
12.922999,51.0,0.0,39.254856,Muy alto
11.623,60.0,0.0,40.377815,Muy alto
10.523,61.0,0.0,40.456375,Muy alto
9.273,65.0,0.0,35.690872,Muy alto
8.672999,63.0,0.0,38.445908,Muy alto
8.373,66.0,0.0,36.17955,Muy alto
8.173,64.0,0.0,34.589985,Alto
8.173,66.0,0.0,37.10795,Muy alto
8.573,67.0,0.0,33.190357,Alto
8.573,68.0,0.0,32.76791,Alto
8.573,68.0,0.0,32.76198,Alto
8.573,71.0,0.0,29.660152,Alto
9.023,69.0,0.0,29.68636,Alto
9.973,67.0,0.0,31.722921,Alto
11.323,63.0,0.0,32.789658,Alto
11.973,63.0,0.0,36.735878,Muy alto
12.373,64.0,0.0,38.546906,Muy alto
12.223,66.0,0.0,38.535137,Muy alto
13.373,60.0,0.0,40.39867,Muy alto
13.323,60.0,0.0,37.550602,Muy alto
13.573,58.0,0.1,41.982853,Muy alto
13.323,62.0,0.1,43.583797,Muy alto
13.823,60.0,0.0,42.158443,Muy alto
13.473,59.0,0.0,41.425034,Muy alto
12.523,64.0,0.0,40.68637,Muy alto
11.273,70.0,0.0,40.018333,Muy alto
11.273,69.0,0.0,38.202427,Muy alto
10.573,71.0,0.0,37.44692,Muy alto
10.123,71.0,0.0,38.535137,Muy alto
10.073,73.0,0.0,35.64727,Alto
10.073,73.0,0.0,33.841915,Alto
10.073,73.0,0.0,33.857227,Alto
10.023,74.0,0.0,35.64727,Alto
9.823,74.0,0.0,33.87062,Alto
9.773,73.0,0.0,34.217045,Alto
9.573,74.0,0.0,31.731092,Alto
10.073,74.0,0.0,30.453527,Alto
10.823,70.0,0.0,32.561596,Alto
11.672999,63.0,0.0,38.16,Muy alto
12.573,57.0,0.0,38.939953,Muy alto
13.473,53.0,0.0,41.19759,Muy alto
14.223,48.0,0.0,40.991024,Muy alto
14.172999,51.0,0.0,40.908737,Muy alto
14.922999,47.0,0.0,39.4163,Muy alto
14.623,47.0,0.0,37.226505,Muy alto
14.873,46.0,0.0,36.516495,Muy alto
14.123,50.0,0.0,36.997772,Muy alto
14.123,49.0,0.0,35.39186,Muy alto
13.273,51.0,0.0,34.569374,Muy alto
12.223,56.0,0.0,31.845251,Alto
11.223,60.0,0.0,31.487139,Alto
9.873,68.0,0.0,28.449112,Alto
9.123,73.0,0.0,25.651104,Alto
8.773,75.0,0.0,25.099514,Alto
8.523,75.0,0.0,23.623243,Moderado
8.323,78.0,0.0,23.828083,Moderado
7.823,79.0,0.0,19.134262,Moderado
7.4230003,80.0,0.0,15.517629,Moderado
6.9729996,81.0,0.0,13.004921,Moderado
6.773,82.0,0.0,11.542478,Bajo
7.573,79.0,0.0,11.885453,Moderado
9.273,71.0,0.0,14.512064,Moderado
10.873,64.0,0.0,14.707222,Moderado
12.323,57.0,0.0,13.979872,Moderado
13.973,50.0,0.0,12.031756,Moderado
15.672999,43.0,0.0,6.9527545,Moderado
17.373001,37.0,0.0,1.5273507,Bajo
18.023,34.0,0.0,2.4149535,Moderado
18.173,32.0,0.0,5.3517847,Moderado
18.223001,32.0,0.0,9.220499,Moderado
16.773,38.0,0.0,19.862083,Alto
16.223,39.0,0.0,21.892027,Alto
15.773,40.0,0.0,22.545315,Alto
14.672999,44.0,0.0,20.746122,Alto
13.422999,48.0,0.0,18.075441,Moderado
11.623,58.0,0.0,14.565548,Moderado
10.422999,67.0,0.0,10.315115,Moderado
9.473,74.0,0.0,9.028754,Bajo
8.623,81.0,0.0,8.707238,Bajo
7.9230003,87.0,0.0,7.2359104,Bajo
7.2229996,91.0,0.0,6.2145634,Bajo
7.073,94.0,0.0,6.5693827,Bajo
7.023,95.0,0.0,5.8603754,Bajo
6.873,96.0,0.0,5.154415,Bajo
7.7229996,91.0,0.0,5.95906,Bajo
8.873,83.0,0.0,6.8399997,Bajo
9.773,77.0,0.0,7.628263,Bajo
11.573,68.0,0.0,7.289445,Bajo
13.573,60.0,0.0,8.404285,Moderado
15.823,51.0,0.0,7.5685663,Moderado
15.973,50.0,0.0,9.0645685,Moderado
16.723001,46.0,0.0,11.525623,Moderado
16.823,46.0,0.1,13.556282,Moderado
16.473001,50.0,0.1,13.493999,Moderado
16.623001,50.0,0.0,14.830076,Moderado
15.773,57.0,0.1,14.05845,Moderado
15.823,57.0,0.0,11.212135,Moderado
15.323,59.0,0.0,11.367109,Moderado
13.773,74.0,0.1,9.9571085,Moderado
12.672999,82.0,0.1,8.587338,Bajo
11.723,91.0,0.2,7.7043357,Bajo
11.172999,95.0,0.3,7.628263,Bajo
10.973,96.0,0.2,8.707238,Bajo
10.723,96.0,0.1,9.0645685,Bajo
10.823,95.0,0.2,9.3876505,Bajo
10.773,96.0,0.4,10.1376915,Bajo
10.723,96.0,1.0,11.304229,Bajo
10.623,96.0,1.9,12.7279215,Bajo
10.573,96.0,2.5,11.966953,Bajo
10.672999,95.0,2.2,12.57426,Bajo
11.073,95.0,0.4,13.450708,Bajo
11.373,94.0,0.3,14.587776,Bajo
11.723,93.0,0.7,15.937878,Bajo
12.373,91.0,0.7,17.533146,Bajo
12.973,89.0,0.7,18.792551,Bajo
13.573,87.0,0.6,19.652176,Bajo
14.623,80.0,0.0,20.880001,Moderado
14.672999,80.0,0.0,20.12461,Moderado
15.323,77.0,0.0,17.902534,Moderado
15.873,74.0,0.0,18.25026,Moderado
15.473,74.0,0.0,20.774214,Moderado
14.172999,80.0,0.0,21.120682,Moderado
14.023,84.0,0.0,21.758419,Moderado
12.922999,92.0,1.2,17.49615,Bajo
12.623,95.0,2.1,18.089775,Bajo
12.323,95.0,0.8,20.268991,Bajo
12.223,96.0,1.2,12.738099,Bajo
12.623,96.0,0.6,9.028754,Bajo
12.323,99.0,0.0,6.130579,Bajo
12.273,93.0,0.0,12.7279215,Bajo
11.723,85.0,0.0,18.72346,Moderado
11.073,86.0,0.6,14.154915,Bajo
10.823,87.0,0.2,3.2599385,Bajo
11.523,84.0,0.0,11.592894,Bajo
13.373,59.0,0.0,21.38897,Alto
13.873,52.0,0.0,24.448214,Alto
14.873,48.0,0.0,25.284714,Alto
15.422999,43.0,0.0,28.01531,Alto
15.973,39.0,0.1,29.162222,Alto
15.623,42.0,0.3,31.575506,Alto
15.873,42.0,0.1,34.614334,Muy alto
15.223,45.0,0.0,34.97192,Muy alto
14.623,48.0,0.1,32.241615,Muy alto
13.873,51.0,0.0,30.302078,Alto
12.973,54.0,0.1,30.652895,Alto
11.723,57.0,0.0,29.175552,Alto
10.773,60.0,0.0,26.459389,Alto
9.873,63.0,0.0,24.248613,Alto
9.123,66.0,0.0,22.59699,Alto
8.573,69.0,0.0,20.46941,Moderado
8.273,70.0,0.0,19.813087,Moderado
8.123,70.0,0.0,19.164717,Moderado
7.823,81.0,0.1,17.174677,Moderado
8.073,81.0,0.0,18.58451,Moderado
7.9729996,81.0,0.0,18.278645,Moderado
7.823,83.0,0.0,17.49615,Moderado
8.523,78.0,0.0,22.104116,Moderado
9.172999,75.0,0.1,27.162708,Alto
8.922999,75.0,0.3,25.630886,Moderado
8.873,79.0,1.3,27.748037,Moderado
9.323,76.0,1.5,30.009838,Moderado
10.073,71.0,0.9,34.07091,Alto
10.773,66.0,0.4,35.705395,Alto
11.172999,62.0,0.0,36.0072,Muy alto
12.823,56.0,0.0,37.883907,Muy alto
12.773,55.0,0.0,37.330803,Muy alto
12.873,54.0,0.0,35.63818,Muy alto
12.422999,56.0,0.0,33.55733,Muy alto
11.623,60.0,0.0,31.569351,Alto
10.773,63.0,0.0,30.811037,Alto
10.073,67.0,0.0,28.30983,Alto
9.223,71.0,0.0,26.009842,Alto
8.873,72.0,0.0,25.2924,Alto
8.573,74.0,0.0,24.546085,Alto
8.273,74.0,0.0,23.14103,Moderado
8.023,75.0,0.0,22.461807,Moderado
7.773,75.0,0.0,20.5484,Moderado
7.573,77.0,0.0,19.44,Moderado
7.623,78.0,0.0,18.72346,Moderado
7.873,78.0,0.0,19.443333,Moderado
8.672999,76.0,0.0,21.96295,Moderado
10.023,71.0,0.0,24.490587,Alto
11.422999,65.0,0.0,27.086262,Alto
12.773,58.0,0.0,28.30983,Alto
13.623,54.0,0.0,28.054604,Alto
14.373,49.0,0.0,26.987997,Alto
14.523,46.0,0.0,28.467329,Alto
14.573,45.0,0.0,27.416782,Alto
15.672999,38.0,0.0,26.124195,Alto
15.873,41.0,0.0,22.608458,Alto
15.973,42.0,0.0,21.288757,Alto
15.623,44.0,0.0,21.485697,Alto
14.623,50.0,0.0,17.873554,Moderado
13.723,56.0,0.0,13.891522,Moderado
13.422999,60.0,0.0,10.00256,Moderado
12.573,67.0,0.0,4.8433046,Bajo
11.873,72.0,0.0,4.73506,Bajo
11.723,73.0,0.0,6.489992,Bajo
11.623,74.0,0.0,7.5942073,Bajo
11.873,72.0,0.0,6.638072,Bajo
11.273,78.0,0.1,3.0758414,Bajo
10.873,81.0,0.1,3.6179552,Bajo
10.123,86.0,0.0,4.379589,Bajo
10.073,86.0,0.0,5.154415,Bajo
10.172999,87.0,0.5,6.4096174,Bajo
10.422999,87.0,0.3,7.628263,Bajo
10.873,88.0,0.3,7.24486,Bajo
11.773,86.0,0.0,7.9526596,Bajo
14.223,76.0,0.0,6.12,Bajo
15.873,67.0,0.0,12.313894,Moderado
18.373001,56.0,0.0,18.844202,Moderado
19.173,49.0,0.0,25.567604,Alto
19.973001,46.0,0.0,23.023117,Alto
19.273,47.0,0.0,23.110205,Alto
18.023,49.0,0.0,22.45315,Alto
16.723001,56.0,0.0,18.0036,Moderado
15.172999,62.0,0.1,16.79314,Moderado
13.273,75.0,0.4,15.39184,Bajo
12.223,86.0,1.0,11.177405,Bajo
11.623,90.0,0.8,12.313893,Bajo
11.223,77.0,0.1,18.359999,Moderado
10.422999,74.0,0.0,21.746504,Moderado
9.623,72.0,0.0,24.905132,Alto
8.723,73.0,0.0,24.693481,Alto
7.773,72.0,0.0,19.813087,Moderado
6.823,75.0,0.0,17.015474,Moderado
5.9729996,81.0,0.0,12.496719,Moderado
5.123,85.0,0.0,11.269782,Bajo
5.6730003,83.0,0.0,10.464797,Bajo
7.4729996,77.0,0.0,12.10157,Moderado
8.973,69.0,0.0,23.051247,Moderado
9.523,65.0,0.0,23.749088,Alto
9.873,66.0,0.0,23.469128,Alto
11.323,58.0,0.1,25.501621,Alto
12.073,60.0,0.1,28.277763,Alto
12.473,58.0,0.3,31.353085,Alto
13.073,54.0,0.1,33.88019,Muy alto
12.873,54.0,0.3,33.97187,Alto
12.273,54.0,0.3,32.998474,Alto
12.123,50.0,0.0,33.887836,Muy alto
11.422999,49.0,0.0,32.791634,Muy alto
10.623,52.0,0.0,30.978832,Alto
9.672999,53.0,0.0,30.239998,Alto
8.473,59.0,0.0,26.319422,Alto
7.823,63.0,0.0,22.380884,Alto
7.273,67.0,0.0,19.137648,Moderado
6.873,76.0,0.0,15.778518,Moderado
7.273,80.0,0.0,18.671474,Moderado
8.023,77.0,0.0,22.065973,Moderado
8.273,79.0,0.0,24.640942,Moderado
8.323,78.0,0.0,23.598541,Moderado
8.473,77.0,0.1,23.452555,Moderado
8.523,78.0,0.5,21.313093,Moderado
8.723,82.0,0.7,19.161337,Bajo
10.373,74.0,0.2,27.219902,Moderado
11.023,69.0,0.2,33.532215,Alto
11.922999,66.0,0.0,30.911821,Alto
12.023,66.0,0.1,31.65135,Alto
12.023,68.0,0.3,26.405453,Moderado
11.672999,71.0,0.5,26.407907,Moderado
13.773,62.0,0.7,30.154163,Alto
13.073,68.0,0.4,29.5551,Moderado
13.023,69.0,0.5,31.826931,Alto
12.523,74.0,0.7,23.277834,Moderado
12.223,78.0,0.9,19.164717,Moderado
12.073,80.0,0.5,18.678415,Bajo
12.922999,69.0,0.5,19.201874,Moderado
13.623,68.0,0.3,24.75638,Moderado
13.873,72.0,0.0,29.46287,Alto
13.523,76.0,0.1,29.88217,Alto
12.973,79.0,0.0,25.952478,Alto
12.672999,78.0,0.0,26.420174,Alto
12.273,68.0,0.0,27.402597,Alto
11.473,67.0,0.0,26.168804,Alto
10.873,64.0,0.0,25.6233,Alto
9.823,62.0,0.0,24.216522,Alto
9.422999,61.0,0.0,21.602999,Moderado
9.873,58.0,0.0,22.33161,Alto
12.223,53.0,0.0,22.7057,Alto
12.523,52.0,0.0,22.366402,Alto
13.123,52.0,0.0,20.898611,Alto
12.873,54.0,0.2,21.629978,Moderado
11.473,61.0,0.6,21.068459,Moderado
11.823,63.0,0.4,18.998314,Moderado
11.422999,69.0,0.1,16.23596,Moderado
11.973,68.0,0.2,13.441071,Bajo
12.273,68.0,0.0,12.074766,Moderado
12.623,68.0,0.0,13.049689,Moderado
12.473,69.0,0.0,10.787993,Moderado
12.223,71.0,0.0,9.085988,Bajo
11.473,77.0,0.0,4.73506,Bajo
11.323,82.0,0.0,0.8049845,Bajo
11.073,83.0,0.0,4.198285,Bajo
10.873,87.0,0.1,5.7599998,Bajo
10.723,92.0,0.6,6.162207,Bajo
10.723,94.0,0.3,6.5693827,Bajo
10.823,97.0,0.6,6.638072,Bajo
10.973,97.0,1.7,6.924738,Bajo
11.373,97.0,0.3,6.519877,Bajo
12.223,93.0,0.2,5.904439,Bajo
13.922999,82.0,0.0,12.641076,Moderado
14.823,75.0,0.0,20.371038,Moderado
15.723,69.0,0.0,21.175837,Moderado
16.423,61.0,0.0,26.044699,Alto
17.423,41.0,0.0,35.870163,Muy alto
16.623001,43.0,0.0,36.862663,Muy alto
16.223,43.0,0.0,36.408085,Muy alto
16.223,43.0,0.0,36.834526,Muy alto
16.823,38.0,0.0,43.17149,Muy alto
15.723,42.0,0.0,38.948273,Muy alto
14.373,43.0,0.0,38.16679,Muy alto
13.223,47.0,0.0,35.1862,Muy alto
12.373,51.0,0.0,30.735231,Alto
11.773,55.0,0.0,26.282465,Alto
10.973,57.0,0.0,28.496904,Alto
9.922999,60.0,0.0,25.56,Alto
9.073,65.0,0.0,23.110207,Alto
8.373,69.0,0.0,21.67487,Moderado
7.873,72.0,0.0,19.852295,Moderado
7.4729996,76.0,0.0,17.654688,Moderado
6.6730003,80.0,0.0,14.494192,Moderado
6.2229996,83.0,0.0,13.1041975,Moderado
5.4729996,88.0,0.0,12.313893,Bajo
5.323,88.0,0.0,12.303366,Bajo
5.773,85.0,0.0,12.7279215,Moderado
7.9230003,73.0,0.0,16.746773,Moderado
10.172999,64.0,0.0,19.602652,Moderado
11.723,53.0,0.0,23.0653,Alto
12.873,46.0,0.0,24.162945,Alto
13.422999,44.0,0.0,25.562534,Alto
14.123,43.0,0.0,26.478973,Alto
13.823,45.0,0.1,28.19285,Alto
13.823,48.0,0.1,27.381308,Alto
14.223,47.0,0.1,29.179993,Alto
14.223,47.0,0.0,27.362366,Alto
13.473,52.0,0.0,27.359999,Alto
13.223,52.0,0.0,24.967499,Alto
12.823,52.0,0.0,22.101183,Alto
11.922999,58.0,0.0,17.727943,Moderado
10.573,69.0,0.0,14.4,Moderado
9.922999,75.0,0.1,15.03835,Moderado
10.023,76.0,0.1,17.654688,Moderado
10.323,75.0,0.2,19.61587,Moderado
10.223,76.0,0.5,19.406637,Moderado
10.223,69.0,0.5,20.188908,Moderado
10.023,72.0,0.5,20.12461,Moderado
9.823,73.0,0.5,20.111729,Moderado
9.473,78.0,0.6,20.111729,Moderado
9.473,78.0,0.3,19.61587,Moderado
9.773,80.0,0.3,20.421871,Moderado
11.223,71.0,0.4,19.95972,Moderado
12.123,68.0,0.1,21.533897,Moderado
13.723,57.0,0.0,24.248611,Alto
14.073,54.0,0.0,28.082308,Alto
12.623,67.0,0.2,27.492311,Moderado
12.873,64.0,0.4,25.277023,Moderado
14.523,54.0,0.3,25.376808,Moderado
14.323,56.0,0.2,28.296091,Alto
13.573,64.0,0.4,23.664352,Moderado
13.273,65.0,0.2,22.73707,Moderado
12.672999,69.0,0.3,20.431387,Moderado
11.973,73.0,0.3,17.106628,Bajo
12.123,71.0,0.4,8.161764,Bajo
11.323,79.0,0.6,4.8965297,Bajo
10.823,82.0,0.6,4.379589,Bajo
10.422999,85.0,0.4,3.2599385,Bajo
10.273,85.0,0.1,2.5455842,Bajo
9.623,88.0,0.0,2.2768397,Bajo
8.623,90.0,0.0,1.2979984,Bajo
8.273,91.0,0.0,2.5455842,Bajo
8.123,90.0,0.0,5.1919937,Bajo
7.873,91.0,0.1,5.3517847,Bajo
8.273,90.0,0.5,5.5887027,Bajo
9.223,85.0,0.0,10.390226,Bajo
10.323,77.0,0.0,15.745627,Moderado
11.223,68.0,0.0,18.72346,Moderado
12.123,61.0,0.0,19.416653,Moderado
12.573,56.0,0.1,19.809813,Moderado
13.523,51.0,0.1,20.65848,Alto
14.023,49.0,0.2,21.603,Moderado
13.973,47.0,0.1,25.282152,Alto
13.623,48.0,0.2,25.071098,Moderado
13.373,47.0,0.1,25.809765,Alto
12.823,48.0,0.0,26.474077,Alto
12.323,48.0,0.0,26.944744,Alto
11.422999,50.0,0.0,25.40743,Alto
10.323,57.0,0.0,22.768398,Alto
8.922999,65.0,0.0,20.523157,Moderado
8.073,68.0,0.0,18.709612,Moderado
7.273,71.0,0.0,16.65754,Moderado
6.523,75.0,0.0,14.77755,Moderado
5.823,79.0,0.0,14.471821,Moderado
5.4230003,83.0,0.0,13.849476,Moderado
5.823,84.0,0.0,15.629972,Moderado
6.1730003,76.0,0.0,20.163212,Moderado
5.9729996,71.0,0.0,24.251284,Alto
5.6730003,67.0,0.0,24.967499,Alto
6.1730003,63.0,0.0,26.437336,Alto
7.4230003,57.0,0.0,27.551172,Alto
8.922999,48.0,0.0,27.943514,Alto
9.973,43.0,0.0,28.916763,Alto
10.773,37.0,0.0,28.551426,Alto
11.223,34.0,0.0,27.047956,Alto
11.573,32.0,0.0,26.576681,Alto
11.823,34.0,0.0,27.36947,Alto
11.773,35.0,0.0,27.532352,Alto
11.573,37.0,0.0,26.727423,Alto
11.073,38.0,0.0,25.277025,Alto
10.373,40.0,0.0,23.358425,Alto
9.573,43.0,0.0,21.659916,Alto
8.273,49.0,0.0,22.805367,Alto
7.023,58.0,0.0,20.211363,Moderado
6.123,69.0,0.0,20.211363,Moderado
5.4230003,74.0,0.0,20.364674,Moderado
5.023,76.0,0.0,20.06334,Moderado
4.9230003,76.0,0.0,20.478907,Moderado
4.9230003,76.0,0.0,19.06301,Moderado
4.9230003,77.0,0.0,18.079027,Moderado
4.873,77.0,0.0,16.279802,Moderado
4.823,80.0,0.0,15.175612,Moderado
5.373,77.0,0.0,15.94601,Moderado
7.023,68.0,0.0,19.33639,Moderado
8.523,61.0,0.0,26.867676,Alto
9.073,59.0,0.0,28.901073,Alto
9.723,57.0,0.0,29.601109,Alto
10.823,52.0,0.1,31.845247,Alto
11.422999,50.0,0.2,31.1374,Alto
11.922999,48.0,0.0,31.667723,Muy alto
12.573,50.0,0.0,30.0767,Alto
12.373,53.0,0.5,29.871325,Alto
12.172999,58.0,0.2,28.901073,Alto
11.823,60.0,0.1,28.551426,Alto
11.123,65.0,0.1,26.282465,Alto
10.723,66.0,0.0,23.749088,Alto
10.172999,70.0,0.0,23.051247,Moderado
9.473,72.0,0.0,19.809813,Moderado
9.023,73.0,0.0,18.388212,Moderado
8.523,75.0,0.0,16.179987,Moderado
7.9729996,80.0,0.0,15.124284,Moderado
7.623,84.0,0.0,15.072783,Moderado
7.023,84.0,0.0,13.18308,Moderado
6.7229996,82.0,0.0,12.682018,Moderado
6.1730003,84.0,0.0,10.514218,Bajo
5.873,85.0,0.0,9.504272,Bajo
6.323,81.0,0.0,9.673221,Bajo
7.7229996,75.0,0.0,10.630672,Moderado
9.823,68.0,0.0,13.527572,Moderado
10.922999,63.0,0.0,20.111729,Moderado
11.473,62.0,0.1,19.681828,Moderado
12.723,57.0,0.1,19.406637,Moderado
13.672999,50.0,0.1,21.710716,Alto
13.922999,48.0,0.1,22.366402,Alto
14.723,43.0,0.0,21.794127,Alto
14.672999,43.0,0.0,20.316889,Alto
14.823,42.0,0.1,19.803272,Alto
14.223,45.0,0.0,18.03237,Moderado
14.023,46.0,0.0,14.512064,Moderado
13.473,49.0,0.0,9.83268,Moderado
12.623,52.0,0.0,6.193674,Moderado
11.473,61.0,0.0,2.16,Bajo
10.573,65.0,0.1,3.6,Bajo
9.723,74.0,0.1,1.9386592,Bajo
9.373,76.0,0.1,3.6,Bajo
8.323,83.0,0.1,3.671294,Bajo
7.7229996,85.0,0.1,3.2599385,Bajo
7.2229996,87.0,0.0,1.835647,Bajo
7.1730003,87.0,0.0,3.396233,Bajo
7.123,88.0,0.0,4.3498964,Bajo
7.4230003,87.0,0.2,5.1544156,Bajo
8.373,86.0,0.3,6.6185193,Bajo
9.823,78.0,0.0,14.154915,Moderado
10.773,68.0,0.0,21.068459,Moderado
10.922999,71.0,0.2,18.947083,Moderado
12.073,61.0,0.0,23.233253,Alto
11.172999,65.0,0.1,24.216522,Alto
10.573,61.0,0.0,28.820242,Alto
11.573,52.0,0.0,33.231335,Muy alto
10.823,49.0,0.0,35.455887,Muy alto
10.723,40.0,0.0,34.50746,Muy alto
10.223,39.0,0.0,31.624725,Muy alto
9.422999,41.0,0.0,28.61264,Alto
8.422999,46.0,0.0,24.36325,Alto
7.773,53.0,0.0,21.129885,Alto
6.523,62.0,0.0,15.517629,Moderado
5.4729996,69.0,0.0,12.641076,Moderado
4.573,74.0,0.0,12.074766,Moderado
4.273,81.0,0.0,13.684735,Moderado
4.4729996,87.0,0.0,17.992796,Moderado
4.573,82.0,0.0,20.364674,Moderado
4.6730003,78.0,0.0,23.084955,Moderado
4.623,75.0,0.0,23.40277,Moderado
4.4230003,76.0,0.0,21.96,Moderado
4.4729996,75.0,0.0,19.881649,Moderado
5.573,70.0,0.0,21.542923,Moderado
7.623,63.0,0.0,25.199999,Alto
9.223,52.0,0.0,24.923338,Alto
10.273,46.0,0.0,24.1388,Alto
11.123,42.0,0.0,23.34455,Alto
11.873,38.0,0.0,22.66857,Alto
12.573,36.0,0.0,21.175835,Alto
13.273,35.0,0.0,20.380579,Alto
13.422999,35.0,0.0,18.161278,Alto
13.172999,35.0,0.0,17.106628,Alto
12.773,37.0,0.0,15.111424,Moderado
12.523,39.0,0.0,12.661564,Moderado
12.123,41.0,0.0,10.483357,Moderado
10.422999,44.0,0.0,7.2,Moderado
8.223,55.0,0.0,4.8965297,Bajo
6.9729996,63.0,0.0,4.6938257,Bajo
6.4230003,69.0,0.0,4.0249224,Bajo
5.9230003,74.0,0.0,3.2399998,Bajo
5.4230003,77.0,0.0,3.671294,Bajo
4.4230003,81.0,0.0,4.452954,Bajo
3.823,82.0,0.0,5.1544156,Bajo
3.423,83.0,0.0,5.8603754,Bajo
3.123,85.0,0.0,6.725354,Bajo
3.523,84.0,0.0,7.5170207,Bajo
6.4729996,72.0,0.0,11.726277,Moderado
9.073,65.0,0.0,18.59845,Moderado
10.422999,54.0,0.0,25.210283,Alto
11.422999,50.0,0.0,26.661882,Alto
11.623,50.0,0.1,27.729347,Alto
11.873,54.0,0.2,27.952787,Moderado
12.473,53.0,0.3,27.834309,Alto
12.773,52.0,0.4,26.319422,Moderado
12.973,49.0,0.1,26.67889,Alto
12.723,50.0,0.2,25.651104,Moderado
11.973,53.0,0.0,25.651104,Alto
11.323,56.0,0.0,24.162945,Alto
10.573,58.0,0.0,22.7057,Alto
9.422999,63.0,0.0,22.065973,Alto
8.573,69.0,0.0,19.06301,Moderado
7.9729996,72.0,0.0,17.114204,Moderado
7.523,74.0,0.0,16.62249,Moderado
7.1730003,77.0,0.0,16.981165,Moderado
6.873,80.0,0.0,17.654688,Moderado
6.7229996,80.0,0.0,18.214718,Moderado
6.7229996,80.0,0.0,18.1041,Moderado
6.7229996,80.0,0.0,17.76081,Moderado
6.573,80.0,0.0,17.654688,Moderado
6.7229996,79.0,0.0,17.992796,Moderado
7.773,75.0,0.0,20.176065,Moderado
9.223,67.0,0.0,23.110207,Alto
10.323,60.0,0.0,23.78453,Alto
10.873,56.0,0.0,23.762726,Alto
11.623,52.0,0.1,24.482647,Alto
12.123,54.0,0.2,23.219301,Moderado
12.422999,54.0,0.4,22.380884,Moderado
13.172999,53.0,0.3,22.253124,Moderado
13.223,54.0,0.4,21.485697,Moderado
13.023,55.0,0.2,20.06334,Moderado
12.873,55.0,0.1,18.584509,Moderado
12.773,54.0,0.0,17.015474,Moderado
12.223,56.0,0.0,14.081478,Moderado
11.023,61.0,0.0,9.3669195,Moderado
9.023,72.0,0.0,4.3349743,Bajo
8.323,76.0,0.0,2.4149535,Bajo
8.323,77.0,0.0,1.484318,Bajo
8.123,80.0,0.3,1.835647,Bajo
7.823,84.0,0.2,3.0547013,Bajo
7.023,89.0,0.1,2.8116899,Bajo
6.9729996,89.0,0.0,3.4152596,Bajo
6.6730003,91.0,0.0,4.6800003,Bajo
6.323,89.0,0.0,5.815978,Bajo
6.073,85.0,0.0,8.209263,Bajo
7.1730003,76.0,0.0,14.081478,Moderado
8.223,69.0,0.0,17.727943,Moderado
8.973,59.0,0.0,19.296133,Moderado
10.773,51.0,0.0,23.34455,Alto
11.623,48.0,0.0,25.161398,Alto
12.223,46.0,0.0,26.250393,Alto
12.573,45.0,0.1,27.86921,Alto
12.273,45.0,0.0,28.82249,Alto
12.073,43.0,0.0,29.827904,Alto
11.473,43.0,0.0,30.319181,Alto
10.672999,45.0,0.0,29.627365,Alto
9.773,48.0,0.0,28.01531,Alto
8.623,52.0,0.0,26.903828,Alto
7.323,57.0,0.0,26.00486,Alto
6.4729996,59.0,0.0,23.565567,Alto
5.9230003,61.0,0.0,22.66857,Alto
5.4230003,62.0,0.0,21.933426,Moderado
5.023,61.0,0.0,20.393293,Moderado
4.573,61.0,0.0,19.694992,Moderado
4.223,64.0,0.0,20.275385,Moderado
3.973,64.0,0.0,19.694992,Moderado
3.723,64.0,0.0,18.455048,Moderado
3.323,63.0,0.0,16.854767,Moderado
3.173,62.0,0.0,15.978486,Moderado
4.623,57.0,0.0,18.947083,Moderado
6.523,47.0,0.0,24.149532,Alto
7.6730003,41.0,0.0,24.149532,Alto
8.273,41.0,0.0,23.03156,Alto
9.023,42.0,0.0,22.59699,Alto
9.623,40.0,0.0,24.344624,Alto
10.023,40.0,0.0,25.6233,Alto
10.172999,45.0,0.0,28.348713,Alto
9.922999,47.0,0.0,28.079998,Alto
9.573,47.0,0.0,27.381308,Alto
8.973,50.0,0.0,24.819122,Alto
8.823,52.0,0.0,22.26477,Alto
8.573,56.0,0.0,18.792551,Moderado
7.9230003,62.0,0.0,15.827721,Moderado
7.123,69.0,0.0,10.8955765,Moderado
6.4230003,77.0,0.0,9.3669195,Bajo
6.023,85.0,0.0,9.47012,Bajo
5.4729996,89.0,0.0,8.669949,Bajo
5.4729996,89.0,0.0,8.647496,Bajo
5.823,90.0,0.0,8.669949,Bajo
5.873,93.0,0.0,9.007196,Bajo
6.6730003,93.0,0.0,9.605998,Bajo
7.023,92.0,0.0,10.853866,Bajo
7.073,89.0,0.0,11.885453,Bajo
8.573,81.0,0.0,15.4800005,Moderado
10.922999,67.0,0.0,17.414476,Moderado
12.273,58.0,0.0,21.41319,Alto
13.223,53.0,0.0,23.990698,Alto
13.523,52.0,0.0,24.633049,Alto
14.023,51.0,0.0,26.339111,Alto
13.823,52.0,0.0,27.219902,Alto
14.823,50.0,0.0,28.745949,Alto
14.273,50.0,0.0,28.220417,Alto
13.922999,51.0,0.0,28.696312,Alto
13.623,53.0,0.0,29.427658,Alto
12.823,60.0,0.0,29.17777,Alto
11.873,66.0,0.0,28.266306,Alto
11.073,70.0,0.0,28.137634,Alto
10.073,76.0,0.0,26.649727,Alto
9.723,80.0,0.0,27.419146,Alto
9.773,81.0,0.0,29.660152,Alto
9.623,77.0,0.0,34.217045,Alto
8.973,77.0,0.0,34.57687,Alto
8.672999,76.0,0.0,36.719997,Alto
8.623,78.0,0.0,34.207577,Alto
8.573,80.0,0.0,33.127823,Alto
8.873,79.0,0.0,32.039997,Alto
9.073,79.0,0.0,31.712711,Alto
9.973,76.0,0.0,31.353085,Alto
11.273,70.0,0.0,33.151287,Alto
12.672999,64.0,0.0,36.361782,Muy alto
13.823,58.0,0.0,37.10795,Muy alto
14.223,56.0,0.0,39.834938,Muy alto
14.672999,53.0,0.0,40.276585,Muy alto
15.023,51.0,0.0,40.186382,Muy alto
15.523,49.0,0.0,40.883385,Muy alto
15.073,49.0,0.0,39.29116,Muy alto
14.473,50.0,0.0,37.690125,Muy alto
14.023,50.0,0.0,35.632725,Muy alto
12.973,54.0,0.0,37.003025,Muy alto
11.473,57.0,0.0,35.06999,Muy alto
10.422999,57.0,0.0,31.786186,Alto
9.273,58.0,0.0,31.869658,Alto
8.223,62.0,0.0,28.174456,Alto
7.623,62.0,0.0,25.6233,Alto
7.1730003,71.0,0.0,23.051247,Moderado
6.873,71.0,0.0,21.434364,Moderado
7.023,73.0,0.0,22.101183,Moderado
7.073,81.0,0.0,23.023119,Moderado
7.573,77.0,0.0,24.144165,Moderado
7.623,78.0,0.0,25.223133,Alto
7.7229996,77.0,0.0,24.187069,Moderado
8.773,74.0,0.0,27.74103,Alto
10.273,65.0,0.0,30.259275,Alto
11.172999,61.0,0.0,33.908863,Alto
12.123,56.0,0.0,36.832767,Muy alto
12.523,53.0,0.0,38.548588,Muy alto
12.523,51.0,0.0,41.022625,Muy alto
12.373,54.0,0.0,39.834938,Muy alto
13.773,51.0,0.0,38.939953,Muy alto
13.922999,52.0,0.0,38.65602,Muy alto
13.473,54.0,0.0,39.966484,Muy alto
12.523,59.0,0.0,39.014767,Muy alto
11.523,64.0,0.0,37.612675,Muy alto
10.623,70.0,0.0,35.68542,Muy alto
10.073,74.0,0.0,39.6,Muy alto
9.723,76.0,0.0,38.519997,Muy alto
9.473,77.0,0.0,38.52168,Muy alto
9.323,79.0,0.0,37.095722,Alto
9.172999,78.0,0.0,38.16679,Muy alto
9.073,76.0,0.0,40.75798,Muy alto
9.023,73.0,0.0,43.223995,Muy alto
8.623,74.0,0.0,42.5044,Muy alto
8.223,75.0,0.0,39.966484,Muy alto
7.9230003,76.0,0.0,37.08699,Muy alto
7.573,74.0,0.0,34.247337,Alto
8.323,68.0,0.0,34.606842,Alto
9.623,60.0,0.0,38.681152,Muy alto
10.623,52.0,0.0,39.777966,Muy alto
11.523,48.0,0.0,39.44424,Muy alto
12.223,44.0,0.0,37.24043,Muy alto
12.723,41.0,0.0,36.17955,Muy alto
12.922999,39.0,0.0,35.632725,Muy alto
13.023,37.0,0.0,37.52471,Muy alto
12.623,38.0,0.0,37.35683,Muy alto
12.073,40.0,0.0,36.386723,Muy alto
11.373,42.0,0.0,34.614334,Muy alto
10.373,45.0,0.0,33.043606,Muy alto
8.922999,51.0,0.0,32.427986,Muy alto
7.373,52.0,0.0,30.758411,Alto
6.373,56.0,0.0,27.345785,Alto
5.9230003,60.0,0.0,25.582806,Alto
5.573,65.0,0.0,23.584808,Alto
5.123,69.0,0.0,21.605999,Moderado
4.7229996,69.0,0.0,21.434364,Moderado
4.323,75.0,0.0,21.67487,Moderado
4.023,78.0,0.0,20.633371,Moderado
3.973,77.0,0.0,19.443333,Moderado
3.723,76.0,0.0,16.919998,Moderado
3.373,77.0,0.0,15.124284,Moderado
4.9230003,68.0,0.0,15.941944,Moderado
6.823,60.0,0.0,27.06472,Alto
7.9729996,52.0,0.0,25.537172,Alto
8.922999,47.0,0.1,24.985659,Alto
9.922999,41.0,0.1,25.071098,Alto
10.723,37.0,0.1,24.884306,Alto
11.422999,33.0,0.0,25.068514,Alto
11.672999,31.0,0.0,26.208395,Alto
11.672999,31.0,0.0,26.111792,Alto
11.373,31.0,0.0,25.764534,Alto
10.773,32.0,0.0,24.033876,Alto
10.023,33.0,0.0,21.175835,Alto
9.073,36.0,0.0,17.992796,Alto
7.4230003,43.0,0.0,11.885453,Moderado
5.523,53.0,0.0,6.9247384,Moderado
4.1730003,64.0,0.0,6.87779,Bajo
3.223,70.0,0.0,6.5693827,Bajo
2.423,74.0,0.0,5.95906,Bajo
1.523,79.0,0.0,5.991594,Bajo
0.573,85.0,0.0,6.696387,Bajo
0.17300001,86.0,0.0,7.491114,Bajo
0.122999996,88.0,0.0,8.39657,Bajo
0.323,90.0,0.0,8.217153,Bajo
0.723,90.0,0.0,8.0899935,Bajo
2.723,80.0,0.0,9.659814,Bajo
4.623,76.0,0.0,14.48972,Moderado
6.2229996,73.0,0.0,17.709658,Moderado
7.123,73.0,0.1,21.461555,Moderado
7.4230003,74.0,0.3,23.068108,Moderado
7.873,76.0,0.2,23.210928,Moderado
7.9729996,82.0,0.6,23.933907,Moderado
8.773,83.0,0.3,25.071096,Moderado
9.273,81.0,0.1,27.402597,Alto
10.172999,79.0,0.0,26.882141,Alto
10.623,81.0,0.0,25.922499,Alto
11.123,82.0,0.0,25.984917,Alto
11.123,84.0,0.0,25.49908,Moderado
10.723,90.0,0.0,21.758419,Moderado
10.723,91.0,0.0,21.313093,Moderado
10.823,91.0,0.1,22.450264,Moderado
11.023,89.0,0.0,24.288662,Moderado
11.273,84.0,0.0,25.922499,Alto
10.773,80.0,0.0,31.37168,Alto
10.422999,79.0,0.0,37.16553,Alto
10.273,80.0,0.0,33.87062,Alto
10.073,82.0,0.0,31.712711,Alto
10.323,81.0,0.0,32.777798,Alto
10.422999,81.0,0.0,33.857227,Alto
10.873,79.0,0.0,34.247337,Alto
12.223,70.0,0.0,29.957968,Alto
13.172999,66.0,0.0,34.162083,Alto
13.672999,65.0,0.0,37.017033,Muy alto
14.473,61.0,0.0,36.145508,Muy alto
14.623,62.0,0.0,35.64727,Muy alto
15.023,60.0,0.0,34.936695,Muy alto
15.773,53.0,0.0,32.47192,Muy alto
15.773,49.0,0.0,29.888672,Alto
15.073,49.0,0.0,29.784426,Alto
13.973,51.0,0.0,27.908709,Alto
12.723,53.0,0.0,25.264202,Alto
11.922999,59.0,0.0,16.93531,Moderado
11.523,60.0,0.0,11.770403,Moderado
11.123,62.0,0.0,10.144082,Moderado
11.073,69.0,0.3,11.013882,Bajo
11.422999,85.0,0.8,19.813087,Moderado
12.273,86.0,0.4,26.31942,Moderado
12.623,86.0,0.8,29.546328,Moderado
13.323,78.0,1.9,39.268063,Alto
12.922999,80.0,0.1,40.915073,Muy alto
11.323,68.0,0.1,49.341015,Muy alto
9.123,60.0,0.0,47.94627,Muy alto
7.773,59.0,0.0,45.770992,Muy alto
7.573,56.0,0.0,43.9436,Muy alto
9.273,51.0,0.0,52.96406,Extremo
9.823,46.0,0.0,57.461452,Extremo
10.873,42.0,0.0,56.66656,Extremo
11.473,42.0,0.0,54.170128,Extremo
11.922999,40.0,0.0,52.441505,Extremo
12.073,39.0,0.0,50.365273,Extremo
12.623,37.0,0.0,50.412853,Extremo
12.123,40.0,0.0,48.316505,Extremo
11.973,40.0,0.0,45.680298,Extremo
11.473,41.0,0.0,41.947342,Muy alto
10.523,45.0,0.0,38.526726,Muy alto
9.672999,50.0,0.0,33.636406,Muy alto
9.172999,53.0,0.0,27.607563,Alto
8.473,59.0,0.0,26.072052,Alto
7.773,67.0,0.0,24.967499,Alto
7.573,69.0,0.0,25.14852,Alto
7.523,70.0,0.0,27.416782,Alto
7.373,72.0,0.0,26.208395,Alto
7.073,71.0,0.0,20.447239,Moderado
6.9729996,72.0,0.0,20.46941,Moderado
6.9729996,69.0,0.0,20.771093,Moderado
7.373,67.0,0.0,23.510508,Alto
7.573,67.0,0.0,24.795612,Alto
8.173,65.0,0.0,24.967497,Alto
10.023,57.0,0.0,20.991426,Alto
11.273,51.0,0.0,24.967497,Alto
12.373,46.0,0.0,27.06472,Alto
12.773,43.0,0.0,28.220419,Alto
13.323,41.0,0.0,30.7542,Muy alto
13.023,42.0,0.0,33.34035,Muy alto
14.473,37.0,0.0,31.235058,Muy alto
13.523,41.0,0.1,30.449274,Muy alto
13.672999,42.0,0.0,27.698954,Alto
14.023,40.0,0.0,28.220419,Alto
13.473,43.0,0.0,23.773632,Alto
12.573,47.0,0.0,20.316889,Alto
11.873,51.0,0.0,13.202726,Moderado
10.473,58.0,0.0,8.404285,Moderado
9.223,63.0,0.0,6.763786,Bajo
8.073,68.0,0.0,7.208994,Bajo
8.023,68.0,0.0,6.489992,Bajo
8.173,70.0,0.1,7.42159,Bajo
8.723,76.0,0.2,8.373386,Bajo
8.672999,79.0,0.6,8.714677,Bajo
8.523,79.0,0.1,7.491114,Bajo
7.823,83.0,0.1,5.3517847,Bajo
7.123,87.0,0.0,5.6233797,Bajo
7.873,83.0,0.0,6.4096174,Bajo
11.073,69.0,0.0,9.83268,Moderado
13.023,56.0,0.0,23.664352,Alto
13.323,54.0,0.0,24.162947,Alto
14.473,49.0,0.0,28.185955,Alto
14.373,50.0,0.0,28.961546,Alto
14.273,51.0,0.0,28.019936,Alto
15.422999,48.0,0.0,29.01966,Alto
14.573,55.0,0.2,29.09103,Alto
14.623,56.0,0.3,23.1774,Moderado
14.172999,60.0,0.5,19.174856,Moderado
12.773,71.0,1.0,14.021525,Bajo
11.973,78.0,0.9,9.605998,Bajo
11.523,80.0,0.8,8.587338,Bajo
11.273,80.0,0.5,10.1887,Bajo
11.123,80.0,0.8,11.013882,Bajo
11.323,79.0,1.0,10.636766,Bajo
11.422999,80.0,0.4,12.538134,Bajo
11.123,81.0,1.8,14.973577,Bajo
11.073,78.0,0.3,15.03835,Bajo
10.922999,74.0,0.0,21.767351,Moderado
10.123,73.0,0.0,20.929594,Moderado
9.323,80.0,0.3,19.486609,Moderado
8.973,79.0,0.1,18.671474,Moderado
9.023,75.0,0.0,19.469975,Moderado
10.023,61.0,0.0,24.149532,Alto
10.422999,53.0,0.0,26.168804,Alto
11.422999,47.0,0.0,26.168804,Alto
12.172999,42.0,0.0,26.476522,Alto
12.672999,39.0,0.0,28.58545,Alto
13.273,37.0,0.0,28.236486,Alto
14.023,37.0,0.1,30.173496,Muy alto
13.523,40.0,0.2,29.035288,Alto
12.773,45.0,0.2,27.103,Alto
11.723,51.0,0.1,24.590923,Alto
10.573,59.0,0.2,19.721298,Moderado
9.823,66.0,0.2,17.414474,Moderado
9.723,66.0,0.1,14.799459,Moderado
9.172999,73.0,0.4,15.192682,Bajo
9.073,72.0,0.4,17.49615,Moderado
9.073,73.0,0.5,16.179987,Bajo
9.073,71.0,0.3,14.081477,Bajo
8.973,69.0,0.1,13.281023,Moderado
8.873,68.0,0.2,10.24578,Bajo
8.623,69.0,0.2,10.365251,Bajo
8.273,73.0,0.5,10.028439,Bajo
8.323,72.0,0.1,10.365251,Moderado
8.623,66.0,0.0,14.33234,Moderado
9.573,65.0,0.0,21.638964,Moderado
9.973,70.0,0.0,29.28418,Alto
9.373,57.0,0.0,29.522196,Alto
9.723,49.0,0.0,28.112288,Alto
10.422999,44.0,0.0,28.227306,Alto
10.623,41.0,0.0,26.282465,Alto
11.672999,37.0,0.0,25.099514,Alto
11.973,38.0,0.0,24.546085,Alto
11.823,40.0,0.1,22.253124,Alto
11.422999,42.0,0.2,21.068459,Moderado
10.773,45.0,0.2,20.380579,Moderado
10.323,48.0,0.0,17.533146,Moderado
9.773,50.0,0.0,15.7908325,Moderado
9.023,59.0,0.0,10.495713,Moderado
8.023,64.0,0.0,7.7043357,Bajo
7.373,66.0,0.0,7.8954163,Bajo
6.9729996,69.0,0.0,8.766573,Bajo
6.9230003,71.0,0.0,10.383987,Moderado
7.2229996,73.0,0.0,11.988594,Moderado
7.523,74.0,0.2,14.255272,Bajo
7.4729996,76.0,0.6,17.377226,Bajo
7.1730003,80.0,0.1,18.58451,Moderado
6.6730003,81.0,0.0,16.595179,Moderado
6.1730003,80.0,0.0,14.264361,Moderado
6.273,78.0,0.0,14.84318,Moderado
6.7229996,75.0,0.0,18.35647,Moderado
7.773,67.0,0.0,17.462784,Moderado
8.723,60.0,0.0,17.651016,Moderado
8.473,61.0,0.2,17.377226,Moderado
9.073,64.0,0.4,17.873554,Moderado
9.073,65.0,0.9,21.129883,Moderado
8.523,70.0,0.9,22.79684,Moderado
9.172999,61.0,0.6,26.836306,Moderado
8.623,65.0,0.8,25.562534,Moderado
7.9230003,67.0,0.8,23.535301,Moderado
7.873,67.0,0.0,20.431387,Moderado
7.073,72.0,0.2,16.923828,Bajo
6.273,75.0,0.2,14.20062,Bajo
5.623,71.0,0.0,13.5515,Moderado
4.773,67.0,0.0,13.979871,Moderado
4.123,66.0,0.0,13.979871,Moderado
3.823,67.0,0.0,14.618837,Moderado
3.573,69.0,0.0,15.517629,Moderado
3.673,70.0,0.0,16.56,Moderado
3.373,68.0,0.0,16.575644,Moderado
3.123,69.0,0.0,16.263872,Moderado
3.023,72.0,0.0,16.595179,Moderado
3.023,73.0,0.0,16.954432,Moderado
3.723,69.0,0.0,18.03237,Moderado
5.773,60.0,0.0,22.366402,Alto
7.273,50.0,0.0,26.208395,Alto
7.9729996,44.0,0.0,28.220417,Alto
8.623,42.0,0.0,28.61264,Alto
8.723,41.0,0.0,30.853073,Muy alto
9.123,45.0,0.0,29.96662,Alto
9.373,44.0,0.1,33.033802,Muy alto
9.123,47.0,0.0,33.092594,Muy alto
8.723,49.0,0.0,33.033802,Muy alto
8.023,52.0,0.0,31.956972,Alto
7.2229996,57.0,0.0,31.003918,Alto
6.1730003,64.0,0.0,28.357857,Alto
5.4230003,69.0,0.0,26.319422,Alto
4.9230003,73.0,0.0,25.325686,Alto
4.823,77.0,0.0,24.74329,Moderado
4.773,77.0,0.0,26.168804,Alto
4.7229996,79.0,0.0,26.168804,Alto
4.823,80.0,0.0,25.153671,Moderado
4.623,80.0,0.0,24.087738,Moderado
4.6730003,79.0,0.0,24.216522,Moderado
4.773,80.0,0.0,24.993439,Moderado
4.873,81.0,0.0,23.491207,Moderado
5.123,81.0,0.0,23.587555,Moderado
5.873,78.0,0.0,24.535524,Moderado
6.823,75.0,0.0,26.6327,Alto
7.573,72.0,0.0,27.852928,Alto
8.073,70.0,0.0,29.09103,Alto
8.573,68.0,0.0,30.244286,Alto
9.172999,64.0,0.1,31.845251,Alto
9.323,64.0,0.0,32.138947,Alto
9.973,60.0,0.0,33.603645,Alto
9.973,60.0,0.0,34.247337,Muy alto
9.623,63.0,0.0,33.168877,Alto
8.973,67.0,0.1,32.058193,Alto
8.422999,69.0,0.0,30.274265,Alto
7.823,71.0,0.0,29.239891,Alto
7.1730003,74.0,0.0,28.766228,Alto
7.073,74.0,0.0,27.887802,Alto
6.773,76.0,0.0,28.739187,Alto
6.7229996,77.0,0.0,28.348713,Alto
6.6730003,78.0,0.0,27.943514,Alto
6.4230003,81.0,0.0,23.795427,Moderado
5.9230003,83.0,0.0,20.617662,Moderado
5.773,81.0,0.0,21.434364,Moderado
5.7229996,78.0,0.0,22.682856,Moderado
5.273,76.0,0.0,21.26744,Moderado
4.623,75.0,0.0,18.733839,Moderado
4.873,72.0,0.0,18.0,Moderado
6.623,62.0,0.0,24.122683,Alto
8.023,53.0,0.0,28.202042,Alto
9.323,46.0,0.0,30.489683,Alto
9.672999,44.0,0.0,30.972555,Muy alto
10.473,41.0,0.0,31.311722,Muy alto
10.973,40.0,0.0,31.006012,Muy alto
11.223,38.0,0.0,30.758411,Muy alto
11.273,37.0,0.0,30.972555,Muy alto
10.922999,42.0,0.0,30.737339,Muy alto
10.073,48.0,0.0,28.988384,Alto
9.223,51.0,0.0,28.664682,Alto
7.873,52.0,0.0,28.054604,Alto
6.873,61.0,0.0,24.490587,Alto
6.2229996,74.0,0.0,24.522316,Alto
5.623,68.0,0.0,22.065973,Moderado
5.073,73.0,0.0,21.129885,Moderado
4.7229996,74.0,0.0,19.839235,Moderado
4.573,74.0,0.0,19.296133,Moderado
4.4729996,69.0,0.0,18.511143,Moderado
4.023,75.0,0.0,17.309973,Moderado
3.873,80.0,0.0,15.484185,Moderado
3.723,82.0,0.0,15.2947035,Moderado
3.873,82.0,0.0,13.849477,Moderado
4.9729996,77.0,0.0,14.007655,Moderado
6.323,81.0,0.0,13.779114,Moderado
7.773,78.0,0.1,14.118243,Moderado
8.873,77.0,0.1,16.071491,Moderado
9.773,73.0,0.1,18.888851,Moderado
10.323,68.0,0.2,19.914217,Moderado
10.823,67.0,0.1,19.353138,Moderado
11.273,64.0,0.1,19.93048,Moderado
11.422999,64.0,0.1,19.694992,Moderado
11.373,64.0,0.1,19.011953,Moderado
11.422999,65.0,0.1,17.76081,Moderado
11.172999,67.0,0.0,14.587776,Moderado
10.422999,72.0,0.0,9.449572,Bajo
9.323,80.0,0.0,5.991594,Bajo
8.523,85.0,0.0,3.7064266,Bajo
7.823,88.0,0.0,3.671294,Bajo
7.623,89.0,0.0,3.7064266,Bajo
7.9230003,86.0,0.1,3.7585104,Bajo
8.073,86.0,0.0,3.0758414,Bajo
7.4729996,89.0,0.2,2.9024127,Bajo
7.2229996,93.0,0.3,5.315336,Bajo
7.2229996,93.0,0.1,3.7585104,Bajo
7.123,94.0,0.6,5.904439,Bajo
7.073,94.0,0.3,7.289445,Bajo
7.2229996,95.0,0.4,4.39436,Bajo
8.023,95.0,0.3,6.618519,Bajo
8.873,94.0,0.4,6.9247384,Bajo
9.723,91.0,0.5,4.896529,Bajo
11.373,81.0,0.0,5.315336,Bajo
12.623,74.0,0.0,5.2416787,Bajo
13.623,66.0,0.0,0.5091169,Bajo
14.473,61.0,0.0,0.8049845,Bajo
14.973,58.0,0.0,3.096837,Bajo
15.422999,56.0,0.0,5.3517847,Bajo
14.873,57.0,0.1,8.534353,Moderado
14.523,59.0,0.0,7.5599995,Moderado
13.073,71.0,0.0,3.396233,Bajo
12.323,68.0,0.0,0.8049845,Bajo
10.873,74.0,0.0,3.8773184,Bajo
8.223,90.0,0.0,4.68,Bajo
6.7229996,98.0,0.0,5.3517847,Bajo
6.2229996,100.0,0.0,5.154415,Bajo
5.7229996,100.0,0.0,4.6938257,Bajo
5.9230003,98.0,0.0,5.315336,Bajo
6.4729996,99.0,0.0,5.315336,Bajo
6.523,99.0,0.0,5.692099,Bajo
6.4729996,99.0,0.0,5.1165614,Bajo
6.4729996,98.0,0.0,5.634891,Bajo
7.023,96.0,0.0,6.763786,Bajo
7.323,96.0,0.0,9.028754,Bajo
8.223,91.0,0.0,11.183201,Bajo
9.922999,81.0,0.0,13.708391,Moderado
11.922999,73.0,0.0,14.408997,Moderado
13.873,66.0,0.0,15.827721,Moderado
15.523,58.0,0.0,19.930477,Moderado
15.422999,60.0,0.0,20.991426,Moderado
15.573,62.0,0.0,22.057161,Alto
15.373,63.0,0.0,21.897945,Alto
14.323,72.0,0.0,23.565567,Alto
13.073,76.0,0.0,23.023119,Moderado
11.672999,84.0,0.0,21.24305,Moderado
10.623,88.0,0.0,24.522316,Moderado
9.873,93.0,0.8,24.087738,Moderado
9.723,95.0,4.0,18.03237,Bajo
9.773,96.0,1.5,9.3669195,Bajo
9.873,96.0,0.0,2.52,Bajo
10.023,95.0,0.0,9.19939,Bajo
9.073,97.0,0.0,13.527572,Bajo
8.922999,93.0,0.0,20.870687,Moderado
8.873,89.0,0.0,22.657131,Moderado
8.523,83.0,0.0,23.871555,Moderado
7.6730003,79.0,0.0,25.12016,Alto
7.9230003,77.0,0.0,28.496904,Alto
9.172999,69.0,0.0,30.993471,Alto
9.823,64.0,0.0,35.364388,Muy alto
10.823,62.0,0.0,35.785156,Muy alto
10.623,64.0,0.0,38.48129,Muy alto
10.873,66.0,0.1,40.68,Muy alto
11.873,55.0,0.0,40.89606,Muy alto
11.922999,52.0,0.0,42.150757,Muy alto
11.922999,52.0,0.0,41.514103,Muy alto
11.523,52.0,0.0,39.609814,Muy alto
10.873,53.0,0.0,37.254345,Muy alto
10.422999,53.0,0.0,33.326748,Muy alto
9.723,54.0,0.0,31.170673,Alto
8.672999,53.0,0.0,28.202042,Alto
7.9230003,60.0,0.0,25.071096,Alto
7.4230003,63.0,0.0,23.110205,Alto
6.9230003,66.0,0.0,20.523157,Moderado
6.373,69.0,0.0,19.130875,Moderado
5.9729996,73.0,0.0,17.399586,Moderado
5.323,76.0,0.0,15.990646,Moderado
4.9729996,81.0,0.0,11.983188,Moderado
4.4230003,89.0,0.0,9.673221,Bajo
4.1730003,93.0,0.0,8.161764,Bajo
3.823,94.0,0.0,3.7064266,Bajo
3.523,96.0,0.0,5.4477882,Bajo
5.4729996,89.0,0.0,2.8116899,Bajo
7.123,78.0,0.0,6.924738,Bajo
7.373,76.0,0.1,11.165805,Moderado
7.623,77.0,0.2,13.339445,Bajo
7.823,79.0,0.5,14.264361,Bajo
7.773,80.0,1.0,18.03237,Bajo
7.823,82.0,1.7,17.906157,Bajo
7.6730003,87.0,2.9,13.513193,Bajo
7.623,87.0,3.0,14.336861,Bajo
7.523,84.0,1.1,15.03835,Bajo
6.9729996,81.0,0.5,14.05845,Bajo
6.4729996,83.0,0.0,8.435069,Bajo
5.9729996,87.0,0.0,9.290511,Bajo
5.9230003,87.0,0.0,11.090103,Bajo
5.6730003,88.0,0.0,11.183201,Bajo
5.623,89.0,0.3,14.869351,Bajo
5.7229996,88.0,0.1,16.299694,Moderado
5.7229996,89.0,0.0,15.137133,Moderado
5.9729996,92.0,0.0,15.5843,Moderado
6.123,92.0,0.0,17.462784,Moderado
6.6730003,87.0,0.0,22.751316,Moderado
6.4230003,80.0,0.0,27.0024,Alto
5.9729996,82.0,0.0,27.44513,Alto
6.273,83.0,0.0,27.288855,Alto
7.2229996,80.0,0.0,26.525429,Alto
8.273,74.0,0.0,31.682047,Alto
9.073,70.0,0.0,32.431984,Alto
9.823,67.0,0.0,32.44996,Alto
10.623,64.0,0.0,32.2034,Alto
10.823,63.0,0.0,31.487139,Alto
12.073,59.0,0.0,30.78368,Alto
11.773,61.0,0.0,29.301876,Alto
11.672999,62.0,0.0,28.357857,Alto
10.773,66.0,0.0,26.437336,Alto
9.873,68.0,0.0,24.187069,Alto
8.873,71.0,0.0,21.67487,Moderado
7.9729996,74.0,0.0,19.44,Moderado
7.023,79.0,0.0,17.015474,Moderado
6.1730003,84.0,0.0,15.328561,Moderado
5.523,89.0,0.0,13.556282,Moderado
4.9729996,92.0,0.0,11.928989,Bajo
4.9230003,91.0,0.0,11.720751,Bajo
4.123,94.0,0.0,7.5942073,Bajo
3.623,94.0,0.0,6.5693827,Bajo
3.173,95.0,0.0,5.8603754,Bajo
2.773,95.0,0.0,5.3999996,Bajo
2.423,96.0,0.0,4.3349743,Bajo
2.323,96.0,0.0,3.2599385,Bajo
4.373,89.0,0.0,2.5455842,Bajo
7.1730003,79.0,0.0,5.1544156,Bajo
9.223,69.0,0.0,6.489992,Bajo
10.323,63.0,0.0,8.473393,Moderado
11.773,56.0,0.0,8.12197,Moderado
12.823,50.0,0.0,6.924738,Moderado
13.873,42.0,0.0,5.00128,Moderado
13.723,44.0,0.0,3.4152596,Bajo
13.473,44.0,0.0,6.87779,Moderado
13.172999,45.0,0.0,10.182337,Moderado
11.773,58.0,0.0,14.05845,Moderado
10.223,63.0,0.0,10.829958,Moderado
8.723,70.0,0.0,7.928177,Bajo
7.6730003,78.0,0.0,6.8777895,Bajo
7.2229996,85.0,0.1,4.6800003,Bajo
6.6730003,91.0,0.4,4.0249224,Bajo
6.373,94.0,0.4,4.829907,Bajo
6.323,93.0,0.4,5.3517847,Bajo
6.2229996,97.0,0.9,4.3498964,Bajo
6.4230003,96.0,0.7,4.0249224,Bajo
6.523,95.0,0.9,4.2136917,Bajo
6.573,94.0,0.9,4.802999,Bajo
6.4729996,93.0,0.8,4.6938252,Bajo
6.4729996,92.0,0.8,4.2136917,Bajo
6.823,91.0,0.6,6.193674,Bajo
7.1730003,87.0,0.6,6.618519,Bajo
7.7229996,79.0,0.5,6.618519,Bajo
8.473,77.0,0.2,6.6185193,Bajo
9.323,75.0,0.1,9.255571,Bajo
9.922999,74.0,0.2,15.716793,Bajo
10.023,74.0,0.2,16.645864,Bajo
11.123,62.0,0.1,21.578989,Moderado
10.723,54.0,0.0,24.795612,Alto
9.623,53.0,0.0,24.675106,Alto
8.672999,57.0,0.0,23.4,Alto
7.7229996,64.0,0.0,21.288757,Moderado
7.1730003,69.0,0.0,19.770523,Moderado
6.073,76.0,0.0,16.700275,Moderado
5.273,80.0,0.0,13.556282,Moderado
4.6730003,84.0,0.0,12.371645,Moderado
4.4230003,87.0,0.0,10.495713,Bajo
4.323,88.0,0.0,10.495713,Bajo
4.1730003,85.0,0.0,13.797912,Moderado
3.973,77.0,0.0,13.493999,Moderado
3.673,79.0,0.0,13.138765,Moderado
3.673,78.0,0.0,13.138765,Moderado
3.173,80.0,0.0,11.609651,Bajo
3.423,81.0,0.0,11.165805,Bajo
4.9230003,81.0,0.0,11.165805,Bajo
7.023,70.0,0.0,15.546833,Moderado
8.523,61.0,0.0,17.873554,Moderado
9.422999,56.0,0.0,18.204042,Moderado
9.973,52.0,0.0,21.09305,Alto
10.223,52.0,0.0,22.461807,Alto
10.823,51.0,0.0,25.729298,Alto
10.573,52.0,0.0,25.071096,Alto
10.723,53.0,0.0,24.280659,Alto
10.323,56.0,0.0,21.915693,Alto
9.773,60.0,0.0,18.228943,Moderado
8.623,67.0,0.0,14.440443,Moderado
7.573,71.0,0.0,13.207634,Moderado
6.623,80.0,0.0,12.43434,Moderado
5.9729996,87.0,0.0,10.948973,Bajo
5.9729996,88.0,0.0,9.19939,Bajo
5.623,89.0,0.0,6.8777895,Bajo
4.9230003,87.0,0.0,5.315336,Bajo
5.023,88.0,0.0,5.0142193,Bajo
4.873,87.0,0.0,4.379589,Bajo
5.073,87.0,0.1,4.379589,Bajo
5.4729996,86.0,0.3,4.379589,Bajo
5.2229996,90.0,0.4,7.342588,Bajo
5.4230003,89.0,0.3,8.534353,Bajo
6.023,93.0,0.5,8.089993,Bajo
7.273,92.0,0.3,6.989936,Bajo
8.873,84.0,0.1,11.91812,Bajo
11.023,75.0,0.0,15.141414,Moderado
11.422999,70.0,0.2,27.362368,Moderado
12.323,67.0,0.0,28.533264,Alto
13.823,60.0,0.0,30.631746,Alto
13.273,63.0,0.0,30.926493,Alto
12.922999,68.0,0.3,25.20257,Moderado
11.922999,71.0,0.4,23.210928,Moderado
11.323,73.0,0.0,23.510508,Moderado
9.922999,82.0,0.4,19.164717,Bajo
9.873,83.0,0.3,16.79314,Bajo
8.973,73.0,0.0,21.218632,Moderado
7.9230003,77.0,0.0,19.483284,Moderado
7.573,77.0,0.0,19.602652,Moderado
6.873,74.0,0.0,18.888851,Moderado
6.023,79.0,0.0,18.014393,Moderado
5.623,81.0,0.0,20.172853,Moderado
4.823,85.0,0.0,17.015474,Moderado
4.323,89.0,0.0,14.04,Moderado
4.523,90.0,0.0,14.84318,Moderado
5.7229996,78.0,0.0,16.981165,Moderado
6.2229996,66.0,0.0,15.349684,Moderado
6.323,63.0,0.0,15.683774,Moderado
6.823,56.0,0.1,18.0,Moderado
7.523,46.0,0.0,18.844202,Moderado
7.823,49.0,0.0,23.358423,Alto
8.223,47.0,0.0,24.162947,Alto
8.773,46.0,0.0,25.925,Alto
8.623,46.0,0.0,25.071098,Alto
8.123,51.0,0.0,27.475807,Alto
8.473,48.0,0.0,30.121912,Alto
7.9729996,52.0,0.0,27.416782,Alto
7.573,61.0,0.0,25.862436,Alto
6.9729996,68.0,0.0,23.675303,Alto
6.623,70.0,0.0,23.469128,Moderado
6.373,74.0,0.0,23.084955,Moderado
6.323,74.0,0.0,22.007162,Moderado
6.123,76.0,0.0,21.9718,Moderado
6.2229996,78.0,0.0,22.366402,Moderado
6.323,77.0,0.0,24.29133,Moderado
6.623,76.0,0.0,23.042812,Moderado
6.523,79.0,0.0,23.40277,Moderado
6.6730003,78.0,0.0,23.051247,Moderado
6.873,79.0,0.0,23.469128,Moderado
7.2229996,78.0,0.0,23.857979,Moderado
7.573,77.0,0.0,24.905132,Alto
8.223,77.0,0.0,26.302181,Alto
9.323,72.0,0.0,28.835976,Alto
10.473,67.0,0.0,30.096085,Alto
11.623,61.0,0.0,31.205997,Alto
12.223,57.0,0.0,31.104082,Alto
12.922999,54.0,0.0,30.633865,Alto
13.323,56.0,0.0,34.66858,Muy alto
13.073,57.0,0.0,33.82659,Muy alto
12.823,58.0,0.0,31.999523,Alto
12.223,62.0,0.0,30.563978,Alto
11.223,66.0,0.0,30.430117,Alto
10.023,71.0,0.0,28.19285,Alto
9.023,77.0,0.0,26.649727,Alto
8.672999,79.0,0.0,25.942488,Alto
8.323,79.0,0.0,25.570139,Alto
7.873,78.0,0.0,22.366402,Moderado
7.4729996,80.0,0.0,21.647945,Moderado
7.023,79.0,0.0,18.733839,Moderado
6.6730003,77.0,0.0,17.698677,Moderado
6.4230003,75.0,0.0,15.815435,Moderado
6.2229996,71.0,0.0,15.596767,Moderado
6.073,72.0,0.0,15.937878,Moderado
6.1730003,78.0,0.0,15.937878,Moderado
6.4230003,84.0,0.0,15.0038395,Moderado
7.1730003,82.0,0.0,11.503113,Bajo
8.273,76.0,0.0,12.768586,Moderado
9.172999,70.0,0.0,13.32,Moderado
9.973,65.0,0.0,14.24163,Moderado
10.023,65.0,0.0,12.303366,Moderado
10.023,64.0,0.0,10.948973,Moderado
11.323,55.0,0.0,10.365251,Moderado
11.523,55.0,0.0,7.0911775,Moderado
12.323,54.0,0.0,5.6002855,Bajo
13.023,54.0,0.0,5.991594,Bajo
13.273,57.0,0.0,4.379589,Bajo
11.773,66.0,0.0,4.39436,Bajo
9.172999,77.0,0.0,5.2416787,Bajo
8.672999,80.0,0.1,3.396233,Bajo
8.173,89.0,0.9,2.968636,Bajo
8.173,91.0,1.4,2.9024127,Bajo
8.223,90.0,1.1,4.73506,Bajo
8.373,88.0,0.0,2.6208394,Bajo
10.773,73.0,0.0,27.609911,Alto
10.172999,76.0,0.0,20.907913,Moderado
9.323,77.0,0.0,18.1041,Moderado
8.523,79.0,0.0,23.806318,Moderado
8.573,74.0,0.0,27.402597,Alto
8.623,71.0,0.0,28.528723,Alto
9.523,69.0,0.0,29.59235,Alto
9.873,61.0,0.0,32.85678,Alto
10.473,60.0,0.0,31.367552,Alto
10.873,55.0,0.0,32.489876,Alto
10.123,59.0,0.1,32.52177,Alto
10.123,64.0,0.3,34.162083,Alto
10.223,69.0,1.0,35.259792,Alto
11.223,65.0,0.1,35.016357,Muy alto
11.723,55.0,0.0,35.33506,Muy alto
10.973,54.0,0.0,32.809414,Muy alto
10.073,57.0,0.0,30.619051,Alto
8.873,63.0,0.1,30.096085,Alto
7.9230003,71.0,0.1,31.780067,Alto
7.2229996,70.0,0.0,31.035257,Alto
6.9230003,72.0,0.0,32.138947,Alto
6.6730003,73.0,0.0,32.072342,Alto
6.373,73.0,0.0,30.619051,Alto
6.323,73.0,0.0,30.317043,Alto
6.123,75.0,0.0,26.642431,Alto
6.073,75.0,0.0,26.661882,Alto
5.7229996,74.0,0.0,24.251284,Moderado
5.373,77.0,0.0,21.046917,Moderado
5.123,82.0,0.0,18.388212,Moderado
5.373,84.0,0.0,18.218275,Moderado
7.123,76.0,0.0,20.63023,Moderado
8.823,68.0,0.0,23.828083,Alto
9.473,66.0,0.0,22.66857,Alto
9.922999,65.0,0.0,23.47741,Alto
10.623,66.0,0.0,22.89611,Alto
11.223,66.0,0.0,26.674032,Alto
11.823,64.0,0.0,25.872456,Alto
11.973,64.0,0.0,24.33664,Alto
12.422999,62.0,0.0,25.809765,Alto
11.172999,71.0,0.4,25.1614,Moderado
10.523,75.0,0.4,24.216522,Moderado
10.073,77.0,0.5,25.233404,Moderado
9.922999,76.0,0.4,23.277834,Moderado
9.723,78.0,0.4,22.608458,Moderado
9.573,79.0,0.5,22.608458,Moderado
9.473,80.0,0.7,22.66857,Moderado
9.422999,81.0,0.6,22.148046,Moderado
9.672999,79.0,0.2,24.408424,Moderado
10.073,76.0,0.0,25.630886,Alto
9.922999,81.0,0.1,25.233406,Moderado
9.172999,84.0,0.0,21.26744,Moderado
7.573,67.0,0.0,24.933735,Alto
6.123,75.0,0.0,23.084955,Moderado
5.9230003,76.0,0.0,20.892412,Moderado
7.1730003,68.0,0.0,18.057508,Moderado
8.723,62.0,0.0,21.316135,Moderado
10.373,52.0,0.0,26.341572,Alto
11.273,48.0,0.0,27.908709,Alto
12.023,45.0,0.0,27.551172,Alto
12.422999,43.0,0.0,27.117346,Alto
12.873,41.0,0.0,26.368616,Alto
12.922999,40.0,0.0,24.933735,Alto
12.823,41.0,0.0,23.084955,Alto
12.373,42.0,0.0,20.883104,Alto
11.623,46.0,0.0,17.731598,Moderado
10.273,51.0,0.0,12.9249525,Moderado
8.373,64.0,0.0,9.531505,Moderado
7.4230003,70.0,0.0,7.754637,Bajo
6.4729996,76.0,0.0,6.6087217,Bajo
5.523,81.0,0.0,5.6233797,Bajo
4.6730003,85.0,0.0,5.692099,Bajo
4.023,88.0,0.0,5.00128,Bajo
3.673,87.0,0.0,4.198285,Bajo
3.573,87.0,0.0,3.6,Bajo
3.373,86.0,0.0,2.9024127,Bajo
3.673,84.0,0.0,1.9386592,Bajo
4.4729996,81.0,0.0,0.71999997,Bajo
4.6730003,81.0,0.0,2.8116899,Bajo
5.023,83.0,0.0,3.8268526,Bajo
7.573,74.0,0.0,4.3349743,Bajo
9.523,64.0,0.0,2.5455842,Bajo
11.422999,58.0,0.0,5.3517847,Bajo
13.223,56.0,0.0,6.638072,Moderado
15.073,50.0,0.0,12.496718,Moderado
16.073,42.0,0.0,15.124284,Moderado
16.173,45.0,0.0,14.336861,Moderado
16.873001,42.0,0.0,16.595179,Moderado
16.323,44.0,0.0,18.057508,Alto
15.172999,52.0,0.0,16.595179,Moderado
12.973,58.0,0.0,15.408671,Moderado
11.172999,70.0,0.0,9.885262,Moderado
10.172999,79.0,0.6,8.654986,Bajo
9.573,85.0,0.1,10.661107,Bajo
9.223,90.0,0.2,10.464798,Bajo
8.922999,94.0,0.0,6.28713,Bajo
8.373,96.0,0.0,3.8268526,Bajo
7.573,99.0,0.0,3.396233,Bajo
7.4729996,98.0,0.0,1.609969,Bajo
8.523,89.0,0.0,10.464797,Bajo
10.573,63.0,0.0,31.235058,Alto
9.723,71.0,0.0,30.500309,Alto
8.723,71.0,0.0,28.639803,Alto
8.723,70.0,0.0,28.348713,Alto
9.172999,62.0,0.0,29.834423,Alto
9.672999,56.0,0.0,32.489872,Alto
9.973,55.0,0.0,34.63492,Muy alto
10.073,53.0,0.0,34.619946,Muy alto
9.973,55.0,0.3,34.674183,Alto
10.623,54.0,0.0,33.280045,Muy alto
10.123,57.0,0.3,32.219494,Alto
9.273,62.0,0.5,32.402,Alto
9.273,65.0,0.0,32.619255,Alto
8.473,65.0,0.0,31.311724,Alto
7.523,59.0,0.0,28.241076,Alto
6.873,62.0,0.0,23.576563,Alto
6.1730003,70.0,0.0,21.288757,Moderado
5.623,76.0,0.0,20.774214,Moderado
5.4230003,77.0,0.0,19.211996,Moderado
5.123,76.0,0.0,17.555305,Moderado
4.573,80.0,0.0,15.034041,Moderado
4.123,84.0,0.0,13.779114,Moderado
4.573,81.0,0.0,14.372974,Moderado
4.7229996,79.0,0.0,14.182355,Moderado
4.7229996,78.0,0.0,12.287555,Moderado
4.573,82.0,0.0,10.44,Bajo
4.273,88.0,0.0,9.339208,Bajo
5.773,80.0,0.0,12.413477,Moderado
7.373,73.0,0.0,16.179987,Moderado
8.323,66.0,0.0,20.240198,Moderado
8.922999,62.0,0.0,19.469976,Moderado
10.323,53.0,0.0,20.188908,Alto
11.273,41.0,0.0,22.427162,Alto
11.073,47.0,0.0,23.499481,Alto
10.873,55.0,0.0,23.469128,Alto
9.023,63.0,0.8,18.416384,Moderado
8.273,64.0,0.4,16.676977,Moderado
7.373,75.0,0.8,12.43434,Bajo
7.123,79.0,0.4,12.7279215,Bajo
7.7229996,72.0,0.0,10.464797,Moderado
8.422999,68.0,0.0,9.605998,Moderado
8.922999,68.0,0.2,10.144082,Bajo
9.323,69.0,0.1,12.768586,Moderado
10.422999,67.0,0.1,16.418526,Moderado
11.573,66.0,0.4,19.602652,Moderado
11.922999,61.0,0.4,18.35647,Moderado
12.373,58.0,0.0,22.104116,Alto
12.473,59.0,0.1,26.729847,Alto
10.723,76.0,0.9,33.1552,Alto
10.123,75.0,0.0,25.133053,Alto
9.723,72.0,0.4,34.449196,Alto
10.523,66.0,0.0,32.219498,Alto
10.873,65.0,0.0,36.158054,Muy alto
11.723,61.0,0.0,37.419224,Muy alto
12.073,59.0,0.0,38.48129,Muy alto
12.123,60.0,0.0,39.28456,Muy alto
12.172999,59.0,0.0,39.149067,Muy alto
11.973,60.0,0.0,42.120003,Muy alto
11.873,57.0,0.0,41.67612,Muy alto
11.473,57.0,0.0,39.966484,Muy alto
10.922999,57.0,0.0,39.81704,Muy alto
10.123,59.0,0.0,37.10795,Muy alto
9.422999,61.0,0.0,33.27031,Alto
8.773,69.0,0.0,32.136932,Alto
8.323,71.0,0.0,29.775719,Alto
7.9729996,76.0,0.0,26.882141,Alto
7.773,78.0,0.0,24.144167,Moderado
7.623,77.0,0.0,22.238562,Moderado
7.873,78.0,0.0,21.889065,Moderado
7.273,77.0,0.0,23.664352,Moderado
6.9729996,80.0,0.0,20.620804,Moderado
6.873,82.0,0.0,18.844202,Moderado
6.823,84.0,0.0,16.92383,Moderado
6.6730003,86.0,0.0,15.137133,Moderado
6.523,85.0,0.0,13.70839,Moderado
7.2229996,81.0,0.0,10.464797,Bajo
8.723,73.0,0.0,15.124284,Moderado
9.623,64.0,0.0,20.00512,Moderado
10.473,60.0,0.0,20.240198,Moderado
11.023,60.0,0.1,23.233252,Alto
10.773,65.0,0.5,24.485292,Moderado
11.672999,56.0,0.4,28.227304,Moderado
11.823,53.0,0.0,30.05515,Alto
11.123,55.0,0.0,27.579382,Alto
10.523,56.0,0.0,28.357855,Alto
9.473,62.0,0.0,25.49908,Alto
8.623,60.0,0.0,24.798223,Alto
7.623,62.0,0.0,23.97989,Alto
6.6730003,65.0,0.0,22.19773,Moderado
5.9230003,69.0,0.0,20.969805,Moderado
5.4230003,71.0,0.0,21.322214,Moderado
5.323,71.0,0.0,22.461807,Moderado
5.023,66.0,0.0,25.562534,Alto
4.4729996,70.0,0.0,26.302181,Alto
4.073,73.0,0.0,25.6233,Alto
3.873,76.0,0.0,24.57511,Moderado
3.723,76.0,0.0,23.857979,Moderado
3.473,77.0,0.0,23.14103,Moderado
3.323,78.0,0.0,22.065973,Moderado
4.1730003,77.0,0.0,22.148045,Moderado
5.623,68.0,0.0,24.490587,Alto
6.9729996,56.0,0.0,27.181787,Alto
7.623,51.0,0.0,28.988384,Alto
8.323,48.0,0.0,29.250967,Alto
8.672999,47.0,0.0,28.739187,Alto
9.023,44.0,0.0,31.104082,Muy alto
8.973,45.0,0.0,29.620802,Alto
8.773,46.0,0.0,27.504095,Alto
8.273,51.0,0.0,25.14852,Alto
7.273,56.0,0.0,22.963936,Alto
5.9230003,65.0,0.0,19.083395,Moderado
4.873,70.0,0.0,20.240196,Moderado
4.223,72.0,0.0,18.998314,Moderado
3.573,77.0,0.0,17.462782,Moderado
3.123,80.0,0.0,16.766108,Moderado
2.773,85.0,0.0,16.766108,Moderado
2.623,88.0,0.0,16.24394,Moderado
2.373,90.0,0.0,15.379206,Moderado
2.1729999,90.0,0.0,14.934577,Moderado
2.023,89.0,0.0,14.934577,Moderado
1.923,90.0,0.0,14.494192,Moderado
1.723,90.0,0.0,14.145756,Moderado
1.723,90.0,0.0,13.358861,Bajo
3.073,84.0,0.0,15.716793,Moderado
5.4230003,72.0,0.0,19.353138,Moderado
7.373,65.0,0.0,23.664352,Alto
8.873,58.0,0.0,26.758923,Alto
9.773,56.0,0.0,27.36947,Alto
9.873,56.0,0.0,30.259275,Alto
11.223,49.0,0.0,29.88217,Alto
11.123,50.0,0.0,29.957968,Alto
10.873,55.0,0.0,27.952787,Alto
10.723,58.0,0.0,26.654589,Alto
10.223,64.0,0.0,28.483257,Alto
9.873,65.0,0.0,29.830078,Alto
9.623,70.0,0.0,30.735231,Alto
9.373,75.0,0.0,29.888672,Alto
9.223,73.0,0.0,30.657122,Alto
8.973,73.0,0.0,30.302078,Alto
8.873,74.0,0.0,32.761974,Alto
8.873,75.0,0.0,34.488674,Alto
9.023,72.0,0.0,33.441265,Alto
9.123,74.0,0.0,32.933605,Alto
9.172999,76.0,0.0,30.911821,Alto
9.273,79.0,0.0,31.700449,Alto
9.273,82.0,0.1,30.068083,Alto
9.473,83.0,0.1,29.598919,Alto
10.073,78.0,0.0,31.550869,Alto
10.573,75.0,0.0,35.455887,Alto
10.672999,72.0,0.0,36.57855,Muy alto
10.922999,72.0,0.0,41.493805,Muy alto
10.973,75.0,0.0,42.57295,Muy alto
11.223,75.0,0.0,42.093834,Muy alto
12.373,72.0,0.0,42.444897,Muy alto
12.073,75.0,0.0,41.085762,Muy alto
12.323,77.0,0.0,40.155735,Muy alto
11.922999,79.0,0.1,37.524708,Muy alto
11.273,81.0,0.2,36.0072,Alto
10.723,79.0,0.1,40.808823,Muy alto
10.672999,75.0,0.0,48.63332,Muy alto
9.773,71.0,0.0,48.860634,Muy alto
9.073,70.0,0.0,48.673275,Muy alto
8.373,69.0,0.0,47.42855,Muy alto
7.573,70.0,0.0,49.386963,Muy alto
7.123,69.0,0.0,49.698254,Muy alto
7.523,65.0,0.0,50.425705,Muy alto
7.373,66.0,0.0,49.864872,Muy alto
7.323,64.0,0.0,48.02594,Muy alto
7.373,63.0,0.0,46.889915,Muy alto
7.323,62.0,0.0,45.31569,Muy alto
7.2229996,61.0,0.0,42.69606,Muy alto
8.273,54.0,0.0,39.172234,Muy alto
9.073,53.0,0.0,38.275295,Muy alto
10.273,48.0,0.0,37.585102,Muy alto
10.973,46.0,0.0,35.900864,Muy alto
11.623,44.0,0.0,34.22841,Muy alto
12.023,42.0,0.0,32.219494,Muy alto
12.922999,39.0,0.0,34.743263,Muy alto
12.723,42.0,0.0,33.50128,Muy alto
12.172999,46.0,0.0,32.998474,Muy alto
11.473,51.0,0.0,31.394394,Alto
10.623,52.0,0.0,30.344814,Alto
10.323,61.0,0.0,29.601109,Alto
10.573,56.0,0.0,27.103,Alto
10.672999,59.0,0.0,24.023088,Alto
10.723,69.0,0.0,21.175835,Moderado
10.873,83.0,0.0,21.862406,Moderado
11.422999,89.0,0.0,24.288662,Moderado
11.672999,89.0,0.0,26.6327,Alto
12.023,84.0,0.0,30.758411,Alto
11.973,83.0,0.0,29.379177,Alto
11.523,84.0,0.0,28.988384,Alto
11.223,86.0,0.0,30.302078,Alto
11.123,86.0,0.0,30.955812,Alto
11.223,86.0,0.0,32.846916,Alto
12.323,73.0,0.0,34.711544,Alto
12.422999,66.0,0.0,40.334457,Muy alto
12.273,63.0,0.0,38.723015,Muy alto
12.172999,62.0,0.0,41.090492,Muy alto
12.172999,64.0,0.0,41.085762,Muy alto
12.573,63.0,0.0,43.273434,Muy alto
11.873,68.0,0.0,41.065254,Muy alto
12.172999,67.0,0.0,39.606544,Muy alto
12.373,67.0,0.0,36.028786,Muy alto
11.773,69.0,0.0,31.421213,Alto
11.123,72.0,0.0,27.757376,Alto
10.573,75.0,0.0,23.535301,Moderado
10.172999,78.0,0.0,18.94024,Moderado
9.422999,81.0,0.0,16.520823,Moderado
8.823,84.0,0.0,13.849476,Moderado
8.273,88.0,0.0,12.015589,Bajo
7.9230003,88.0,0.0,10.1376915,Bajo
7.373,90.0,0.0,7.342588,Bajo
6.9230003,90.0,0.0,9.107359,Bajo
6.623,89.0,0.0,8.557102,Bajo
6.373,89.0,0.0,6.5693827,Bajo
6.323,89.0,0.0,4.896529,Bajo
6.6730003,87.0,0.0,1.08,Bajo
6.323,88.0,0.0,3.8939953,Bajo
6.273,92.0,0.0,4.452954,Bajo
8.373,80.0,0.0,6.28713,Bajo
10.172999,73.0,0.0,9.47012,Bajo
12.023,67.0,0.0,12.594856,Moderado
13.422999,65.0,0.0,15.807239,Moderado
14.273,61.0,0.0,17.026896,Moderado
15.223,58.0,0.0,18.161278,Moderado
14.773,60.0,0.0,18.671474,Moderado
13.773,64.0,0.0,19.969458,Moderado
12.773,67.0,0.0,19.008547,Moderado
11.973,70.0,0.0,16.520823,Moderado
10.573,77.0,0.0,12.959999,Moderado
9.422999,86.0,0.0,10.390226,Bajo
10.172999,82.0,0.0,15.077082,Moderado
10.373,67.0,0.0,27.943512,Alto
9.323,74.0,0.0,24.1388,Alto
8.973,74.0,0.0,26.079508,Alto
8.873,68.0,0.0,26.368616,Alto
9.223,71.0,0.0,21.746504,Moderado
9.223,68.0,0.0,28.137634,Alto
8.323,71.0,0.0,23.576563,Alto
7.6730003,75.0,0.0,20.674158,Moderado
7.323,79.0,0.0,17.106628,Moderado
6.9230003,83.0,0.0,13.556282,Moderado
7.323,79.0,0.0,13.039754,Moderado
8.823,67.0,0.0,18.72346,Moderado
9.573,56.0,0.0,24.187069,Alto
10.073,52.0,0.0,24.863468,Alto
10.573,48.0,0.0,25.582806,Alto
10.773,47.0,0.0,24.863468,Alto
12.223,43.0,0.0,25.570139,Alto
12.672999,39.0,0.0,21.9718,Alto
12.223,44.0,0.0,23.535301,Alto
11.323,51.0,0.0,22.668568,Alto
10.623,57.0,0.0,16.595179,Moderado
9.623,64.0,0.0,10.163227,Moderado
8.523,72.0,0.0,7.653705,Bajo
8.023,80.0,0.0,7.42159,Bajo
8.123,83.0,0.2,9.178235,Bajo
8.023,87.0,0.8,8.891343,Bajo
7.9230003,91.0,0.2,9.957108,Bajo
7.823,91.0,0.0,11.457958,Bajo
7.023,91.0,0.0,7.6367526,Bajo
6.9729996,91.0,0.0,7.2,Bajo
7.323,90.0,0.4,7.5685663,Bajo
7.273,90.0,0.5,8.049845,Bajo
7.073,91.0,0.0,9.793059,Bajo
6.873,93.0,0.0,10.383987,Bajo
7.323,92.0,0.0,13.049689,Bajo
8.573,81.0,0.0,16.45007,Moderado
9.823,69.0,0.0,19.483284,Moderado
10.623,62.0,0.0,20.345573,Moderado
10.623,61.0,0.0,20.431387,Moderado
9.723,69.0,0.2,17.654686,Moderado
10.023,64.0,0.3,18.448023,Moderado
9.373,69.0,0.1,16.327497,Moderado
8.723,70.0,0.2,14.154915,Bajo
8.173,74.0,0.1,10.086427,Bajo
7.6730003,78.0,0.0,8.049845,Bajo
6.773,84.0,0.0,5.3517847,Bajo
6.1730003,89.0,0.0,5.937272,Bajo
5.7229996,90.0,0.0,6.725354,Bajo
5.523,93.0,0.1,8.825508,Bajo
5.573,90.0,0.3,10.464798,Bajo
4.6730003,86.0,0.0,12.245294,Bajo
3.473,89.0,0.0,11.183201,Bajo
2.373,91.0,0.0,11.542478,Bajo
2.023,89.0,0.0,11.367109,Bajo
1.523,89.0,0.0,11.013882,Bajo
1.323,90.0,0.0,10.483357,Bajo
1.173,92.0,0.0,9.826088,Bajo
1.073,93.0,0.0,9.290511,Bajo
1.973,90.0,0.0,11.753877,Bajo
3.973,79.0,0.0,13.708391,Moderado
5.573,66.0,0.0,20.833395,Moderado
6.873,54.0,0.0,22.148045,Alto
7.4230003,51.0,0.0,23.893261,Alto
8.273,49.0,0.0,24.609364,Alto
8.723,49.0,0.0,24.609364,Alto
8.723,49.0,0.0,24.648829,Alto
8.373,52.0,0.0,24.967499,Alto
7.823,57.0,0.0,23.084955,Alto
6.773,63.0,0.0,18.03237,Moderado
5.523,69.0,0.0,13.397612,Moderado
4.1730003,80.0,0.0,11.726277,Moderado
3.323,85.0,0.0,10.966713,Bajo
2.673,89.0,0.0,12.074766,Bajo
2.323,90.0,0.0,12.397806,Bajo
2.023,89.0,0.0,12.413476,Bajo
1.823,86.0,0.0,10.739833,Bajo
1.173,90.0,0.0,8.557102,Bajo
0.673,93.0,0.0,6.6087217,Bajo
0.17300001,97.0,0.0,4.8433046,Bajo
-0.02700001,98.0,0.0,3.8939953,Bajo
-0.17699999,97.0,0.0,4.1046314,Bajo
0.073,97.0,0.0,5.1544156,Bajo
2.873,91.0,0.0,10.041354,Bajo
5.073,84.0,0.1,15.94601,Moderado
6.323,77.0,0.0,28.075384,Alto
7.023,77.0,0.2,27.748037,Moderado
7.6730003,70.0,0.2,29.237675,Moderado
7.773,64.0,0.0,31.353085,Alto
8.073,62.0,0.0,34.57687,Muy alto
7.823,61.0,0.0,35.516148,Muy alto
6.9230003,56.0,0.0,36.324337,Muy alto
6.123,53.0,0.0,32.789658,Alto
4.823,57.0,0.0,29.07989,Alto
3.723,62.0,0.0,25.772078,Alto
3.123,67.0,0.0,24.693481,Alto
2.523,71.0,0.0,23.042812,Moderado
2.1729999,74.0,0.0,23.411074,Moderado
1.773,76.0,0.0,21.599998,Moderado
1.423,80.0,0.0,20.523155,Moderado
1.173,80.0,0.0,18.36353,Moderado
0.473,80.0,0.0,15.517629,Moderado
0.073,81.0,0.0,14.512064,Moderado
-0.32700002,83.0,0.0,14.154915,Moderado
-0.527,85.0,0.0,14.618837,Moderado
-0.677,86.0,0.0,14.332341,Moderado
-0.877,88.0,0.0,14.587776,Moderado
-0.07699999,83.0,0.0,17.114204,Moderado
2.073,73.0,0.0,20.431387,Moderado
4.573,61.0,0.0,28.08923,Alto
5.2229996,63.0,0.1,27.397867,Alto
5.773,64.0,0.1,24.546085,Alto
6.773,52.0,0.0,27.047956,Alto
6.9230003,52.0,0.0,25.984917,Alto
7.123,50.0,0.0,24.648829,Alto
6.623,57.0,0.0,21.24305,Alto
5.9729996,63.0,0.0,16.595179,Moderado
5.073,68.0,0.0,11.043261,Moderado
4.073,77.0,0.0,7.491114,Bajo
3.723,86.0,0.1,5.2416787,Bajo
3.273,89.0,0.1,6.9153743,Bajo
3.673,90.0,0.2,9.585739,Bajo
3.873,92.0,0.2,8.942214,Bajo
4.023,93.0,0.5,9.726664,Bajo
4.223,87.0,2.3,18.0036,Bajo
4.373,89.0,1.2,9.449572,Bajo
4.523,90.0,0.1,6.6087217,Bajo
4.773,89.0,0.0,11.183201,Bajo
5.123,85.0,0.0,22.530937,Moderado
4.4729996,85.0,0.0,20.523157,Moderado
4.123,88.0,0.0,18.25026,Moderado
4.223,88.0,0.0,16.45007,Moderado
5.123,83.0,0.0,19.829433,Moderado
5.773,78.0,0.1,21.897945,Moderado
6.773,69.0,0.0,21.96295,Moderado
7.823,61.0,0.0,21.322214,Moderado
8.473,58.0,0.0,21.746502,Alto
8.323,61.0,0.1,23.400002,Alto
8.023,62.0,0.0,22.086521,Alto
7.523,65.0,0.0,19.770523,Moderado
6.073,75.0,0.7,19.64558,Moderado
4.223,67.0,0.0,19.93048,Moderado
3.223,72.0,0.0,13.5515,Moderado
2.1729999,77.0,0.0,8.759178,Bajo
1.973,74.0,0.0,15.158522,Moderado
1.373,62.0,0.0,20.163212,Moderado
0.823,63.0,0.0,14.404499,Moderado
0.373,65.0,0.0,9.255571,Moderado
0.223,67.0,0.0,6.9153743,Bajo
-0.527,72.0,0.0,6.830519,Bajo
-1.177,78.0,0.0,6.28713,Bajo
-1.227,80.0,0.0,5.0911684,Bajo
-1.227,82.0,0.0,4.3349743,Bajo
-1.277,84.0,0.0,3.319036,Bajo
-1.377,86.0,0.1,2.5959969,Bajo
-1.577,86.0,0.0,3.6179552,Bajo
0.823,80.0,0.0,3.6179552,Bajo
3.573,66.0,0.0,8.209263,Bajo
4.223,61.0,0.1,13.397612,Moderado
5.123,49.0,0.0,15.315873,Moderado
5.4230003,43.0,0.0,16.746773,Moderado
5.623,37.0,0.0,17.287498,Moderado
5.4230003,36.0,0.0,17.87718,Alto
5.1730003,37.0,0.0,15.716793,Moderado
4.7229996,40.0,0.0,12.641076,Moderado
3.323,50.0,0.0,7.729527,Moderado
1.523,63.0,0.0,5.6002855,Bajo
0.873,70.0,0.0,6.151683,Bajo
0.323,75.0,0.0,5.506941,Bajo
-0.02700001,77.0,0.0,5.506941,Bajo
-0.37699997,78.0,0.0,5.5887027,Bajo
-0.527,79.0,0.0,6.2145634,Bajo
-0.727,82.0,0.0,6.87779,Bajo
-0.727,81.0,0.0,6.924738,Bajo
-1.077,81.0,0.0,6.924738,Bajo
-1.227,81.0,0.0,6.519877,Bajo
-1.377,82.0,0.0,6.519877,Bajo
-1.527,84.0,0.0,6.162207,Bajo
-1.677,86.0,0.0,5.4119864,Bajo
-1.077,83.0,0.0,5.04,Bajo
1.123,77.0,0.0,4.68,Bajo
3.873,65.0,0.0,6.849467,Bajo
5.873,57.0,0.0,9.885262,Moderado
7.1730003,53.0,0.0,10.041354,Moderado
8.123,50.0,0.0,9.449572,Moderado
9.172999,45.0,0.0,4.896529,Moderado
9.373,46.0,0.0,4.5536795,Bajo
9.172999,47.0,0.0,3.9763298,Bajo
8.672999,49.0,0.0,3.6179552,Bajo
7.373,60.0,0.0,2.8799999,Bajo
5.773,67.0,0.0,2.6208394,Bajo
4.073,77.0,0.0,2.9024127,Bajo
3.473,81.0,0.0,1.8,Bajo
2.823,85.0,0.0,2.16,Bajo
2.073,88.0,0.0,1.08,Bajo
1.173,93.0,0.0,1.4399999,Bajo
0.223,98.0,0.0,1.609969,Bajo
-0.577,100.0,0.0,2.2768397,Bajo
-0.977,100.0,0.0,2.6208394,Bajo
-1.677,100.0,0.0,2.1897945,Bajo
-2.177,100.0,0.0,2.16,Bajo
-2.827,100.0,0.0,2.1897945,Bajo
-2.977,100.0,0.0,2.1897945,Bajo
-2.527,100.0,0.0,2.9024127,Bajo
-1.627,100.0,0.0,1.9386592,Bajo
0.673,89.0,0.0,1.2979984,Bajo
3.123,79.0,0.0,1.609969,Bajo
4.873,70.0,0.0,2.968636,Bajo
5.9729996,65.0,0.0,4.5536795,Bajo
8.173,57.0,0.0,6.638072,Bajo
8.473,56.0,0.0,6.3690495,Bajo
8.623,55.0,0.0,6.1094027,Bajo
8.373,56.0,0.0,6.439876,Bajo
7.1730003,65.0,0.0,5.506941,Bajo
5.9230003,72.0,0.0,4.2136917,Bajo
5.2229996,79.0,0.0,4.379589,Bajo
4.6730003,81.0,0.0,4.0249224,Bajo
4.7229996,81.0,0.0,4.2136917,Bajo
4.823,80.0,0.0,4.896529,Bajo
4.9729996,81.0,0.1,5.4477882,Bajo
4.823,83.0,0.1,4.802999,Bajo
4.7229996,90.0,0.1,3.96,Bajo
4.6730003,90.0,0.0,4.0249224,Bajo
4.6730003,91.0,0.0,2.968636,Bajo
4.773,91.0,0.0,2.968636,Bajo
4.9230003,90.0,0.0,2.8799999,Bajo
5.023,90.0,0.1,2.9024127,Bajo
4.823,94.0,0.0,2.5455842,Bajo
5.823,91.0,0.0,3.6179552,Bajo
6.373,89.0,0.2,3.2399998,Bajo
7.4729996,86.0,0.0,4.452954,Bajo
8.523,81.0,0.0,4.6800003,Bajo
10.422999,76.0,0.0,7.208994,Bajo
12.422999,68.0,0.0,2.16,Bajo
13.373,68.0,0.0,5.0142193,Bajo
13.723,68.0,0.0,3.5455887,Bajo
13.373,75.0,0.0,1.8,Bajo
12.473,77.0,0.0,1.609969,Bajo
11.823,76.0,0.0,2.4149535,Bajo
10.873,79.0,0.0,2.5959969,Bajo
10.373,79.0,0.0,2.5455842,Bajo
9.773,82.0,0.0,3.0758414,Bajo
9.073,86.0,0.0,2.8116899,Bajo
8.373,89.0,0.0,2.0991426,Bajo
7.573,92.0,0.0,3.9763298,Bajo
7.023,93.0,0.0,4.3349743,Bajo
6.573,94.0,0.0,4.379589,Bajo
6.023,94.0,0.0,4.1046314,Bajo
5.6730003,94.0,0.0,3.8939953,Bajo
5.4729996,94.0,0.0,4.198285,Bajo
5.073,94.0,0.0,4.1046314,Bajo
5.123,94.0,0.0,4.3349743,Bajo
6.623,91.0,0.0,3.319036,Bajo
8.223,85.0,0.0,4.0249224,Bajo
8.773,87.0,0.6,3.9763298,Bajo
9.773,86.0,0.1,4.1046314,Bajo
11.573,81.0,0.0,1.8,Bajo
13.223,77.0,0.0,2.52,Bajo
14.073,76.0,0.0,4.6102495,Bajo
14.523,79.0,0.0,6.9527545,Bajo
14.623,77.0,0.0,7.0911775,Bajo
12.973,79.0,0.2,8.557102,Bajo
11.672999,86.0,0.3,6.193674,Bajo
10.773,90.0,0.2,3.7064266,Bajo
10.073,92.0,0.2,3.671294,Bajo
9.723,93.0,0.4,2.2768397,Bajo
9.723,92.0,0.5,1.8,Bajo
9.373,94.0,0.7,2.5455842,Bajo
8.973,97.0,0.5,4.3498964,Bajo
8.523,96.0,0.0,4.6102495,Bajo
7.573,97.0,0.0,5.3999996,Bajo
7.7229996,96.0,0.0,5.1165614,Bajo
7.773,96.0,0.0,3.8939953,Bajo
7.4729996,95.0,0.0,1.484318,Bajo
6.9230003,96.0,0.0,2.0991426,Bajo
6.373,96.0,0.0,2.4149535,Bajo
7.873,96.0,0.0,3.7585104,Bajo
10.773,89.0,0.0,5.3517847,Bajo
12.672999,83.0,0.0,10.028439,Bajo
14.573,70.0,0.0,19.829433,Moderado
14.672999,66.0,0.0,24.94413,Alto
14.672999,45.0,0.0,25.952478,Alto
13.723,47.0,0.0,27.345785,Alto
12.823,53.0,0.0,25.849905,Alto
12.073,56.0,0.0,16.563911,Moderado
10.922999,63.0,0.0,9.47012,Moderado
9.773,69.0,0.0,6.6087217,Bajo
9.023,73.0,0.0,5.634891,Bajo
8.723,75.0,0.1,5.1919937,Bajo
8.773,77.0,0.0,5.4119864,Bajo
8.873,78.0,0.0,5.937272,Bajo
8.973,80.0,0.0,6.0347,Bajo
9.073,81.0,0.0,5.634891,Bajo
8.223,82.0,0.0,3.7064266,Bajo
7.4729996,86.0,0.0,3.319036,Bajo
6.9729996,87.0,0.0,3.96,Bajo
6.873,87.0,0.0,5.154415,Bajo
6.773,87.0,0.0,5.5887027,Bajo
7.023,82.0,0.0,6.151683,Bajo
6.6730003,85.0,0.0,6.130579,Bajo
7.873,81.0,0.0,5.8048253,Bajo
9.623,73.0,0.0,8.311245,Bajo
10.973,66.0,0.0,9.504273,Moderado
12.223,58.0,0.0,12.397806,Moderado
12.973,55.0,0.0,11.113451,Moderado
13.773,54.0,0.0,9.178235,Moderado
14.123,54.0,0.0,5.495161,Bajo
14.523,55.0,0.0,7.172949,Moderado
13.823,60.0,0.0,10.948973,Moderado
11.373,72.0,0.0,9.387651,Bajo
9.573,83.0,0.0,8.4042845,Bajo
8.123,84.0,0.0,9.028754,Bajo
7.773,84.0,0.0,9.6932955,Bajo
7.023,85.0,0.0,10.390226,Bajo
6.573,88.0,0.0,10.24578,Bajo
5.9729996,92.0,0.0,10.028439,Bajo
5.823,93.0,0.0,10.144082,Bajo
5.2229996,93.0,0.0,9.021574,Bajo
4.9729996,95.0,0.0,7.491114,Bajo
4.323,97.0,0.0,5.8603754,Bajo
3.873,97.0,0.0,4.5536795,Bajo
3.173,99.0,0.0,2.8116899,Bajo
2.373,100.0,0.0,2.7416782,Bajo
2.923,99.0,0.0,2.0364676,Bajo
4.323,95.0,0.0,2.52,Bajo
7.4230003,86.0,0.0,5.1544156,Bajo
9.373,78.0,0.0,7.42159,Bajo
11.723,65.0,0.0,9.605998,Moderado
14.573,54.0,0.0,17.902534,Moderado
15.373,48.0,0.0,25.96496,Alto
14.523,53.0,0.0,27.504095,Alto
14.023,55.0,0.0,24.1388,Alto
13.123,60.0,0.0,22.734219,Alto
11.623,66.0,0.0,20.240196,Moderado
9.373,51.0,0.0,25.929996,Alto
7.9729996,64.0,0.0,25.959969,Alto
6.773,63.0,0.0,22.065973,Moderado
5.9230003,66.0,0.0,16.24394,Moderado
5.1730003,71.0,0.0,15.484185,Moderado
5.023,74.0,0.0,16.327497,Moderado
5.523,76.0,0.0,18.94024,Moderado
5.123,78.0,0.0,19.09358,Moderado
5.023,69.0,0.0,24.490587,Alto
4.4729996,67.0,0.0,24.490587,Alto
3.873,72.0,0.0,20.523155,Moderado
3.273,77.0,0.0,16.520823,Moderado
2.673,82.0,0.0,15.137133,Moderado
3.123,80.0,0.0,18.218275,Moderado
4.7229996,75.0,0.0,19.05281,Moderado
6.523,68.0,0.0,21.188072,Moderado
7.9230003,59.0,0.0,20.991426,Moderado
8.723,53.0,0.0,18.861387,Moderado
9.223,51.0,0.0,16.343367,Moderado
9.773,47.0,0.0,16.700275,Moderado
9.973,46.0,0.0,15.119999,Moderado
9.823,47.0,0.0,13.363711,Moderado
9.223,52.0,0.0,10.661107,Moderado
7.4230003,63.0,0.0,6.792466,Bajo
5.573,71.0,0.0,5.6233797,Bajo
4.323,72.0,0.0,3.6,Bajo
3.373,75.0,0.0,2.5455842,Bajo
1.973,81.0,0.0,2.7416782,Bajo
0.973,84.0,0.0,3.7585104,Bajo
1.073,82.0,0.0,2.5455842,Bajo
1.073,82.0,0.0,2.9024127,Bajo
-0.227,90.0,0.0,4.0249224,Bajo
-0.77699995,93.0,0.0,3.8939953,Bajo
-1.327,95.0,0.0,3.319036,Bajo
-1.577,96.0,0.0,3.6,Bajo
-1.627,96.0,0.0,3.0547013,Bajo
-1.777,97.0,0.0,3.8939953,Bajo
-1.777,99.0,0.0,3.319036,Bajo
-0.427,94.0,0.0,3.096837,Bajo
3.123,81.0,0.0,1.8,Bajo
4.9729996,74.0,0.0,1.08,Bajo
5.9230003,71.0,0.1,1.9386592,Bajo
6.6730003,70.0,0.1,4.68,Bajo
7.1730003,67.0,0.0,3.4152596,Bajo
7.4729996,68.0,0.0,6.28713,Bajo
7.823,70.0,0.0,8.647496,Bajo
8.073,73.0,0.0,10.08,Moderado
7.4230003,78.0,0.0,11.304229,Moderado
6.373,84.0,0.0,12.979984,Moderado
5.573,90.0,0.0,13.1041975,Bajo
5.623,88.0,0.1,15.484185,Moderado
5.9230003,89.0,0.1,17.76081,Moderado
6.023,90.0,0.1,18.899143,Moderado
5.9729996,92.0,0.0,17.76081,Moderado
5.873,92.0,0.0,16.62249,Moderado
6.323,90.0,0.0,18.331741,Moderado
6.323,91.0,0.0,17.462782,Moderado
6.4729996,92.0,0.0,17.771753,Moderado
6.6730003,81.0,0.0,20.478907,Moderado
5.373,70.0,0.0,20.929596,Moderado
4.123,71.0,0.0,23.157824,Moderado
3.873,70.0,0.0,22.007162,Moderado
4.623,63.0,0.0,23.068108,Alto
5.6730003,56.0,0.0,25.14852,Alto
6.4729996,52.0,0.0,25.294964,Alto
6.9729996,49.0,0.0,24.95452,Alto
7.2229996,47.0,0.0,24.826954,Alto
7.273,43.0,0.0,26.925497,Alto
7.2229996,43.0,0.0,25.49908,Alto
6.623,46.0,0.0,23.358423,Alto
5.773,50.0,0.0,19.523155,Moderado
4.4230003,56.0,0.0,15.281989,Moderado
3.173,64.0,0.0,12.371645,Moderado
2.323,71.0,0.0,13.722565,Moderado
1.723,75.0,0.0,12.287555,Moderado
1.573,75.0,0.0,10.464798,Bajo
1.073,79.0,0.0,9.007196,Bajo
0.623,82.0,0.0,8.287822,Bajo
0.273,85.0,0.0,7.5599995,Bajo
-0.17699999,86.0,0.0,6.12,Bajo
-0.227,87.0,0.0,5.771239,Bajo
-0.17699999,86.0,0.0,5.506941,Bajo
-0.527,88.0,0.0,5.506941,Bajo
-0.77699995,89.0,0.0,5.4477882,Bajo
-0.92700005,90.0,0.0,5.3999996,Bajo
-0.977,89.0,0.0,5.1544156,Bajo
0.473,84.0,0.0,4.6938252,Bajo
3.373,72.0,0.0,6.849467,Bajo
5.823,64.0,0.0,9.422101,Moderado
7.323,59.0,0.0,8.766573,Moderado
8.373,57.0,0.0,6.12,Bajo
9.623,54.0,0.0,6.28713,Bajo
9.773,54.0,0.0,4.896529,Bajo
9.672999,55.0,0.0,5.6920996,Bajo
9.073,59.0,0.0,4.5536795,Bajo
7.123,70.0,0.0,3.671294,Bajo
5.073,80.0,0.0,3.671294,Bajo
3.373,90.0,0.0,4.6938252,Bajo
2.1230001,95.0,0.0,3.671294,Bajo
0.923,100.0,0.0,2.968636,Bajo
0.523,100.0,0.0,3.219938,Bajo
0.323,100.0,0.0,3.6,Bajo
0.273,100.0,0.0,3.6,Bajo
-0.677,100.0,0.0,3.563818,Bajo
-0.77699995,100.0,0.0,3.319036,Bajo
-1.527,100.0,0.0,2.5455842,Bajo
-2.277,100.0,0.0,2.5455842,Bajo
-2.127,100.0,0.0,3.096837,Bajo
-2.727,100.0,0.0,2.9024127,Bajo
-3.277,100.0,0.0,2.1897945,Bajo
-2.877,100.0,0.0,2.16,Bajo
-1.377,100.0,0.0,1.484318,Bajo
2.423,84.0,0.0,0.35999998,Bajo
6.2229996,69.0,0.0,3.6,Bajo
7.873,65.0,0.0,4.5536795,Bajo
8.823,61.0,0.0,6.989936,Bajo
9.172999,59.0,0.0,6.638072,Bajo
9.073,60.0,0.0,6.193674,Bajo
8.523,63.0,0.0,4.6102495,Bajo
6.623,74.0,0.0,3.6179552,Bajo
4.573,83.0,0.0,4.379589,Bajo
2.773,88.0,0.0,3.8268526,Bajo
0.973,95.0,0.0,3.8268526,Bajo
-0.07699999,98.0,0.0,2.8116899,Bajo
-0.527,100.0,0.0,1.484318,Bajo
-0.427,100.0,0.0,1.2979984,Bajo
-0.477,100.0,0.0,2.0364676,Bajo
-0.17699999,100.0,0.0,0.8049845,Bajo
-0.37699997,100.0,0.0,0.8049845,Bajo
-1.327,100.0,0.0,1.2979984,Bajo
-2.127,100.0,0.0,1.5273507,Bajo
-3.027,100.0,0.0,1.609969,Bajo
-3.527,100.0,0.0,1.484318,Bajo
-3.327,100.0,0.0,2.6208394,Bajo
-2.627,100.0,0.0,1.835647,Bajo
-0.977,100.0,0.0,0.71999997,Bajo
1.073,95.0,0.0,0.71999997,Bajo
3.923,83.0,0.0,1.835647,Bajo
6.4230003,77.0,0.0,4.3498964,Bajo
7.1730003,75.0,0.0,6.9899354,Bajo
8.273,78.0,0.0,8.707238,Bajo
8.973,80.0,0.0,8.534353,Bajo
8.623,83.0,0.0,9.178235,Bajo
7.7229996,89.0,0.0,7.42159,Bajo
7.073,94.0,0.0,8.049845,Bajo
6.373,95.0,0.0,8.707238,Bajo
6.1730003,96.0,0.0,7.69592,Bajo
6.023,96.0,0.0,7.072878,Bajo
5.9230003,97.0,0.0,6.6185193,Bajo
5.9230003,97.0,0.0,6.12,Bajo
5.9729996,97.0,0.0,6.6087217,Bajo
6.4729996,96.0,0.0,6.989936,Bajo
6.623,97.0,0.0,7.5942082,Bajo
6.773,97.0,0.0,7.9036193,Bajo
6.9230003,98.0,0.0,8.089993,Bajo
7.073,98.0,0.0,8.209263,Bajo
7.273,98.0,0.0,8.350138,Bajo
7.773,97.0,0.0,9.114471,Bajo
8.073,96.0,0.0,9.346143,Bajo
8.623,93.0,0.0,9.504273,Bajo
9.573,86.0,0.0,10.464797,Bajo
10.172999,83.0,0.0,10.587918,Bajo
10.273,82.0,0.0,9.885262,Bajo
10.323,82.0,0.0,8.707237,Bajo
10.422999,83.0,0.0,7.7043357,Bajo
10.323,84.0,0.0,8.587338,Bajo
9.823,88.0,0.0,8.311245,Bajo
9.123,94.0,0.0,6.924738,Bajo
8.723,96.0,0.0,5.04,Bajo
8.323,97.0,0.0,4.802999,Bajo
8.123,98.0,0.0,4.3498964,Bajo
7.9729996,98.0,0.0,3.8939953,Bajo
7.873,98.0,0.1,3.319036,Bajo
7.823,98.0,0.0,2.9024127,Bajo
7.773,98.0,0.0,3.6179552,Bajo
7.7229996,98.0,0.0,2.968636,Bajo
7.6730003,98.0,0.0,2.5455842,Bajo
7.623,97.0,0.0,2.6208394,Bajo
7.2229996,98.0,0.0,2.9024127,Bajo
6.9729996,98.0,0.0,3.563818,Bajo
6.773,98.0,0.0,4.1046314,Bajo
7.023,97.0,0.0,4.6102495,Bajo
7.623,95.0,0.0,4.8433046,Bajo
9.023,90.0,0.0,6.618519,Bajo
10.223,85.0,0.0,8.404285,Bajo
10.823,80.0,0.0,8.404285,Bajo
11.323,76.0,0.0,8.404285,Bajo
12.073,71.0,0.0,10.703569,Moderado
12.323,68.0,0.0,10.009036,Moderado
12.223,68.0,0.0,11.113451,Moderado
11.172999,72.0,0.0,12.224107,Moderado
9.623,80.0,0.0,11.212135,Moderado
8.323,83.0,0.0,10.08,Bajo
6.823,84.0,0.0,14.764389,Moderado
6.4230003,84.0,0.0,14.154915,Moderado
6.073,87.0,0.0,15.905319,Moderado
5.7229996,89.0,0.0,15.905319,Moderado
5.7229996,90.0,0.0,18.751125,Moderado
5.9230003,87.0,0.0,19.443333,Moderado
5.273,84.0,0.0,20.275383,Moderado
4.873,86.0,0.0,20.06334,Moderado
4.573,88.0,0.0,19.296133,Moderado
4.523,91.0,0.0,18.64369,Moderado
4.7229996,92.0,0.0,18.0,Moderado
4.823,89.0,0.0,18.25026,Moderado
4.073,88.0,0.0,13.450708,Moderado
5.1730003,83.0,0.0,15.596767,Moderado
6.823,77.0,0.0,18.947083,Moderado
8.523,70.0,0.0,24.387177,Alto
9.223,67.0,0.0,26.758923,Alto
9.973,64.0,0.0,27.645092,Alto
10.672999,64.0,0.0,27.419146,Alto
10.922999,62.0,0.0,31.32207,Alto
10.672999,65.0,0.0,28.137634,Alto
9.922999,71.0,0.0,25.567604,Alto
9.172999,71.0,0.0,23.441502,Moderado
8.623,75.0,0.0,21.758419,Moderado
8.073,75.0,0.0,19.386593,Moderado
7.573,78.0,0.0,18.720001,Moderado
7.373,81.0,0.0,17.782688,Moderado
7.2229996,82.0,0.0,17.654688,Moderado
6.873,85.0,0.0,16.055353,Moderado
6.523,87.0,0.0,15.281989,Moderado
5.6730003,92.0,0.0,14.917212,Moderado
5.273,93.0,0.0,13.708391,Bajo
5.073,92.0,0.0,13.37825,Bajo
4.9230003,93.0,0.0,12.7279215,Bajo
5.123,91.0,0.0,11.923557,Bajo
5.073,90.0,0.0,11.269782,Bajo
4.623,90.0,0.0,9.028754,Bajo
5.9230003,85.0,0.0,9.904906,Bajo
7.7229996,79.0,0.0,10.390226,Bajo
9.223,73.0,0.0,11.792404,Moderado
10.273,68.0,0.0,12.224107,Moderado
10.473,67.0,0.0,12.864649,Moderado
10.672999,66.0,0.0,11.304229,Moderado
10.223,69.0,0.0,10.233123,Moderado
9.773,71.0,0.1,8.161764,Bajo
9.023,77.0,0.1,4.5536795,Bajo
8.123,83.0,0.2,4.1046314,Bajo
7.323,88.0,0.2,5.154415,Bajo
6.4230003,90.0,0.0,6.28713,Bajo
6.1730003,91.0,0.0,6.9899354,Bajo
5.873,93.0,0.0,6.849467,Bajo
5.773,95.0,0.0,6.162207,Bajo
5.573,97.0,0.0,5.2416787,Bajo
5.323,98.0,0.0,3.396233,Bajo
5.4230003,98.0,0.0,6.0347,Bajo
5.4729996,98.0,0.0,5.8603754,Bajo
5.123,99.0,0.0,5.771239,Bajo
4.9729996,99.0,0.0,5.7599998,Bajo
4.773,99.0,0.0,6.4799995,Bajo
4.623,98.0,0.0,6.519877,Bajo
5.6730003,98.0,0.0,11.792404,Bajo
6.1730003,96.0,0.0,13.450708,Bajo
7.273,93.0,0.0,15.463244,Moderado
8.672999,89.0,0.0,18.844202,Moderado
9.973,83.0,0.0,17.873556,Moderado
10.123,82.0,0.1,15.856354,Moderado
9.873,85.0,1.0,13.044722,Bajo
9.473,89.0,0.7,8.161764,Bajo
9.123,93.0,1.2,4.6102495,Bajo
8.823,95.0,0.7,3.7585104,Bajo
8.523,95.0,0.1,2.3051248,Bajo
8.273,95.0,0.0,7.0911775,Bajo
7.9729996,93.0,0.0,12.313893,Bajo
7.873,90.0,0.0,20.478907,Moderado
7.273,83.0,0.0,26.661882,Alto
6.873,79.0,0.0,28.266306,Alto
5.7229996,70.0,0.0,28.883131,Alto
4.9729996,72.0,0.0,26.168804,Alto
4.573,76.0,0.0,18.36353,Moderado
3.623,82.0,0.0,15.111424,Moderado
3.023,87.0,0.0,14.345898,Moderado
2.773,89.0,0.0,14.689589,Moderado
2.623,90.0,0.0,14.587776,Moderado
2.623,89.0,0.0,14.05845,Moderado
2.423,89.0,0.0,12.181625,Bajo
3.473,85.0,0.0,13.450708,Moderado
5.323,77.0,0.0,16.24394,Moderado
6.9729996,70.0,0.0,19.881649,Moderado
8.123,64.0,0.0,20.929596,Moderado
8.823,61.0,0.0,20.418695,Moderado
9.523,57.0,0.0,21.313093,Alto
9.373,60.0,0.0,17.698677,Moderado
9.123,63.0,0.0,15.546833,Moderado
8.173,69.0,0.0,12.144331,Moderado
6.523,78.0,0.0,9.178235,Bajo
5.4230003,83.0,0.0,7.4128532,Bajo
4.223,85.0,0.0,6.28713,Bajo
3.573,87.0,0.0,5.95906,Bajo
3.073,88.0,0.0,5.634891,Bajo
2.673,89.0,0.0,4.829907,Bajo
2.273,90.0,0.0,4.0249224,Bajo
2.1230001,90.0,0.0,2.4149535,Bajo
1.473,92.0,0.0,1.2979984,Bajo
0.923,95.0,0.0,0.8049845,Bajo
-0.07699999,100.0,0.0,2.6208394,Bajo
-0.527,100.0,0.0,3.671294,Bajo
-1.027,100.0,0.0,4.5536795,Bajo
-1.227,100.0,0.0,5.634891,Bajo
-1.227,100.0,0.0,5.904439,Bajo
-0.627,100.0,0.0,5.991594,Bajo
1.673,92.0,0.0,6.28713,Bajo
4.7229996,84.0,0.0,9.531505,Bajo
7.2229996,80.0,0.0,15.629972,Moderado
9.123,66.0,0.0,21.67487,Moderado
9.723,64.0,0.0,25.992401,Alto
9.573,68.0,0.0,22.065973,Moderado
9.023,75.0,0.0,20.969807,Moderado
8.223,83.0,0.0,17.713316,Moderado
7.6730003,89.0,0.0,10.805998,Bajo
7.4230003,90.0,0.0,6.9899354,Bajo
7.2229996,88.0,0.1,5.8048253,Bajo
6.6730003,90.0,0.1,4.8433046,Bajo
6.123,91.0,0.1,7.42159,Bajo
5.273,93.0,0.0,12.413476,Bajo
4.823,90.0,0.0,18.079027,Moderado
4.373,87.0,0.0,19.296133,Moderado
3.773,85.0,0.0,18.057508,Moderado
2.973,89.0,0.0,14.332341,Moderado
2.423,89.0,0.0,12.181625,Bajo
2.1729999,91.0,0.0,10.787993,Bajo
2.1729999,92.0,0.0,9.693296,Bajo
2.1729999,92.0,0.0,9.0,Bajo
2.373,90.0,0.0,8.714677,Bajo
3.673,86.0,0.0,9.885262,Bajo
5.273,80.0,0.0,10.296251,Bajo
6.9230003,72.0,0.0,11.457958,Moderado
7.823,66.0,0.0,12.738099,Moderado
7.9230003,66.0,0.0,14.264361,Moderado
7.773,73.0,0.1,11.304229,Moderado
7.573,70.0,0.3,13.246826,Bajo
7.123,74.0,0.7,5.991594,Bajo
6.6730003,80.0,0.5,7.289445,Bajo
6.323,86.0,0.6,9.107359,Bajo
6.373,79.0,0.5,9.6932955,Bajo
5.623,86.0,0.6,7.6367526,Bajo
5.4729996,88.0,0.5,6.6087217,Bajo
5.273,90.0,0.2,4.6938252,Bajo
5.073,93.0,0.3,4.198285,Bajo
4.9729996,94.0,0.1,4.198285,Bajo
4.9729996,94.0,0.3,4.198285,Bajo
4.7229996,97.0,0.4,5.8603754,Bajo
4.823,97.0,0.1,5.6233797,Bajo
4.7229996,98.0,0.1,5.8603754,Bajo
4.6730003,98.0,0.1,6.1305785,Bajo
4.6730003,98.0,0.1,6.193674,Bajo
4.9230003,98.0,0.1,5.8603754,Bajo
5.623,97.0,0.4,8.942214,Bajo
6.323,95.0,0.1,11.440979,Bajo
7.523,93.0,0.0,13.358861,Bajo
8.373,91.0,0.0,15.188415,Moderado
9.672999,86.0,0.0,11.165805,Bajo
10.523,84.0,0.0,11.5199995,Bajo
11.273,84.0,0.0,12.964998,Moderado
11.223,84.0,0.0,11.525623,Bajo
10.773,87.0,0.0,11.440978,Bajo
9.823,91.0,0.0,8.766573,Bajo
8.623,95.0,0.0,5.904439,Bajo
7.6730003,96.0,0.0,6.9153743,Bajo
6.823,96.0,0.0,6.1094027,Bajo
6.1730003,96.0,0.0,3.4152596,Bajo
5.773,97.0,0.0,3.6,Bajo
5.373,97.0,0.0,2.7416782,Bajo
5.573,96.0,0.0,0.71999997,Bajo
5.7229996,97.0,0.0,2.9024127,Bajo
6.073,99.0,0.1,3.7585104,Bajo
6.4230003,90.0,0.4,10.799999,Bajo
5.6730003,89.0,0.9,12.6462,Bajo
5.523,91.0,1.9,11.770403,Bajo
5.9729996,91.0,2.1,13.237038,Bajo
5.7229996,87.0,1.7,12.594856,Bajo
5.273,88.0,0.8,10.990322,Bajo
5.073,88.0,0.5,10.195057,Bajo
5.273,87.0,0.6,10.195057,Bajo
5.7229996,85.0,0.8,11.457958,Bajo
6.073,84.0,0.9,10.691453,Bajo
6.373,81.0,0.9,10.948973,Bajo
6.7229996,76.0,0.3,12.599998,Bajo
6.9230003,75.0,0.1,12.031756,Moderado
6.773,73.0,0.1,12.287555,Moderado
6.123,74.0,0.0,12.245293,Moderado
5.1730003,76.0,0.0,12.413476,Moderado
4.573,76.0,0.0,14.685176,Moderado
3.873,77.0,0.0,14.113653,Moderado
3.073,77.0,0.0,11.5199995,Moderado
2.923,76.0,0.0,9.746631,Bajo
2.523,77.0,0.0,7.9932976,Bajo
2.273,79.0,0.0,7.2805495,Bajo
2.623,77.0,0.0,10.594036,Bajo
2.1729999,82.0,0.2,12.074766,Bajo
2.423,85.0,0.0,13.493999,Moderado
2.723,88.0,0.0,16.575644,Moderado
3.523,88.0,0.0,22.505037,Moderado
3.973,76.0,0.0,27.887802,Alto
3.673,64.0,0.0,27.820337,Alto
3.023,70.0,0.0,24.967499,Alto
3.273,70.0,0.0,24.490587,Alto
4.223,69.0,0.0,25.582806,Alto
5.373,62.0,0.0,27.288855,Alto
6.073,56.0,0.0,28.829233,Alto
6.373,53.0,0.0,28.802248,Alto
6.373,54.0,0.0,30.853073,Alto
6.123,54.0,0.0,29.144438,Alto
5.4729996,55.0,0.0,27.792374,Alto
4.573,58.0,0.0,24.288662,Alto
3.573,64.0,0.0,21.647945,Moderado
2.873,70.0,0.0,19.829433,Moderado
2.1729999,75.0,0.0,18.448023,Moderado
1.673,79.0,0.0,16.394829,Moderado
1.023,85.0,0.0,14.84318,Moderado
0.573,88.0,0.0,13.905509,Moderado
0.673,88.0,0.0,12.55879,Bajo
0.923,90.0,0.0,11.298495,Bajo
1.473,96.0,0.0,12.24,Bajo
1.873,95.0,0.0,10.966713,Bajo
2.623,93.0,0.0,10.163227,Bajo
3.073,91.0,0.1,10.144082,Bajo
3.473,92.0,0.1,9.178235,Bajo
3.673,94.0,0.0,8.654986,Bajo
4.123,94.0,0.0,9.565437,Bajo
4.573,94.0,0.0,11.27553,Bajo
5.773,92.0,0.0,13.358861,Bajo
7.273,90.0,0.0,16.171976,Moderado
8.672999,88.0,0.0,17.462782,Moderado
9.672999,84.0,0.0,21.749481,Moderado
10.523,70.0,0.0,30.018473,Alto
9.922999,68.0,0.0,29.574827,Alto
9.523,70.0,0.0,25.050413,Alto
9.172999,72.0,0.0,21.841648,Moderado
8.773,76.0,0.0,19.386591,Moderado
8.623,78.0,0.0,20.620806,Moderado
9.073,73.0,0.0,17.811815,Moderado
8.773,73.0,0.0,17.31746,Moderado
8.323,78.0,0.0,15.807239,Moderado
8.223,78.0,0.0,18.359999,Moderado
8.123,80.0,0.0,21.659916,Moderado
8.823,78.0,0.0,27.103,Alto
8.823,77.0,0.0,24.703976,Alto
8.873,79.0,0.0,24.280659,Moderado
8.773,82.0,0.0,24.031178,Moderado
8.523,86.0,0.0,22.366402,Moderado
7.7229996,72.0,0.1,23.143827,Moderado
6.7229996,67.0,0.0,16.575644,Moderado
5.9230003,83.0,0.0,12.682018,Moderado
5.7229996,84.0,0.0,10.739833,Bajo
6.623,81.0,0.0,9.565437,Bajo
7.773,72.0,0.0,9.693296,Bajo
8.523,66.0,0.0,8.854829,Moderado
9.073,71.0,0.0,7.9932966,Bajo
9.623,73.0,0.0,7.9526596,Bajo
9.573,74.0,0.0,7.928178,Bajo
8.773,87.0,0.8,8.089993,Bajo
8.623,90.0,0.9,10.853866,Bajo
8.672999,84.0,0.5,13.397612,Bajo
8.223,86.0,0.4,11.165805,Bajo
7.823,89.0,0.6,4.6938252,Bajo
7.623,91.0,0.6,5.3999996,Bajo
7.6730003,90.0,0.3,6.28713,Bajo
7.6730003,87.0,0.3,5.3999996,Bajo
7.4729996,88.0,0.3,4.6938252,Bajo
7.273,90.0,0.2,3.7585104,Bajo
6.1730003,91.0,0.0,3.396233,Bajo
5.623,91.0,0.0,1.835647,Bajo
5.323,89.0,0.0,4.1046314,Bajo
4.523,90.0,0.0,5.8603754,Bajo
4.573,90.0,0.0,7.9932966,Bajo
4.773,87.0,0.0,9.511088,Bajo
4.223,89.0,0.0,8.0899935,Bajo
4.9230003,88.0,0.0,9.826088,Bajo
6.323,85.0,0.0,12.10157,Bajo
7.9230003,80.0,0.0,15.629971,Moderado
8.922999,70.0,0.0,19.296133,Moderado
9.422999,62.0,0.0,18.129137,Moderado
9.922999,56.0,0.0,19.829433,Moderado
9.773,59.0,0.0,16.563911,Moderado
9.223,64.0,0.0,11.659777,Moderado
7.823,73.0,0.0,5.815978,Bajo
6.523,79.0,0.0,3.096837,Bajo
5.623,82.0,0.0,3.219938,Bajo
5.2229996,82.0,0.0,2.8799999,Bajo
4.4729996,85.0,0.0,2.52,Bajo
3.923,86.0,0.0,2.1897945,Bajo
3.473,88.0,0.0,2.3051248,Bajo
2.323,92.0,0.0,3.219938,Bajo
1.773,94.0,0.0,3.6179552,Bajo
1.173,95.0,0.0,4.072935,Bajo
0.873,96.0,0.0,3.6,Bajo
1.173,96.0,0.0,4.198285,Bajo
1.723,94.0,0.1,4.8965297,Bajo
1.973,93.0,0.1,5.3999996,Bajo
2.323,92.0,0.0,6.193674,Bajo
2.473,90.0,0.0,6.6087217,Bajo
3.323,90.0,0.0,6.6087217,Bajo
4.9729996,87.0,0.0,7.5685663,Bajo
6.573,85.0,0.0,9.449572,Bajo
8.173,84.0,0.0,9.028754,Bajo
10.123,75.0,0.0,8.39657,Bajo
10.123,78.0,0.0,6.830519,Bajo
10.773,71.0,0.0,5.692099,Bajo
10.223,76.0,0.0,4.5820518,Bajo
9.223,82.0,0.0,2.7416782,Bajo
8.422999,86.0,0.0,2.4149535,Bajo
7.573,90.0,0.1,2.0364676,Bajo
6.373,95.0,0.0,2.9024127,Bajo
6.073,96.0,0.1,2.2768397,Bajo
5.573,97.0,0.0,1.609969,Bajo
5.273,98.0,0.0,1.9386592,Bajo
4.223,100.0,0.0,4.3498964,Bajo
3.323,100.0,0.0,3.2599385,Bajo
2.773,100.0,0.0,3.2399998,Bajo
2.323,100.0,0.0,2.968636,Bajo
1.623,100.0,0.0,2.8116899,Bajo
0.573,100.0,0.0,2.0991426,Bajo
-0.07699999,100.0,0.0,1.8,Bajo
0.073,100.0,0.0,2.7416782,Bajo
0.122999996,100.0,0.0,3.7064266,Bajo
1.023,100.0,0.0,2.6208394,Bajo
2.373,100.0,0.0,2.9024127,Bajo
4.4230003,95.0,0.0,5.154415,Bajo
5.9729996,91.0,0.0,7.729527,Bajo
7.523,87.0,0.0,11.631956,Bajo
7.573,87.0,0.0,15.042659,Moderado
7.573,86.0,0.0,14.654254,Moderado
7.323,88.0,0.0,14.182355,Moderado
6.9729996,89.0,0.0,14.003029,Moderado
6.6730003,88.0,0.0,14.372974,Moderado
6.373,88.0,0.0,13.217443,Moderado
6.023,91.0,0.0,12.387348,Bajo
5.9230003,92.0,0.0,10.086427,Bajo
5.823,92.0,0.0,9.19939,Bajo
5.773,93.0,0.0,8.049845,Bajo
5.773,94.0,0.0,6.989936,Bajo
5.823,95.0,0.1,5.3999996,Bajo
5.4729996,95.0,0.1,7.386582,Bajo
5.573,95.0,0.0,5.904439,Bajo
5.573,94.0,0.0,4.6938252,Bajo
5.523,95.0,0.0,3.319036,Bajo
5.4729996,96.0,0.1,3.096837,Bajo
5.4230003,96.0,0.0,2.0364676,Bajo
4.9729996,96.0,0.0,0.8049845,Bajo
5.073,95.0,0.0,0.71999997,Bajo
5.4230003,96.0,0.0,1.835647,Bajo
6.1730003,92.0,0.0,3.319036,Bajo
7.023,87.0,0.0,3.319036,Bajo
7.6730003,86.0,0.0,3.6,Bajo
8.123,79.0,0.0,5.0142193,Bajo
8.223,79.0,0.0,5.4477882,Bajo
7.9230003,78.0,0.0,3.6,Bajo
7.123,85.0,0.0,2.52,Bajo
6.123,89.0,0.0,2.968636,Bajo
5.023,93.0,0.0,2.7416782,Bajo
4.1730003,97.0,0.0,2.1897945,Bajo
4.323,96.0,0.1,1.08,Bajo
4.1730003,98.0,0.7,2.8116899,Bajo
4.023,99.0,0.5,2.968636,Bajo
4.073,99.0,0.6,3.319036,Bajo
4.373,96.0,0.1,7.491114,Bajo
5.573,96.0,0.0,18.584509,Moderado
4.823,76.0,0.0,24.144165,Moderado
4.4729996,75.0,0.0,25.56,Alto
4.4729996,71.0,0.0,27.359999,Alto
3.973,72.0,0.0,28.820242,Alto
3.473,75.0,0.0,30.344814,Alto
3.023,81.0,0.0,24.967499,Moderado
2.923,81.0,0.0,24.387177,Moderado
3.773,79.0,0.0,24.74329,Moderado
4.823,73.0,0.0,27.193705,Alto
5.773,65.0,0.0,24.546085,Alto
6.2229996,61.0,0.0,24.187069,Alto
5.9729996,62.0,0.0,22.461807,Alto
5.4729996,64.0,0.0,22.065973,Moderado
4.773,70.0,0.0,20.991426,Moderado
3.823,73.0,0.0,21.26744,Moderado
3.023,72.0,0.0,21.26744,Moderado
2.373,77.0,0.0,20.633371,Moderado
1.673,80.0,0.0,18.709612,Moderado
1.373,81.0,0.0,20.06334,Moderado
1.073,82.0,0.0,18.709612,Moderado
0.973,84.0,0.0,17.114204,Moderado
0.973,85.0,0.0,17.418196,Moderado
1.073,84.0,0.0,17.76081,Moderado
0.723,86.0,0.0,16.904673,Moderado
1.023,89.0,0.0,17.551615,Moderado
1.673,90.0,0.0,17.917007,Moderado
2.523,89.0,0.0,21.933426,Moderado
3.223,86.0,0.0,25.744402,Moderado
3.623,87.0,0.0,29.144438,Alto
3.973,83.0,0.0,29.07989,Alto
4.4729996,77.0,0.0,29.655787,Alto
5.323,73.0,0.0,29.237675,Alto
6.1730003,71.0,0.0,32.527744,Alto
7.073,67.0,0.0,29.16,Alto
7.623,64.0,0.0,28.449112,Alto
7.523,63.0,0.0,36.40453,Muy alto
7.373,64.0,0.0,32.431984,Alto
6.823,66.0,0.0,27.595823,Alto
5.773,72.0,0.0,21.129883,Moderado
4.4729996,80.0,0.0,16.45007,Moderado
3.573,86.0,0.0,14.512064,Moderado
3.173,88.0,0.0,16.575644,Moderado
2.823,85.0,0.0,13.392774,Moderado
2.673,82.0,0.0,10.990322,Bajo
1.873,87.0,0.0,7.0911775,Bajo
1.223,90.0,0.0,6.12,Bajo
1.273,91.0,0.0,3.9763298,Bajo
0.373,93.0,0.0,5.2416787,Bajo
-0.227,96.0,0.0,4.5536795,Bajo
-0.627,98.0,0.0,4.0249224,Bajo
-0.877,99.0,0.0,2.9024127,Bajo
-1.177,99.0,0.0,3.6,Bajo
-1.277,100.0,0.0,3.4152596,Bajo
-1.727,100.0,0.0,3.7064266,Bajo
-1.527,99.0,0.0,3.319036,Bajo
-0.77699995,99.0,0.0,1.8,Bajo
0.923,94.0,0.0,0.5091169,Bajo
2.673,86.0,0.0,0.8049845,Bajo
3.823,81.0,0.0,2.8116899,Bajo
5.6730003,78.0,0.0,5.1919937,Bajo
6.073,73.0,0.0,7.42159,Bajo
5.523,78.0,0.0,7.6367526,Bajo
3.673,88.0,0.0,6.9899354,Bajo
1.773,93.0,0.0,6.638072,Bajo
0.873,96.0,0.0,6.9527545,Bajo
0.823,99.0,0.0,7.729527,Bajo
1.023,99.0,0.0,8.942214,Bajo
2.023,93.0,0.0,11.753876,Bajo
2.1230001,93.0,0.0,13.276144,Bajo
2.573,93.0,0.0,14.4,Moderado
2.723,94.0,0.0,14.386494,Moderado
3.173,93.0,0.0,17.414474,Moderado
3.273,93.0,0.0,17.414474,Moderado
3.423,93.0,0.0,17.673029,Moderado
3.623,92.0,0.0,19.734436,Moderado
3.623,91.0,0.0,21.028437,Moderado
3.523,91.0,0.0,21.533897,Moderado
3.873,89.0,0.0,22.180206,Moderado
4.223,86.0,0.0,24.27265,Moderado
4.773,83.0,0.0,27.558228,Alto
5.273,82.0,0.0,29.268686,Alto
5.623,81.0,0.1,29.76484,Alto
5.623,82.0,0.1,29.853966,Alto
5.6730003,82.0,0.2,31.485083,Moderado
5.6730003,80.0,0.2,34.01762,Alto
5.4230003,78.0,0.1,34.71341,Alto
5.2229996,76.0,0.0,33.971867,Alto
5.023,75.0,0.1,32.726357,Alto
4.823,75.0,0.0,30.760519,Alto
3.773,73.0,0.0,29.964457,Alto
3.373,74.0,0.0,28.00837,Alto
3.023,74.0,0.0,23.617756,Moderado
2.973,73.0,0.0,20.304129,Moderado
2.773,68.0,0.0,22.545315,Moderado
2.223,67.0,0.0,20.188908,Moderado
2.023,70.0,0.0,17.148247,Moderado
1.523,70.0,0.0,15.03835,Moderado
1.123,72.0,0.0,11.212135,Moderado
0.723,76.0,0.0,10.195057,Bajo
0.373,76.0,0.0,6.696387,Bajo
0.023000002,77.0,0.0,3.8939953,Bajo
0.223,78.0,0.0,1.484318,Bajo
0.122999996,79.0,0.0,2.3051248,Bajo
0.873,81.0,0.0,3.319036,Bajo
2.523,69.0,0.0,5.00128,Bajo
3.523,59.0,0.0,7.42159,Bajo
3.923,56.0,0.0,8.404285,Moderado
4.1730003,56.0,0.0,6.489992,Bajo
4.073,56.0,0.0,4.0249224,Bajo
3.723,57.0,0.0,2.5959969,Bajo
2.873,65.0,0.0,2.5455842,Bajo
1.573,72.0,0.0,3.5455887,Bajo
0.723,77.0,0.0,4.0249224,Bajo
0.423,78.0,0.0,4.829907,Bajo
0.373,79.0,0.0,4.6800003,Bajo
0.423,78.0,0.0,4.829907,Bajo
0.373,78.0,0.0,5.692099,Bajo
0.373,77.0,0.0,6.1094027,Bajo
0.223,77.0,0.0,5.0911684,Bajo
-0.17699999,78.0,0.0,4.1046314,Bajo
-0.32700002,78.0,0.0,3.219938,Bajo
-0.427,77.0,0.0,1.9386592,Bajo
-0.37699997,76.0,0.0,1.1384199,Bajo
-0.277,76.0,0.0,1.835647,Bajo
-0.977,81.0,0.0,3.96,Bajo
-1.677,86.0,0.0,5.815978,Bajo
-1.427,87.0,0.0,5.4833565,Bajo
-0.527,84.0,0.0,5.815978,Bajo
1.123,79.0,0.0,6.5693827,Bajo
2.573,78.0,0.0,9.007196,Bajo
3.323,80.0,0.0,9.746631,Bajo
4.323,82.0,0.1,9.227524,Bajo
5.023,82.0,0.1,13.276144,Moderado
4.9230003,76.0,0.0,16.904673,Moderado
4.623,82.0,0.0,15.349684,Moderado
4.323,86.0,0.0,14.565548,Moderado
4.273,87.0,0.1,14.84318,Moderado
4.4729996,85.0,0.1,13.891522,Moderado
4.573,87.0,0.2,13.397612,Bajo
4.623,87.0,0.1,12.783802,Bajo
4.6730003,88.0,0.0,12.594856,Bajo
4.373,91.0,0.0,10.464797,Bajo
4.4230003,93.0,0.0,9.360001,Bajo
3.973,94.0,0.1,7.69592,Bajo
4.023,95.0,0.2,4.452954,Bajo
3.973,95.0,0.3,1.1384199,Bajo
3.773,95.0,0.2,4.5536795,Bajo
3.573,94.0,0.1,5.8048253,Bajo
3.023,95.0,0.0,7.8625183,Bajo
2.873,94.0,0.0,9.178235,Bajo
2.873,94.0,0.0,11.525623,Bajo
3.873,90.0,0.0,13.849476,Moderado
5.523,83.0,0.0,17.015474,Moderado
6.9230003,75.0,0.0,21.746504,Moderado
7.623,70.0,0.0,20.674158,Moderado
7.873,61.0,0.0,22.881956,Alto
7.4230003,61.0,0.0,20.833395,Moderado
6.7229996,65.0,0.0,16.93531,Moderado
5.273,74.0,0.0,12.429127,Moderado
4.1730003,83.0,0.0,9.6932955,Bajo
3.273,87.0,0.0,6.830519,Bajo
2.623,89.0,0.0,5.154415,Bajo
2.373,91.0,0.0,5.3517847,Bajo
2.373,90.0,0.0,2.9024127,Bajo
2.473,88.0,0.0,1.08,Bajo
2.523,87.0,0.0,0.5091169,Bajo
2.373,87.0,0.0,1.835647,Bajo
0.473,97.0,0.0,4.6938252,Bajo
-0.227,99.0,0.0,4.3349743,Bajo
-0.277,99.0,0.0,5.2416787,Bajo
-0.02700001,97.0,0.0,5.506941,Bajo
0.17300001,96.0,0.0,5.315336,Bajo
0.423,95.0,0.0,6.9527545,Bajo
0.823,96.0,0.0,6.4096174,Bajo
1.173,96.0,0.0,6.3690495,Bajo
2.573,94.0,0.0,6.1305785,Bajo
4.4230003,88.0,0.0,8.707237,Bajo
5.073,87.0,0.0,11.298495,Bajo
5.523,88.0,0.0,11.792404,Bajo
6.623,89.0,0.2,8.766573,Bajo
6.4729996,93.0,1.4,8.28,Bajo
6.323,96.0,0.9,4.6102495,Bajo
6.023,97.0,0.7,6.28713,Bajo
5.573,97.0,0.0,4.379589,Bajo
5.4230003,95.0,0.0,1.1384199,Bajo
4.773,98.0,0.0,2.9024127,Bajo
4.523,97.0,0.1,4.2136917,Bajo
4.1730003,96.0,0.0,7.172949,Bajo
4.9729996,96.0,0.0,10.636766,Bajo
5.023,96.0,0.0,13.584932,Bajo
5.4230003,93.0,0.3,18.792551,Bajo
5.2229996,90.0,0.0,19.06301,Moderado
4.623,86.0,0.0,19.416653,Moderado
4.323,86.0,0.0,19.06301,Moderado
3.873,89.0,0.0,17.654686,Moderado
3.623,92.0,0.0,16.179985,Moderado
3.573,90.0,0.0,16.1198,Moderado
4.273,87.0,0.0,19.523155,Moderado
4.4729996,87.0,0.0,18.1041,Moderado
5.323,85.0,0.0,16.24394,Moderado
6.523,81.0,0.0,16.071491,Moderado
7.773,75.0,0.0,16.981165,Moderado
8.723,69.0,0.0,18.472595,Moderado
9.373,62.0,0.0,21.710716,Moderado
8.773,64.0,0.0,21.166653,Moderado
8.173,63.0,0.0,17.87718,Moderado
7.123,64.0,0.0,10.182337,Moderado
6.2229996,66.0,0.0,5.815978,Bajo
4.873,72.0,0.0,5.8603754,Bajo
3.123,81.0,0.0,6.638072,Bajo
2.523,83.0,0.0,7.6367526,Bajo
2.723,84.0,0.0,8.350138,Bajo
3.173,89.0,0.0,9.114471,Bajo
3.773,90.0,0.0,9.47012,Bajo
4.023,91.0,0.0,7.69592,Bajo
2.773,96.0,0.0,6.696387,Bajo
3.273,96.0,0.5,8.905908,Bajo
4.4729996,95.0,0.3,12.245294,Bajo
5.073,95.0,0.0,7.342588,Bajo
5.323,91.0,0.6,4.8965297,Bajo
6.4230003,79.0,0.1,11.609651,Moderado
7.6730003,66.0,0.0,15.530151,Moderado
7.6730003,61.0,0.0,19.694992,Moderado
7.523,63.0,0.0,18.193361,Moderado
7.873,57.0,0.0,19.483284,Moderado
8.073,54.0,0.0,20.724247,Alto
8.223,52.0,0.0,21.407139,Alto
8.323,46.0,0.0,25.620771,Alto
7.773,53.0,0.0,21.611996,Alto
7.073,59.0,0.0,20.304129,Moderado
6.323,64.0,0.1,19.373219,Moderado
5.7229996,68.0,0.0,21.313093,Moderado
5.2229996,69.0,0.0,19.67195,Moderado
4.323,77.0,0.0,14.689588,Moderado
3.823,79.0,0.0,13.608762,Moderado
3.223,83.0,0.0,11.753876,Bajo
2.673,87.0,0.0,10.182337,Bajo
2.523,86.0,0.0,10.44,Bajo
2.1230001,87.0,0.0,7.7043357,Bajo
1.023,90.0,0.0,4.68,Bajo
0.473,91.0,0.0,4.198285,Bajo
-0.07699999,92.0,0.0,4.0249224,Bajo
-0.127,92.0,0.0,3.9763298,Bajo
0.273,88.0,0.0,4.379589,Bajo
0.823,84.0,0.0,4.510787,Bajo
0.023000002,94.0,0.0,3.8268526,Bajo
-0.32700002,97.0,0.0,5.315336,Bajo
0.673,94.0,0.0,5.634891,Bajo
3.223,88.0,0.0,7.0911775,Bajo
5.373,85.0,0.0,7.208994,Bajo
7.4230003,74.0,0.0,8.913181,Bajo
8.473,68.0,0.0,10.00256,Moderado
8.073,70.0,0.0,7.9932966,Bajo
7.123,76.0,0.0,5.692099,Bajo
5.523,87.0,0.0,5.771239,Bajo
4.573,93.0,0.0,5.4477882,Bajo
3.923,95.0,0.0,5.2416787,Bajo
3.023,95.0,0.0,5.1919937,Bajo
2.723,96.0,0.0,4.8433046,Bajo
2.523,96.0,0.1,4.3349743,Bajo
2.373,97.0,0.1,3.7064266,Bajo
2.373,97.0,0.1,2.0991426,Bajo
2.323,98.0,0.5,2.7416782,Bajo
1.323,100.0,0.0,3.0758414,Bajo
1.623,97.0,0.0,5.2416787,Bajo
3.973,89.0,0.1,21.188072,Moderado
4.273,72.0,0.0,27.086262,Alto
3.823,70.0,0.0,26.642431,Alto
3.223,74.0,0.0,23.857979,Moderado
2.1729999,81.0,0.0,19.562946,Moderado
2.1230001,82.0,0.0,19.694992,Moderado
3.073,79.0,0.0,18.792551,Moderado
4.373,72.0,0.0,24.1388,Alto
5.123,69.0,0.0,24.248613,Alto
5.573,68.0,0.0,22.768398,Moderado
5.7229996,67.0,0.0,22.314194,Moderado
5.4729996,71.0,0.0,17.25373,Moderado
5.023,78.0,0.0,12.229406,Moderado
3.973,85.0,0.0,9.255571,Bajo
3.723,86.0,0.0,11.159999,Bajo
4.373,79.0,0.2,13.493999,Bajo
4.273,77.0,0.2,12.313894,Bajo
4.073,80.0,0.2,12.682018,Bajo
4.373,83.0,0.6,12.096214,Bajo
5.023,86.0,0.8,12.096214,Bajo
5.273,86.0,0.4,9.826088,Bajo
5.4230003,86.0,0.5,8.089993,Bajo
4.9729996,88.0,0.2,7.9932976,Bajo
4.523,90.0,0.6,5.3517847,Bajo
4.373,91.0,0.6,2.8116899,Bajo
2.923,96.0,0.0,2.7416782,Bajo
2.1230001,98.0,0.0,1.8,Bajo
2.623,93.0,0.0,5.0911684,Bajo
3.073,89.0,0.9,1.8,Bajo
5.323,83.0,1.7,24.023088,Moderado
5.073,75.0,0.5,41.065254,Alto
4.223,77.0,0.8,39.96162,Alto
4.273,72.0,0.5,39.966484,Alto
4.573,69.0,0.1,41.041576,Muy alto
4.023,74.0,0.0,48.961323,Muy alto
3.873,74.0,0.2,47.521362,Muy alto
3.723,74.0,0.1,45.770992,Muy alto
3.723,70.0,0.0,40.192837,Muy alto
3.673,67.0,0.0,35.64182,Muy alto
3.273,67.0,0.0,33.87062,Alto
2.823,72.0,0.0,36.376038,Alto
2.423,78.0,0.0,32.957207,Alto
2.1729999,79.0,0.0,30.811037,Alto
2.023,80.0,0.0,28.357857,Alto
1.823,80.0,0.0,24.442911,Moderado
1.423,83.0,0.0,19.562946,Moderado
0.623,87.0,0.0,15.7908325,Moderado
0.373,89.0,0.0,14.81259,Moderado
0.073,91.0,0.0,12.72283,Bajo
0.122999996,89.0,0.0,10.137692,Bajo
-0.227,90.0,0.0,7.42159,Bajo
-0.727,93.0,0.0,5.495161,Bajo
-1.377,98.0,0.0,4.6102495,Bajo
-1.377,99.0,0.0,4.3349743,Bajo
-0.427,97.0,0.0,3.8268526,Bajo
1.723,88.0,0.0,6.4096174,Bajo
3.123,81.0,0.0,11.631956,Bajo
4.073,73.0,0.0,15.893093,Moderado
4.323,68.0,0.0,20.163212,Moderado
4.023,66.0,0.0,18.359999,Moderado
3.323,67.0,0.0,14.417988,Moderado
1.723,78.0,0.0,9.605998,Bajo
0.923,83.0,0.0,8.766573,Bajo
0.423,85.0,0.0,8.427383,Bajo
-0.527,93.0,0.0,6.638072,Bajo
-1.077,94.0,0.0,6.162207,Bajo
-1.627,96.0,0.0,5.8048253,Bajo
-1.927,96.0,0.0,5.506941,Bajo
-2.277,97.0,0.0,5.0911684,Bajo
-2.627,97.0,0.0,3.96,Bajo
-3.527,100.0,0.0,3.0758414,Bajo
-3.577,99.0,0.0,2.8799999,Bajo
-3.877,100.0,0.0,2.5455842,Bajo
-4.427,100.0,0.0,3.0547013,Bajo
-4.5769997,100.0,0.0,1.5273507,Bajo
-4.8269997,100.0,0.0,3.0758414,Bajo
-4.8269997,100.0,0.0,3.2599385,Bajo
-4.727,100.0,0.0,3.0758414,Bajo
-3.827,99.0,0.0,2.4149535,Bajo
-1.8770001,91.0,0.0,2.0364676,Bajo
0.573,83.0,0.0,2.3051248,Bajo
2.1729999,74.0,0.0,2.9024127,Bajo
2.973,66.0,0.0,7.928178,Bajo
2.773,68.0,0.0,7.968939,Bajo
1.623,77.0,0.0,5.6233797,Bajo
0.423,83.0,0.0,5.8603754,Bajo
-0.477,85.0,0.0,6.792466,Bajo
-0.92700005,84.0,0.0,7.10031,Bajo
-1.527,85.0,0.0,6.9247384,Bajo
-1.927,84.0,0.0,6.9527545,Bajo
-2.227,83.0,0.0,6.830519,Bajo
-2.527,84.0,0.0,7.342588,Bajo
-2.527,83.0,0.0,8.287822,Bajo
-2.427,82.0,0.0,8.311245,Bajo
-2.227,78.0,0.0,7.928178,Bajo
-2.127,79.0,0.0,7.92,Bajo
-2.177,81.0,0.0,7.928178,Bajo
-2.077,82.0,0.0,8.647496,Bajo
-1.627,80.0,0.0,11.183201,Bajo
-1.577,82.0,0.0,9.47012,Bajo
-1.8770001,82.0,0.0,10.538843,Bajo
-1.627,81.0,0.0,10.105681,Bajo
-0.577,76.0,0.0,10.799999,Bajo
0.673,74.0,0.0,11.542478,Moderado
2.073,70.0,0.0,13.698934,Moderado
3.073,64.0,0.0,14.658676,Moderado
3.873,50.0,0.0,15.580141,Moderado
3.123,54.0,0.0,13.397612,Moderado
2.1729999,61.0,0.0,8.669949,Moderado
1.373,65.0,0.0,8.534353,Bajo
0.823,66.0,0.0,9.565437,Moderado
0.523,69.0,0.0,9.178235,Bajo
-0.127,72.0,0.0,10.823973,Moderado
-0.477,72.0,0.0,12.144331,Moderado
-0.477,74.0,0.0,12.57426,Moderado
-0.527,73.0,0.0,13.276144,Moderado
-0.37699997,68.0,0.0,14.84318,Moderado
-0.277,70.0,0.0,14.934577,Moderado
0.17300001,70.0,0.0,16.516901,Moderado
0.223,71.0,0.0,17.555305,Moderado
0.373,70.0,0.0,17.782688,Moderado
0.473,68.0,0.0,15.646544,Moderado
0.473,67.0,0.0,14.372974,Moderado
0.523,67.0,0.0,13.570615,Moderado
1.223,63.0,0.0,14.118243,Moderado
1.073,70.0,0.0,12.904882,Moderado
1.273,71.0,0.0,12.181624,Moderado
1.873,68.0,0.0,13.004922,Moderado
2.823,55.0,0.0,16.904673,Moderado
3.073,49.0,0.0,17.873554,Moderado
2.673,49.0,0.0,18.35647,Moderado
2.473,51.0,0.0,15.034041,Moderado
1.923,54.0,0.0,11.770403,Moderado
1.273,59.0,0.0,8.209263,Moderado
0.923,62.0,0.0,6.9153743,Bajo
0.423,65.0,0.0,6.297428,Bajo
-0.02700001,70.0,0.0,4.198285,Bajo
-0.227,72.0,0.0,3.563818,Bajo
-0.427,73.0,0.0,3.8773184,Bajo
-0.727,74.0,0.0,3.4152596,Bajo
-1.077,74.0,0.0,2.6208394,Bajo
-1.327,74.0,0.0,2.16,Bajo
-1.577,70.0,0.0,0.8049845,Bajo
-1.677,70.0,0.0,0.5091169,Bajo
-2.277,73.0,0.0,0.35999998,Bajo
-2.977,77.0,0.0,1.08,Bajo
-3.527,81.0,0.0,1.8,Bajo
-3.9269998,86.0,0.0,2.5455842,Bajo
-3.177,86.0,0.0,2.5959969,Bajo
-3.577,90.0,0.0,2.4149535,Bajo
-3.327,92.0,0.0,1.8,Bajo
-1.977,86.0,0.0,1.2979984,Bajo
-0.07699999,75.0,0.0,2.9024127,Bajo
1.123,65.0,0.0,4.3349743,Bajo
2.023,57.0,0.0,5.8048253,Bajo
2.073,57.0,0.0,5.4477882,Bajo
1.323,63.0,0.0,3.2599385,Bajo
0.623,68.0,0.0,2.2768397,Bajo
0.073,69.0,0.0,1.609969,Bajo
-0.427,70.0,0.0,1.8,Bajo
-2.077,78.0,0.0,2.0991426,Bajo
-2.527,80.0,0.0,1.609969,Bajo
-3.227,85.0,0.0,1.5273507,Bajo
-4.227,91.0,0.0,1.0182338,Bajo
-4.927,95.0,0.0,0.0,Bajo
-5.0270004,94.0,0.0,1.1384199,Bajo
-5.377,96.0,0.0,1.8,Bajo
-5.7770004,96.0,0.0,3.2599385,Bajo
-6.3269997,96.0,0.0,2.9024127,Bajo
-6.2770004,94.0,0.0,1.8,Bajo
-6.2770004,93.0,0.0,2.1897945,Bajo
-6.377,93.0,0.0,2.0991426,Bajo
-6.677,91.0,0.0,3.0758414,Bajo
-6.377,91.0,0.0,1.609969,Bajo
-5.627,88.0,0.0,2.1897945,Bajo
-3.7770002,82.0,0.0,1.2979984,Bajo
-1.427,76.0,0.0,1.484318,Bajo
-0.17699999,69.0,0.0,3.4152596,Bajo
0.873,65.0,0.0,3.5455887,Bajo
1.023,66.0,0.0,4.1046314,Bajo
0.623,70.0,0.0,4.5536795,Bajo
-0.427,78.0,0.0,4.0249224,Bajo
-1.327,84.0,0.0,3.5455887,Bajo
-1.8269999,88.0,0.0,3.8268526,Bajo
-2.227,91.0,0.0,4.1046314,Bajo
-2.177,92.0,0.0,3.8268526,Bajo
-2.027,92.0,0.0,2.9024127,Bajo
